2026-05-05 14:31:56,430 - sentence_transformers.SentenceTransformer - INFO - Load pretrained SentenceTransformer: C:\Users\freedom\Desktop\专业\模型\bge-base-zh-v1.5
2026-05-05 14:31:56,706 - sentence_transformers.SentenceTransformer - INFO - Use pytorch device_name: cpu
2026-05-05 14:31:57,333 - sentence_transformers.SentenceTransformer - INFO - Load pretrained SentenceTransformer: C:\Users\freedom\Desktop\专业\模型\bge-base-zh-v1.5
2026-05-05 14:31:57,728 - sentence_transformers.SentenceTransformer - INFO - Use pytorch device_name: cpu
2026-05-05 14:32:27,900 - sentence_transformers.SentenceTransformer - INFO - Load pretrained SentenceTransformer: C:\Users\freedom\Desktop\专业\模型\bge-base-zh-v1.5
2026-05-05 14:32:28,181 - sentence_transformers.SentenceTransformer - INFO - Use pytorch device_name: cpu
2026-05-05 14:32:28,673 - sentence_transformers.SentenceTransformer - INFO - Load pretrained SentenceTransformer: C:\Users\freedom\Desktop\专业\模型\bge-base-zh-v1.5
2026-05-05 14:32:28,957 - sentence_transformers.SentenceTransformer - INFO - Use pytorch device_name: cpu
2026-05-05 14:33:48,444 - sentence_transformers.SentenceTransformer - INFO - Load pretrained SentenceTransformer: C:\Users\freedom\Desktop\专业\模型\bge-base-zh-v1.5
2026-05-05 14:33:48,723 - sentence_transformers.SentenceTransformer - INFO - Use pytorch device_name: cpu
2026-05-05 14:33:49,206 - sentence_transformers.SentenceTransformer - INFO - Load pretrained SentenceTransformer: C:\Users\freedom\Desktop\专业\模型\bge-base-zh-v1.5
2026-05-05 14:33:49,482 - sentence_transformers.SentenceTransformer - INFO - Use pytorch device_name: cpu
2026-05-05 14:35:53,149 - sentence_transformers.SentenceTransformer - INFO - Load pretrained SentenceTransformer: C:\Users\freedom\Desktop\专业\模型\bge-base-zh-v1.5
2026-05-05 14:35:53,424 - sentence_transformers.SentenceTransformer - INFO - Use pytorch device_name: cpu
2026-05-05 14:35:53,928 - sentence_transformers.SentenceTransformer - INFO - Load pretrained SentenceTransformer: C:\Users\freedom\Desktop\专业\模型\bge-base-zh-v1.5
2026-05-05 14:35:54,230 - sentence_transformers.SentenceTransformer - INFO - Use pytorch device_name: cpu
2026-05-05 14:43:46,747 - sentence_transformers.SentenceTransformer - INFO - Load pretrained SentenceTransformer: C:\Users\freedom\Desktop\专业\模型\bge-base-zh-v1.5
2026-05-05 14:43:47,055 - sentence_transformers.SentenceTransformer - INFO - Use pytorch device_name: cpu
2026-05-05 14:43:47,064 - app.core.rag - INFO - 成功初始化向量化模型
2026-05-05 14:43:47,064 - app.core.rag - INFO - 成功初始化在线大模型
2026-05-05 14:43:47,065 - app.core.rag - INFO - 成功初始化大模型
2026-05-05 14:43:47,065 - app.core.rag - INFO - 知识库目录: C:\Users\freedom\Desktop\多角色聊天机器人\app\knowledge\data
2026-05-05 14:43:47,406 - app.core.rag - WARNING - 知识片段清洗后为空，已跳过。来源: 中华人民共和国国务院组织法.docx
2026-05-05 14:43:47,406 - app.core.rag - WARNING - 知识片段清洗后为空，已跳过。来源: 中华人民共和国妇女权益保护法.docx
2026-05-05 14:43:47,406 - app.core.rag - WARNING - 知识片段清洗后为空，已跳过。来源: 中华人民共和国妇女权益保护法.docx
2026-05-05 14:43:47,407 - app.core.rag - WARNING - 知识片段清洗后为空，已跳过。来源: 中华人民共和国妇女权益保护法.docx
2026-05-05 14:43:47,407 - app.core.rag - WARNING - 知识片段清洗后为空，已跳过。来源: 中华人民共和国妇女权益保护法.docx
2026-05-05 14:43:47,408 - app.core.rag - WARNING - 知识片段清洗后为空，已跳过。来源: 中华人民共和国妇女权益保护法.docx
2026-05-05 14:43:47,408 - app.core.rag - WARNING - 知识片段清洗后为空，已跳过。来源: 中华人民共和国宪法.docx
2026-05-05 14:43:47,408 - app.core.rag - WARNING - 知识片段清洗后为空，已跳过。来源: 中华人民共和国宪法.docx
2026-05-05 14:43:47,408 - app.core.rag - WARNING - 知识片段清洗后为空，已跳过。来源: 中华人民共和国宪法.docx
2026-05-05 14:43:47,408 - app.core.rag - WARNING - 知识片段清洗后为空，已跳过。来源: 中华人民共和国宪法.docx
2026-05-05 14:43:47,410 - app.core.rag - WARNING - 知识片段清洗后为空，已跳过。来源: 中华人民共和国宪法.docx
2026-05-05 14:43:47,410 - app.core.rag - WARNING - 知识片段清洗后为空，已跳过。来源: 中华人民共和国宪法.docx
2026-05-05 14:43:47,410 - app.core.rag - WARNING - 知识片段清洗后为空，已跳过。来源: 中华人民共和国宪法.docx
2026-05-05 14:43:47,411 - app.core.rag - WARNING - 知识片段清洗后为空，已跳过。来源: 中华人民共和国宪法.docx
2026-05-05 14:43:47,411 - app.core.rag - WARNING - 知识片段清洗后为空，已跳过。来源: 中华人民共和国宪法.docx
2026-05-05 14:43:47,411 - app.core.rag - WARNING - 知识片段清洗后为空，已跳过。来源: 中华人民共和国宪法.docx
2026-05-05 14:43:47,411 - app.core.rag - WARNING - 知识片段清洗后为空，已跳过。来源: 中华人民共和国宪法.docx
2026-05-05 14:43:47,412 - app.core.rag - WARNING - 知识片段清洗后为空，已跳过。来源: 中华人民共和国宪法.docx
2026-05-05 14:43:47,412 - app.core.rag - WARNING - 知识片段清洗后为空，已跳过。来源: 中华人民共和国宪法.docx
2026-05-05 14:43:47,412 - app.core.rag - WARNING - 知识片段清洗后为空，已跳过。来源: 中华人民共和国宪法.docx
2026-05-05 14:43:47,412 - app.core.rag - WARNING - 知识片段清洗后为空，已跳过。来源: 中华人民共和国宪法.docx
2026-05-05 14:43:47,412 - app.core.rag - WARNING - 知识片段清洗后为空，已跳过。来源: 中华人民共和国宪法.docx
2026-05-05 14:43:47,413 - app.core.rag - WARNING - 知识片段清洗后为空，已跳过。来源: 中华人民共和国宪法.docx
2026-05-05 14:43:47,413 - app.core.rag - WARNING - 知识片段清洗后为空，已跳过。来源: 中华人民共和国宪法.docx
2026-05-05 14:43:47,413 - app.core.rag - WARNING - 知识片段清洗后为空，已跳过。来源: 中华人民共和国宪法.docx
2026-05-05 14:43:47,413 - app.core.rag - WARNING - 知识片段清洗后为空，已跳过。来源: 中华人民共和国宪法.docx
2026-05-05 14:43:47,413 - app.core.rag - WARNING - 知识片段清洗后为空，已跳过。来源: 中华人民共和国宪法.docx
2026-05-05 14:43:47,413 - app.core.rag - WARNING - 知识片段清洗后为空，已跳过。来源: 中华人民共和国宪法.docx
2026-05-05 14:43:47,414 - app.core.rag - WARNING - 知识片段清洗后为空，已跳过。来源: 中华人民共和国宪法.docx
2026-05-05 14:43:47,414 - app.core.rag - WARNING - 知识片段清洗后为空，已跳过。来源: 中华人民共和国工会法.docx
2026-05-05 14:43:47,414 - app.core.rag - WARNING - 知识片段清洗后为空，已跳过。来源: 中华人民共和国工会法.docx
2026-05-05 14:43:47,415 - app.core.rag - WARNING - 知识片段清洗后为空，已跳过。来源: 中华人民共和国工会法.docx
2026-05-05 14:43:47,415 - app.core.rag - WARNING - 知识片段清洗后为空，已跳过。来源: 中华人民共和国工会法.docx
2026-05-05 14:43:47,415 - app.core.rag - WARNING - 知识片段清洗后为空，已跳过。来源: 中华人民共和国工会法.docx
2026-05-05 14:43:47,415 - app.core.rag - WARNING - 知识片段清洗后为空，已跳过。来源: 中华人民共和国工会法.docx
2026-05-05 14:43:47,415 - app.core.rag - WARNING - 知识片段清洗后为空，已跳过。来源: 中华人民共和国工会法.docx
2026-05-05 14:43:47,416 - app.core.rag - WARNING - 知识片段清洗后为空，已跳过。来源: 中华人民共和国未成年人保护法.docx
2026-05-05 14:43:47,416 - app.core.rag - WARNING - 知识片段清洗后为空，已跳过。来源: 中华人民共和国未成年人保护法.docx
2026-05-05 14:43:47,416 - app.core.rag - WARNING - 知识片段清洗后为空，已跳过。来源: 中华人民共和国未成年人保护法.docx
2026-05-05 14:43:47,416 - app.core.rag - WARNING - 知识片段清洗后为空，已跳过。来源: 中华人民共和国未成年人保护法.docx
2026-05-05 14:43:47,416 - app.core.rag - WARNING - 知识片段清洗后为空，已跳过。来源: 中华人民共和国未成年人保护法.docx
2026-05-05 14:43:47,417 - app.core.rag - WARNING - 知识片段清洗后为空，已跳过。来源: 中华人民共和国未成年人保护法.docx
2026-05-05 14:43:47,417 - app.core.rag - WARNING - 知识片段清洗后为空，已跳过。来源: 中华人民共和国未成年人保护法.docx
2026-05-05 14:43:47,417 - app.core.rag - WARNING - 知识片段清洗后为空，已跳过。来源: 中华人民共和国未成年人保护法.docx
2026-05-05 14:43:47,417 - app.core.rag - WARNING - 知识片段清洗后为空，已跳过。来源: 中华人民共和国民法典_20200528.docx
2026-05-05 14:43:47,418 - app.core.rag - WARNING - 知识片段清洗后为空，已跳过。来源: 中华人民共和国民法典_20200528.docx
2026-05-05 14:43:47,418 - app.core.rag - WARNING - 知识片段清洗后为空，已跳过。来源: 中华人民共和国民法典_20200528.docx
2026-05-05 14:43:47,418 - app.core.rag - WARNING - 知识片段清洗后为空，已跳过。来源: 中华人民共和国民法典_20200528.docx
2026-05-05 14:43:47,418 - app.core.rag - WARNING - 知识片段清洗后为空，已跳过。来源: 中华人民共和国民法典_20200528.docx
2026-05-05 14:43:47,419 - app.core.rag - WARNING - 知识片段清洗后为空，已跳过。来源: 中华人民共和国民法典_20200528.docx
2026-05-05 14:43:47,419 - app.core.rag - WARNING - 知识片段清洗后为空，已跳过。来源: 中华人民共和国民法典_20200528.docx
2026-05-05 14:43:47,419 - app.core.rag - WARNING - 知识片段清洗后为空，已跳过。来源: 中华人民共和国民法典_20200528.docx
2026-05-05 14:43:47,419 - app.core.rag - WARNING - 知识片段清洗后为空，已跳过。来源: 中华人民共和国民法典_20200528.docx
2026-05-05 14:43:47,420 - app.core.rag - WARNING - 知识片段清洗后为空，已跳过。来源: 中华人民共和国民法典_20200528.docx
2026-05-05 14:43:47,420 - app.core.rag - WARNING - 知识片段清洗后为空，已跳过。来源: 中华人民共和国民法典_20200528.docx
2026-05-05 14:43:47,420 - app.core.rag - WARNING - 知识片段清洗后为空，已跳过。来源: 中华人民共和国民法典_20200528.docx
2026-05-05 14:43:47,420 - app.core.rag - WARNING - 知识片段清洗后为空，已跳过。来源: 中华人民共和国民法典_20200528.docx
2026-05-05 14:43:47,420 - app.core.rag - WARNING - 知识片段清洗后为空，已跳过。来源: 中华人民共和国民法典_20200528.docx
2026-05-05 14:43:47,420 - app.core.rag - WARNING - 知识片段清洗后为空，已跳过。来源: 中华人民共和国民法典_20200528.docx
2026-05-05 14:43:47,420 - app.core.rag - WARNING - 知识片段清洗后为空，已跳过。来源: 中华人民共和国民法典_20200528.docx
2026-05-05 14:43:47,421 - app.core.rag - WARNING - 知识片段清洗后为空，已跳过。来源: 中华人民共和国民法典_20200528.docx
2026-05-05 14:43:47,421 - app.core.rag - WARNING - 知识片段清洗后为空，已跳过。来源: 中华人民共和国民法典_20200528.docx
2026-05-05 14:43:47,421 - app.core.rag - WARNING - 知识片段清洗后为空，已跳过。来源: 中华人民共和国民法典_20200528.docx
2026-05-05 14:43:47,421 - app.core.rag - WARNING - 知识片段清洗后为空，已跳过。来源: 中华人民共和国民法典_20200528.docx
2026-05-05 14:43:47,422 - app.core.rag - WARNING - 知识片段清洗后为空，已跳过。来源: 中华人民共和国民法典_20200528.docx
2026-05-05 14:43:47,422 - app.core.rag - WARNING - 知识片段清洗后为空，已跳过。来源: 中华人民共和国民法典_20200528.docx
2026-05-05 14:43:47,422 - app.core.rag - WARNING - 知识片段清洗后为空，已跳过。来源: 中华人民共和国民法典_20200528.docx
2026-05-05 14:43:47,422 - app.core.rag - WARNING - 知识片段清洗后为空，已跳过。来源: 中华人民共和国民法典_20200528.docx
2026-05-05 14:43:47,422 - app.core.rag - WARNING - 知识片段清洗后为空，已跳过。来源: 中华人民共和国民法典_20200528.docx
2026-05-05 14:43:47,423 - app.core.rag - WARNING - 知识片段清洗后为空，已跳过。来源: 中华人民共和国民法典_20200528.docx
2026-05-05 14:43:47,423 - app.core.rag - WARNING - 知识片段清洗后为空，已跳过。来源: 中华人民共和国民法典_20200528.docx
2026-05-05 14:43:47,423 - app.core.rag - WARNING - 知识片段清洗后为空，已跳过。来源: 中华人民共和国民法典_20200528.docx
2026-05-05 14:43:47,423 - app.core.rag - WARNING - 知识片段清洗后为空，已跳过。来源: 中华人民共和国民法典_20200528.docx
2026-05-05 14:43:47,423 - app.core.rag - WARNING - 知识片段清洗后为空，已跳过。来源: 中华人民共和国民法典_20200528.docx
2026-05-05 14:43:47,424 - app.core.rag - WARNING - 知识片段清洗后为空，已跳过。来源: 中华人民共和国民法典_20200528.docx
2026-05-05 14:43:47,424 - app.core.rag - WARNING - 知识片段清洗后为空，已跳过。来源: 中华人民共和国民法典_20200528.docx
2026-05-05 14:43:47,424 - app.core.rag - WARNING - 知识片段清洗后为空，已跳过。来源: 中华人民共和国民法典_20200528.docx
2026-05-05 14:43:47,424 - app.core.rag - WARNING - 知识片段清洗后为空，已跳过。来源: 中华人民共和国民法典_20200528.docx
2026-05-05 14:43:47,425 - app.core.rag - WARNING - 知识片段清洗后为空，已跳过。来源: 中华人民共和国民法典_20200528.docx
2026-05-05 14:43:47,425 - app.core.rag - WARNING - 知识片段清洗后为空，已跳过。来源: 中华人民共和国民法典_20200528.docx
2026-05-05 14:43:47,425 - app.core.rag - WARNING - 知识片段清洗后为空，已跳过。来源: 中华人民共和国民法典_20200528.docx
2026-05-05 14:43:47,425 - app.core.rag - WARNING - 知识片段清洗后为空，已跳过。来源: 中华人民共和国民法典_20200528.docx
2026-05-05 14:43:47,425 - app.core.rag - WARNING - 知识片段清洗后为空，已跳过。来源: 中华人民共和国民法典_20200528.docx
2026-05-05 14:43:47,426 - app.core.rag - WARNING - 知识片段清洗后为空，已跳过。来源: 中华人民共和国民法典_20200528.docx
2026-05-05 14:43:47,426 - app.core.rag - WARNING - 知识片段清洗后为空，已跳过。来源: 中华人民共和国民法典_20200528.docx
2026-05-05 14:43:47,426 - app.core.rag - WARNING - 知识片段清洗后为空，已跳过。来源: 中华人民共和国民法典_20200528.docx
2026-05-05 14:43:47,426 - app.core.rag - WARNING - 知识片段清洗后为空，已跳过。来源: 中华人民共和国民法典_20200528.docx
2026-05-05 14:43:47,426 - app.core.rag - WARNING - 知识片段清洗后为空，已跳过。来源: 中华人民共和国民法典_20200528.docx
2026-05-05 14:43:47,426 - app.core.rag - WARNING - 知识片段清洗后为空，已跳过。来源: 中华人民共和国民法典_20200528.docx
2026-05-05 14:43:47,426 - app.core.rag - WARNING - 知识片段清洗后为空，已跳过。来源: 中华人民共和国民法典_20200528.docx
2026-05-05 14:43:47,427 - app.core.rag - WARNING - 知识片段清洗后为空，已跳过。来源: 中华人民共和国民法典_20200528.docx
2026-05-05 14:43:47,427 - app.core.rag - WARNING - 知识片段清洗后为空，已跳过。来源: 中华人民共和国民法典_20200528.docx
2026-05-05 14:43:47,427 - app.core.rag - WARNING - 知识片段清洗后为空，已跳过。来源: 中华人民共和国民法典_20200528.docx
2026-05-05 14:43:47,427 - app.core.rag - WARNING - 知识片段清洗后为空，已跳过。来源: 中华人民共和国民法典_20200528.docx
2026-05-05 14:43:47,427 - app.core.rag - WARNING - 知识片段清洗后为空，已跳过。来源: 中华人民共和国民法典_20200528.docx
2026-05-05 14:43:47,428 - app.core.rag - WARNING - 知识片段清洗后为空，已跳过。来源: 中华人民共和国民法典_20200528.docx
2026-05-05 14:43:47,428 - app.core.rag - WARNING - 知识片段清洗后为空，已跳过。来源: 中华人民共和国民法典_20200528.docx
2026-05-05 14:43:47,428 - app.core.rag - WARNING - 知识片段清洗后为空，已跳过。来源: 中华人民共和国民法典_20200528.docx
2026-05-05 14:43:47,429 - app.core.rag - WARNING - 知识片段清洗后为空，已跳过。来源: 中华人民共和国民法典_20200528.docx
2026-05-05 14:43:47,429 - app.core.rag - WARNING - 知识片段清洗后为空，已跳过。来源: 中华人民共和国民法典_20200528.docx
2026-05-05 14:43:47,429 - app.core.rag - WARNING - 知识片段清洗后为空，已跳过。来源: 中华人民共和国民法典_20200528.docx
2026-05-05 14:43:47,429 - app.core.rag - WARNING - 知识片段清洗后为空，已跳过。来源: 中华人民共和国民法典_20200528.docx
2026-05-05 14:43:47,429 - app.core.rag - WARNING - 知识片段清洗后为空，已跳过。来源: 中华人民共和国民法典_20200528.docx
2026-05-05 14:43:47,430 - app.core.rag - WARNING - 知识片段清洗后为空，已跳过。来源: 中华人民共和国民法典_20200528.docx
2026-05-05 14:43:47,430 - app.core.rag - WARNING - 知识片段清洗后为空，已跳过。来源: 中华人民共和国民法典_20200528.docx
2026-05-05 14:43:47,430 - app.core.rag - WARNING - 知识片段清洗后为空，已跳过。来源: 中华人民共和国民法典_20200528.docx
2026-05-05 14:43:47,430 - app.core.rag - WARNING - 知识片段清洗后为空，已跳过。来源: 中华人民共和国民法典_20200528.docx
2026-05-05 14:43:47,430 - app.core.rag - WARNING - 知识片段清洗后为空，已跳过。来源: 中华人民共和国民法典_20200528.docx
2026-05-05 14:43:47,431 - app.core.rag - WARNING - 知识片段清洗后为空，已跳过。来源: 中华人民共和国民法典_20200528.docx
2026-05-05 14:43:47,431 - app.core.rag - WARNING - 知识片段清洗后为空，已跳过。来源: 中华人民共和国民法典_20200528.docx
2026-05-05 14:43:47,431 - app.core.rag - WARNING - 知识片段清洗后为空，已跳过。来源: 中华人民共和国民法典_20200528.docx
2026-05-05 14:43:47,431 - app.core.rag - WARNING - 知识片段清洗后为空，已跳过。来源: 中华人民共和国民法典_20200528.docx
2026-05-05 14:43:47,431 - app.core.rag - WARNING - 知识片段清洗后为空，已跳过。来源: 中华人民共和国民法典_20200528.docx
2026-05-05 14:43:47,432 - app.core.rag - WARNING - 知识片段清洗后为空，已跳过。来源: 中华人民共和国民法典_20200528.docx
2026-05-05 14:43:47,432 - app.core.rag - WARNING - 知识片段清洗后为空，已跳过。来源: 中华人民共和国民法典_20200528.docx
2026-05-05 14:43:47,432 - app.core.rag - WARNING - 知识片段清洗后为空，已跳过。来源: 中华人民共和国民法典_20200528.docx
2026-05-05 14:43:47,432 - app.core.rag - WARNING - 知识片段清洗后为空，已跳过。来源: 中华人民共和国民法典_20200528.docx
2026-05-05 14:43:47,433 - app.core.rag - WARNING - 知识片段清洗后为空，已跳过。来源: 中华人民共和国民法典_20200528.docx
2026-05-05 14:43:47,433 - app.core.rag - WARNING - 知识片段清洗后为空，已跳过。来源: 中华人民共和国民法典_20200528.docx
2026-05-05 14:43:47,433 - app.core.rag - WARNING - 知识片段清洗后为空，已跳过。来源: 中华人民共和国民法典_20200528.docx
2026-05-05 14:43:47,433 - app.core.rag - WARNING - 知识片段清洗后为空，已跳过。来源: 中华人民共和国民法典_20200528.docx
2026-05-05 14:43:47,433 - app.core.rag - WARNING - 知识片段清洗后为空，已跳过。来源: 中华人民共和国民法典_20200528.docx
2026-05-05 14:43:47,434 - app.core.rag - WARNING - 知识片段清洗后为空，已跳过。来源: 中华人民共和国民法典_20200528.docx
2026-05-05 14:43:47,434 - app.core.rag - WARNING - 知识片段清洗后为空，已跳过。来源: 中华人民共和国民法典_20200528.docx
2026-05-05 14:43:47,435 - app.core.rag - WARNING - 知识片段清洗后为空，已跳过。来源: 中华人民共和国民法典_20200528.docx
2026-05-05 14:43:47,435 - app.core.rag - WARNING - 知识片段清洗后为空，已跳过。来源: 中华人民共和国民法典_20200528.docx
2026-05-05 14:43:47,435 - app.core.rag - WARNING - 知识片段清洗后为空，已跳过。来源: 中华人民共和国民法典_20200528.docx
2026-05-05 14:43:47,435 - app.core.rag - WARNING - 知识片段清洗后为空，已跳过。来源: 中华人民共和国民法典_20200528.docx
2026-05-05 14:43:47,436 - app.core.rag - WARNING - 知识片段清洗后为空，已跳过。来源: 中华人民共和国民法典_20200528.docx
2026-05-05 14:43:47,436 - app.core.rag - WARNING - 知识片段清洗后为空，已跳过。来源: 中华人民共和国民法典_20200528.docx
2026-05-05 14:43:47,436 - app.core.rag - WARNING - 知识片段清洗后为空，已跳过。来源: 中华人民共和国民法典_20200528.docx
2026-05-05 14:43:47,436 - app.core.rag - WARNING - 知识片段清洗后为空，已跳过。来源: 中华人民共和国民法典_20200528.docx
2026-05-05 14:43:47,436 - app.core.rag - WARNING - 知识片段清洗后为空，已跳过。来源: 中华人民共和国民法典_20200528.docx
2026-05-05 14:43:47,436 - app.core.rag - WARNING - 知识片段清洗后为空，已跳过。来源: 中华人民共和国民法典_20200528.docx
2026-05-05 14:43:47,437 - app.core.rag - WARNING - 知识片段清洗后为空，已跳过。来源: 中华人民共和国民法典_20200528.docx
2026-05-05 14:43:47,437 - app.core.rag - WARNING - 知识片段清洗后为空，已跳过。来源: 中华人民共和国民法典_20200528.docx
2026-05-05 14:43:47,437 - app.core.rag - WARNING - 知识片段清洗后为空，已跳过。来源: 中华人民共和国民法典_20200528.docx
2026-05-05 14:43:47,437 - app.core.rag - WARNING - 知识片段清洗后为空，已跳过。来源: 中华人民共和国民法典_20200528.docx
2026-05-05 14:43:47,437 - app.core.rag - WARNING - 知识片段清洗后为空，已跳过。来源: 中华人民共和国民法典_20200528.docx
2026-05-05 14:43:47,438 - app.core.rag - WARNING - 知识片段清洗后为空，已跳过。来源: 中华人民共和国民法典_20200528.docx
2026-05-05 14:43:47,438 - app.core.rag - WARNING - 知识片段清洗后为空，已跳过。来源: 中华人民共和国民法典_20200528.docx
2026-05-05 14:43:47,439 - app.core.rag - WARNING - 知识片段清洗后为空，已跳过。来源: 中华人民共和国民法典_20200528.docx
2026-05-05 14:43:47,439 - app.core.rag - WARNING - 知识片段清洗后为空，已跳过。来源: 中华人民共和国民法典_20200528.docx
2026-05-05 14:43:47,439 - app.core.rag - WARNING - 知识片段清洗后为空，已跳过。来源: 中华人民共和国民法典_20200528.docx
2026-05-05 14:43:47,439 - app.core.rag - WARNING - 知识片段清洗后为空，已跳过。来源: 中华人民共和国民法典_20200528.docx
2026-05-05 14:43:47,439 - app.core.rag - WARNING - 知识片段清洗后为空，已跳过。来源: 中华人民共和国民法典_20200528.docx
2026-05-05 14:43:47,440 - app.core.rag - WARNING - 知识片段清洗后为空，已跳过。来源: 中华人民共和国民法典_20200528.docx
2026-05-05 14:43:47,440 - app.core.rag - WARNING - 知识片段清洗后为空，已跳过。来源: 中华人民共和国民法典_20200528.docx
2026-05-05 14:43:47,440 - app.core.rag - WARNING - 知识片段清洗后为空，已跳过。来源: 中华人民共和国民法典_20200528.docx
2026-05-05 14:43:47,440 - app.core.rag - WARNING - 知识片段清洗后为空，已跳过。来源: 中华人民共和国民法典_20200528.docx
2026-05-05 14:43:47,441 - app.core.rag - WARNING - 知识片段清洗后为空，已跳过。来源: 中华人民共和国民法典_20200528.docx
2026-05-05 14:43:47,441 - app.core.rag - WARNING - 知识片段清洗后为空，已跳过。来源: 中华人民共和国民法典_20200528.docx
2026-05-05 14:43:47,441 - app.core.rag - WARNING - 知识片段清洗后为空，已跳过。来源: 中华人民共和国民法典_20200528.docx
2026-05-05 14:43:47,442 - app.core.rag - WARNING - 知识片段清洗后为空，已跳过。来源: 中华人民共和国民法典_20200528.docx
2026-05-05 14:43:47,442 - app.core.rag - WARNING - 知识片段清洗后为空，已跳过。来源: 中华人民共和国民法典_20200528.docx
2026-05-05 14:43:47,442 - app.core.rag - WARNING - 知识片段清洗后为空，已跳过。来源: 中华人民共和国民法典_20200528.docx
2026-05-05 14:43:47,442 - app.core.rag - WARNING - 知识片段清洗后为空，已跳过。来源: 中华人民共和国民法典_20200528.docx
2026-05-05 14:43:47,442 - app.core.rag - WARNING - 知识片段清洗后为空，已跳过。来源: 中华人民共和国民法典_20200528.docx
2026-05-05 14:43:47,442 - app.core.rag - WARNING - 知识片段清洗后为空，已跳过。来源: 中华人民共和国民法典_20200528.docx
2026-05-05 14:43:47,443 - app.core.rag - WARNING - 知识片段清洗后为空，已跳过。来源: 中华全国律师协会律师执业行为规范（2024 修订）.docx
2026-05-05 14:43:47,443 - app.core.rag - WARNING - 知识片段清洗后为空，已跳过。来源: 中华全国律师协会律师执业行为规范（2024 修订）.docx
2026-05-05 14:43:47,443 - app.core.rag - WARNING - 知识片段清洗后为空，已跳过。来源: 中华全国律师协会律师执业行为规范（2024 修订）.docx
2026-05-05 14:43:47,443 - app.core.rag - WARNING - 知识片段清洗后为空，已跳过。来源: 中华全国律师协会律师执业行为规范（2024 修订）.docx
2026-05-05 14:43:47,444 - app.core.rag - WARNING - 知识片段清洗后为空，已跳过。来源: 中华全国律师协会律师执业行为规范（2024 修订）.docx
2026-05-05 14:43:47,444 - app.core.rag - WARNING - 知识片段清洗后为空，已跳过。来源: 中华全国律师协会律师执业行为规范（2024 修订）.docx
2026-05-05 14:43:47,444 - app.core.rag - WARNING - 知识片段清洗后为空，已跳过。来源: 中华全国律师协会律师执业行为规范（2024 修订）.docx
2026-05-05 14:43:47,444 - app.core.rag - WARNING - 知识片段清洗后为空，已跳过。来源: 中华全国律师协会律师执业行为规范（2024 修订）.docx
2026-05-05 14:43:47,444 - app.core.rag - WARNING - 知识片段清洗后为空，已跳过。来源: 乳腺癌.docx
2026-05-05 14:43:47,444 - app.core.rag - WARNING - 知识片段清洗后为空，已跳过。来源: 乳腺癌.docx
2026-05-05 14:43:47,444 - app.core.rag - WARNING - 知识片段清洗后为空，已跳过。来源: 乳腺癌.docx
2026-05-05 14:43:47,446 - app.core.rag - WARNING - 知识片段清洗后为空，已跳过。来源: 乳腺癌.docx
2026-05-05 14:43:47,446 - app.core.rag - WARNING - 知识片段清洗后为空，已跳过。来源: 哮喘.docx
2026-05-05 14:43:47,446 - app.core.rag - WARNING - 知识片段清洗后为空，已跳过。来源: 哮喘.docx
2026-05-05 14:43:47,446 - app.core.rag - WARNING - 知识片段清洗后为空，已跳过。来源: 哮喘.docx
2026-05-05 14:43:47,446 - app.core.rag - WARNING - 知识片段清洗后为空，已跳过。来源: 商业银行理财管理办法2024.docx
2026-05-05 14:43:47,446 - app.core.rag - WARNING - 知识片段清洗后为空，已跳过。来源: 商业银行理财管理办法2024.docx
2026-05-05 14:43:47,447 - app.core.rag - WARNING - 知识片段清洗后为空，已跳过。来源: 国家基层高血压防治管理手册2025版.pdf
2026-05-05 14:43:47,447 - app.core.rag - WARNING - 知识片段清洗后为空，已跳过。来源: 国家基层高血压防治管理手册2025版.pdf
2026-05-05 14:43:47,447 - app.core.rag - WARNING - 知识片段清洗后为空，已跳过。来源: 国家基层高血压防治管理手册2025版.pdf
2026-05-05 14:43:47,447 - app.core.rag - WARNING - 知识片段清洗后为空，已跳过。来源: 国家基层高血压防治管理手册2025版.pdf
2026-05-05 14:43:47,447 - app.core.rag - WARNING - 知识片段清洗后为空，已跳过。来源: 国家基层高血压防治管理手册2025版.pdf
2026-05-05 14:43:47,448 - app.core.rag - WARNING - 知识片段清洗后为空，已跳过。来源: 国家基层高血压防治管理手册2025版.pdf
2026-05-05 14:43:47,448 - app.core.rag - WARNING - 知识片段清洗后为空，已跳过。来源: 国家基层高血压防治管理手册2025版.pdf
2026-05-05 14:43:47,448 - app.core.rag - WARNING - 知识片段清洗后为空，已跳过。来源: 国家基层高血压防治管理手册2025版.pdf
2026-05-05 14:43:47,448 - app.core.rag - WARNING - 知识片段清洗后为空，已跳过。来源: 国家基层高血压防治管理手册2025版.pdf
2026-05-05 14:43:47,448 - app.core.rag - WARNING - 知识片段清洗后为空，已跳过。来源: 国家基层高血压防治管理手册2025版.pdf
2026-05-05 14:43:47,449 - app.core.rag - WARNING - 知识片段清洗后为空，已跳过。来源: 国家基层高血压防治管理手册2025版.pdf
2026-05-05 14:43:47,449 - app.core.rag - WARNING - 知识片段清洗后为空，已跳过。来源: 国家基层高血压防治管理手册2025版.pdf
2026-05-05 14:43:47,449 - app.core.rag - WARNING - 知识片段清洗后为空，已跳过。来源: 国家基层高血压防治管理手册2025版.pdf
2026-05-05 14:43:47,449 - app.core.rag - WARNING - 知识片段清洗后为空，已跳过。来源: 国家基层高血压防治管理手册2025版.pdf
2026-05-05 14:43:47,450 - app.core.rag - WARNING - 知识片段清洗后为空，已跳过。来源: 国家基层高血压防治管理手册2025版.pdf
2026-05-05 14:43:47,450 - app.core.rag - WARNING - 知识片段清洗后为空，已跳过。来源: 国家基层高血压防治管理手册2025版.pdf
2026-05-05 14:43:47,450 - app.core.rag - WARNING - 知识片段清洗后为空，已跳过。来源: 国家基层高血压防治管理手册2025版.pdf
2026-05-05 14:43:47,450 - app.core.rag - WARNING - 知识片段清洗后为空，已跳过。来源: 国家基层高血压防治管理手册2025版.pdf
2026-05-05 14:43:47,450 - app.core.rag - WARNING - 知识片段清洗后为空，已跳过。来源: 国家基层高血压防治管理手册2025版.pdf
2026-05-05 14:43:47,451 - app.core.rag - WARNING - 知识片段清洗后为空，已跳过。来源: 国家基层高血压防治管理手册2025版.pdf
2026-05-05 14:43:47,451 - app.core.rag - WARNING - 知识片段清洗后为空，已跳过。来源: 国家基层高血压防治管理手册2025版.pdf
2026-05-05 14:43:47,451 - app.core.rag - WARNING - 知识片段清洗后为空，已跳过。来源: 国家基层高血压防治管理手册2025版.pdf
2026-05-05 14:43:47,451 - app.core.rag - WARNING - 知识片段清洗后为空，已跳过。来源: 国家基层高血压防治管理手册2025版.pdf
2026-05-05 14:43:47,451 - app.core.rag - WARNING - 知识片段清洗后为空，已跳过。来源: 国家基层高血压防治管理手册2025版.pdf
2026-05-05 14:43:47,452 - app.core.rag - WARNING - 知识片段清洗后为空，已跳过。来源: 国家基层高血压防治管理手册2025版.pdf
2026-05-05 14:43:47,452 - app.core.rag - WARNING - 知识片段清洗后为空，已跳过。来源: 国家基层高血压防治管理手册2025版.pdf
2026-05-05 14:43:47,452 - app.core.rag - WARNING - 知识片段清洗后为空，已跳过。来源: 国家基层高血压防治管理手册2025版.pdf
2026-05-05 14:43:47,452 - app.core.rag - WARNING - 知识片段清洗后为空，已跳过。来源: 国家基层高血压防治管理手册2025版.pdf
2026-05-05 14:43:47,453 - app.core.rag - WARNING - 知识片段清洗后为空，已跳过。来源: 国家基层高血压防治管理手册2025版.pdf
2026-05-05 14:43:47,453 - app.core.rag - WARNING - 知识片段清洗后为空，已跳过。来源: 国家基层高血压防治管理手册2025版.pdf
2026-05-05 14:43:47,453 - app.core.rag - WARNING - 知识片段清洗后为空，已跳过。来源: 国家基层高血压防治管理手册2025版.pdf
2026-05-05 14:43:47,453 - app.core.rag - WARNING - 知识片段清洗后为空，已跳过。来源: 国家基层高血压防治管理手册2025版.pdf
2026-05-05 14:43:47,453 - app.core.rag - WARNING - 知识片段清洗后为空，已跳过。来源: 国家基层高血压防治管理手册2025版.pdf
2026-05-05 14:43:47,454 - app.core.rag - WARNING - 知识片段清洗后为空，已跳过。来源: 国家基层高血压防治管理手册2025版.pdf
2026-05-05 14:43:47,454 - app.core.rag - WARNING - 知识片段清洗后为空，已跳过。来源: 国家基层高血压防治管理手册2025版.pdf
2026-05-05 14:43:47,454 - app.core.rag - WARNING - 知识片段清洗后为空，已跳过。来源: 国家基层高血压防治管理手册2025版.pdf
2026-05-05 14:43:47,454 - app.core.rag - WARNING - 知识片段清洗后为空，已跳过。来源: 天体物理学.docx
2026-05-05 14:43:47,454 - app.core.rag - WARNING - 知识片段清洗后为空，已跳过。来源: 天体物理学.docx
2026-05-05 14:43:47,454 - app.core.rag - WARNING - 知识片段清洗后为空，已跳过。来源: 天体物理学.docx
2026-05-05 14:43:47,454 - app.core.rag - WARNING - 知识片段清洗后为空，已跳过。来源: 天体物理学.docx
2026-05-05 14:43:47,455 - app.core.rag - WARNING - 知识片段清洗后为空，已跳过。来源: 天体物理学.docx
2026-05-05 14:43:47,455 - app.core.rag - WARNING - 知识片段清洗后为空，已跳过。来源: 天体物理学.docx
2026-05-05 14:43:47,455 - app.core.rag - WARNING - 知识片段清洗后为空，已跳过。来源: 天体物理学.docx
2026-05-05 14:43:47,455 - app.core.rag - WARNING - 知识片段清洗后为空，已跳过。来源: 天体物理学.docx
2026-05-05 14:43:47,456 - app.core.rag - WARNING - 知识片段清洗后为空，已跳过。来源: 天体物理学.docx
2026-05-05 14:43:47,456 - app.core.rag - WARNING - 知识片段清洗后为空，已跳过。来源: 天体物理学.docx
2026-05-05 14:43:47,456 - app.core.rag - WARNING - 知识片段清洗后为空，已跳过。来源: 天体物理学.docx
2026-05-05 14:43:47,456 - app.core.rag - WARNING - 知识片段清洗后为空，已跳过。来源: 天体物理学.docx
2026-05-05 14:43:47,457 - app.core.rag - WARNING - 知识片段清洗后为空，已跳过。来源: 天体物理学.docx
2026-05-05 14:43:47,457 - app.core.rag - WARNING - 知识片段清洗后为空，已跳过。来源: 天体物理学.docx
2026-05-05 14:43:47,457 - app.core.rag - WARNING - 知识片段清洗后为空，已跳过。来源: 天体物理学.docx
2026-05-05 14:43:47,457 - app.core.rag - WARNING - 知识片段清洗后为空，已跳过。来源: 天体物理学.docx
2026-05-05 14:43:47,458 - app.core.rag - WARNING - 知识片段清洗后为空，已跳过。来源: 天体物理学.docx
2026-05-05 14:43:47,458 - app.core.rag - WARNING - 知识片段清洗后为空，已跳过。来源: 天体物理学.docx
2026-05-05 14:43:47,458 - app.core.rag - WARNING - 知识片段清洗后为空，已跳过。来源: 天体物理学.docx
2026-05-05 14:43:47,458 - app.core.rag - WARNING - 知识片段清洗后为空，已跳过。来源: 天体物理学.docx
2026-05-05 14:43:47,458 - app.core.rag - WARNING - 知识片段清洗后为空，已跳过。来源: 天体物理学.docx
2026-05-05 14:43:47,459 - app.core.rag - WARNING - 知识片段清洗后为空，已跳过。来源: 天体物理学.docx
2026-05-05 14:43:47,459 - app.core.rag - WARNING - 知识片段清洗后为空，已跳过。来源: 天体物理学.docx
2026-05-05 14:43:47,459 - app.core.rag - WARNING - 知识片段清洗后为空，已跳过。来源: 天体物理学.docx
2026-05-05 14:43:47,459 - app.core.rag - WARNING - 知识片段清洗后为空，已跳过。来源: 天体物理学.docx
2026-05-05 14:43:47,460 - app.core.rag - WARNING - 知识片段清洗后为空，已跳过。来源: 天体物理学.docx
2026-05-05 14:43:47,460 - app.core.rag - WARNING - 知识片段清洗后为空，已跳过。来源: 天体物理学.docx
2026-05-05 14:43:47,460 - app.core.rag - WARNING - 知识片段清洗后为空，已跳过。来源: 天体物理学.docx
2026-05-05 14:43:47,460 - app.core.rag - WARNING - 知识片段清洗后为空，已跳过。来源: 天体物理学.docx
2026-05-05 14:43:47,460 - app.core.rag - WARNING - 知识片段清洗后为空，已跳过。来源: 天体物理学.docx
2026-05-05 14:43:47,460 - app.core.rag - WARNING - 知识片段清洗后为空，已跳过。来源: 天体物理学.docx
2026-05-05 14:43:47,461 - app.core.rag - WARNING - 知识片段清洗后为空，已跳过。来源: 天体物理学.docx
2026-05-05 14:43:47,461 - app.core.rag - WARNING - 知识片段清洗后为空，已跳过。来源: 天体物理学.docx
2026-05-05 14:43:47,461 - app.core.rag - WARNING - 知识片段清洗后为空，已跳过。来源: 天体物理学.docx
2026-05-05 14:43:47,461 - app.core.rag - WARNING - 知识片段清洗后为空，已跳过。来源: 天体物理学.docx
2026-05-05 14:43:47,462 - app.core.rag - WARNING - 知识片段清洗后为空，已跳过。来源: 天体物理学.docx
2026-05-05 14:43:47,462 - app.core.rag - WARNING - 知识片段清洗后为空，已跳过。来源: 天体物理学.docx
2026-05-05 14:43:47,462 - app.core.rag - WARNING - 知识片段清洗后为空，已跳过。来源: 天体物理学.docx
2026-05-05 14:43:47,463 - app.core.rag - WARNING - 知识片段清洗后为空，已跳过。来源: 天体物理学.docx
2026-05-05 14:43:47,463 - app.core.rag - WARNING - 知识片段清洗后为空，已跳过。来源: 天体物理学.docx
2026-05-05 14:43:47,463 - app.core.rag - WARNING - 知识片段清洗后为空，已跳过。来源: 天体物理学.docx
2026-05-05 14:43:47,463 - app.core.rag - WARNING - 知识片段清洗后为空，已跳过。来源: 天体物理学.docx
2026-05-05 14:43:47,463 - app.core.rag - WARNING - 知识片段清洗后为空，已跳过。来源: 天体物理学.docx
2026-05-05 14:43:47,464 - app.core.rag - WARNING - 知识片段清洗后为空，已跳过。来源: 天体物理学.docx
2026-05-05 14:43:47,464 - app.core.rag - WARNING - 知识片段清洗后为空，已跳过。来源: 天体物理学.docx
2026-05-05 14:43:47,464 - app.core.rag - WARNING - 知识片段清洗后为空，已跳过。来源: 天体物理学.docx
2026-05-05 14:43:47,464 - app.core.rag - WARNING - 知识片段清洗后为空，已跳过。来源: 天体物理学.docx
2026-05-05 14:43:47,464 - app.core.rag - WARNING - 知识片段清洗后为空，已跳过。来源: 天体物理学.docx
2026-05-05 14:43:47,464 - app.core.rag - WARNING - 知识片段清洗后为空，已跳过。来源: 天体物理学.docx
2026-05-05 14:43:47,465 - app.core.rag - WARNING - 知识片段清洗后为空，已跳过。来源: 天体物理学.docx
2026-05-05 14:43:47,465 - app.core.rag - WARNING - 知识片段清洗后为空，已跳过。来源: 天体物理学.docx
2026-05-05 14:43:47,465 - app.core.rag - WARNING - 知识片段清洗后为空，已跳过。来源: 天体物理学.docx
2026-05-05 14:43:47,465 - app.core.rag - WARNING - 知识片段清洗后为空，已跳过。来源: 天体物理学.docx
2026-05-05 14:43:47,466 - app.core.rag - WARNING - 知识片段清洗后为空，已跳过。来源: 天体物理学.docx
2026-05-05 14:43:47,466 - app.core.rag - WARNING - 知识片段清洗后为空，已跳过。来源: 天体物理学.docx
2026-05-05 14:43:47,466 - app.core.rag - WARNING - 知识片段清洗后为空，已跳过。来源: 天体物理学.docx
2026-05-05 14:43:47,466 - app.core.rag - WARNING - 知识片段清洗后为空，已跳过。来源: 天体物理学.docx
2026-05-05 14:43:47,466 - app.core.rag - WARNING - 知识片段清洗后为空，已跳过。来源: 天体物理学.docx
2026-05-05 14:43:47,467 - app.core.rag - WARNING - 知识片段清洗后为空，已跳过。来源: 天体物理学.docx
2026-05-05 14:43:47,467 - app.core.rag - WARNING - 知识片段清洗后为空，已跳过。来源: 天体物理学.docx
2026-05-05 14:43:47,467 - app.core.rag - WARNING - 知识片段清洗后为空，已跳过。来源: 天体物理学.docx
2026-05-05 14:43:47,467 - app.core.rag - WARNING - 知识片段清洗后为空，已跳过。来源: 天体物理学.docx
2026-05-05 14:43:47,468 - app.core.rag - WARNING - 知识片段清洗后为空，已跳过。来源: 天体物理学.docx
2026-05-05 14:43:47,468 - app.core.rag - WARNING - 知识片段清洗后为空，已跳过。来源: 天体物理学.docx
2026-05-05 14:43:47,468 - app.core.rag - WARNING - 知识片段清洗后为空，已跳过。来源: 天体物理学.docx
2026-05-05 14:43:47,469 - app.core.rag - WARNING - 知识片段清洗后为空，已跳过。来源: 天体物理学.docx
2026-05-05 14:43:47,469 - app.core.rag - WARNING - 知识片段清洗后为空，已跳过。来源: 天体物理学.docx
2026-05-05 14:43:47,469 - app.core.rag - WARNING - 知识片段清洗后为空，已跳过。来源: 天体物理学.docx
2026-05-05 14:43:47,469 - app.core.rag - WARNING - 知识片段清洗后为空，已跳过。来源: 天体物理学.docx
2026-05-05 14:43:47,470 - app.core.rag - WARNING - 知识片段清洗后为空，已跳过。来源: 天体物理学.docx
2026-05-05 14:43:47,470 - app.core.rag - WARNING - 知识片段清洗后为空，已跳过。来源: 天体物理学.docx
2026-05-05 14:43:47,470 - app.core.rag - WARNING - 知识片段清洗后为空，已跳过。来源: 天体物理学.docx
2026-05-05 14:43:47,471 - app.core.rag - WARNING - 知识片段清洗后为空，已跳过。来源: 天体物理学.docx
2026-05-05 14:43:47,471 - app.core.rag - WARNING - 知识片段清洗后为空，已跳过。来源: 天体物理学.docx
2026-05-05 14:43:47,471 - app.core.rag - WARNING - 知识片段清洗后为空，已跳过。来源: 天体物理学.docx
2026-05-05 14:43:47,471 - app.core.rag - WARNING - 知识片段清洗后为空，已跳过。来源: 天体物理学.docx
2026-05-05 14:43:47,471 - app.core.rag - WARNING - 知识片段清洗后为空，已跳过。来源: 天体物理学.docx
2026-05-05 14:43:47,472 - app.core.rag - WARNING - 知识片段清洗后为空，已跳过。来源: 天体物理学.docx
2026-05-05 14:43:47,472 - app.core.rag - WARNING - 知识片段清洗后为空，已跳过。来源: 天体物理学.docx
2026-05-05 14:43:47,472 - app.core.rag - WARNING - 知识片段清洗后为空，已跳过。来源: 天体物理学.docx
2026-05-05 14:43:47,472 - app.core.rag - WARNING - 知识片段清洗后为空，已跳过。来源: 天体物理学.docx
2026-05-05 14:43:47,473 - app.core.rag - WARNING - 知识片段清洗后为空，已跳过。来源: 天体物理学.docx
2026-05-05 14:43:47,474 - app.core.rag - WARNING - 知识片段清洗后为空，已跳过。来源: 天体物理学.docx
2026-05-05 14:43:47,474 - app.core.rag - WARNING - 知识片段清洗后为空，已跳过。来源: 天体物理学.docx
2026-05-05 14:43:47,474 - app.core.rag - WARNING - 知识片段清洗后为空，已跳过。来源: 天体物理学.docx
2026-05-05 14:43:47,474 - app.core.rag - WARNING - 知识片段清洗后为空，已跳过。来源: 天体物理学.docx
2026-05-05 14:43:47,474 - app.core.rag - WARNING - 知识片段清洗后为空，已跳过。来源: 天体物理学.docx
2026-05-05 14:43:47,474 - app.core.rag - WARNING - 知识片段清洗后为空，已跳过。来源: 天体物理学.docx
2026-05-05 14:43:47,474 - app.core.rag - WARNING - 知识片段清洗后为空，已跳过。来源: 天体物理学.docx
2026-05-05 14:43:47,476 - app.core.rag - WARNING - 知识片段清洗后为空，已跳过。来源: 天体物理学.docx
2026-05-05 14:43:47,476 - app.core.rag - WARNING - 知识片段清洗后为空，已跳过。来源: 天体物理学.docx
2026-05-05 14:43:47,476 - app.core.rag - WARNING - 知识片段清洗后为空，已跳过。来源: 天体物理学.docx
2026-05-05 14:43:47,476 - app.core.rag - WARNING - 知识片段清洗后为空，已跳过。来源: 天体物理学.docx
2026-05-05 14:43:47,476 - app.core.rag - WARNING - 知识片段清洗后为空，已跳过。来源: 天体物理学.docx
2026-05-05 14:43:47,477 - app.core.rag - WARNING - 知识片段清洗后为空，已跳过。来源: 天体物理学.docx
2026-05-05 14:43:47,477 - app.core.rag - WARNING - 知识片段清洗后为空，已跳过。来源: 天体物理学.docx
2026-05-05 14:43:47,477 - app.core.rag - WARNING - 知识片段清洗后为空，已跳过。来源: 天体物理学.docx
2026-05-05 14:43:47,478 - app.core.rag - WARNING - 知识片段清洗后为空，已跳过。来源: 天体物理学.docx
2026-05-05 14:43:47,478 - app.core.rag - WARNING - 知识片段清洗后为空，已跳过。来源: 天体物理学.docx
2026-05-05 14:43:47,478 - app.core.rag - WARNING - 知识片段清洗后为空，已跳过。来源: 天体物理学.docx
2026-05-05 14:43:47,479 - app.core.rag - WARNING - 知识片段清洗后为空，已跳过。来源: 天体物理学.docx
2026-05-05 14:43:47,479 - app.core.rag - WARNING - 知识片段清洗后为空，已跳过。来源: 天体物理学.docx
2026-05-05 14:43:47,479 - app.core.rag - WARNING - 知识片段清洗后为空，已跳过。来源: 天体物理学.docx
2026-05-05 14:43:47,479 - app.core.rag - WARNING - 知识片段清洗后为空，已跳过。来源: 天体物理学.docx
2026-05-05 14:43:47,479 - app.core.rag - WARNING - 知识片段清洗后为空，已跳过。来源: 天体物理学.docx
2026-05-05 14:43:47,479 - app.core.rag - WARNING - 知识片段清洗后为空，已跳过。来源: 天体物理学.docx
2026-05-05 14:43:47,480 - app.core.rag - WARNING - 知识片段清洗后为空，已跳过。来源: 天体物理学.docx
2026-05-05 14:43:47,480 - app.core.rag - WARNING - 知识片段清洗后为空，已跳过。来源: 天体物理学.docx
2026-05-05 14:43:47,480 - app.core.rag - WARNING - 知识片段清洗后为空，已跳过。来源: 天体物理学.docx
2026-05-05 14:43:47,481 - app.core.rag - WARNING - 知识片段清洗后为空，已跳过。来源: 天体物理学.docx
2026-05-05 14:43:47,481 - app.core.rag - WARNING - 知识片段清洗后为空，已跳过。来源: 天体物理学.docx
2026-05-05 14:43:47,481 - app.core.rag - WARNING - 知识片段清洗后为空，已跳过。来源: 天体物理学.docx
2026-05-05 14:43:47,482 - app.core.rag - WARNING - 知识片段清洗后为空，已跳过。来源: 天体物理学.docx
2026-05-05 14:43:47,482 - app.core.rag - WARNING - 知识片段清洗后为空，已跳过。来源: 天体物理学.docx
2026-05-05 14:43:47,482 - app.core.rag - WARNING - 知识片段清洗后为空，已跳过。来源: 天体物理学.docx
2026-05-05 14:43:47,482 - app.core.rag - WARNING - 知识片段清洗后为空，已跳过。来源: 天体物理学.docx
2026-05-05 14:43:47,482 - app.core.rag - WARNING - 知识片段清洗后为空，已跳过。来源: 天体物理学.docx
2026-05-05 14:43:47,483 - app.core.rag - WARNING - 知识片段清洗后为空，已跳过。来源: 天体物理学.docx
2026-05-05 14:43:47,483 - app.core.rag - WARNING - 知识片段清洗后为空，已跳过。来源: 天体物理学.docx
2026-05-05 14:43:47,483 - app.core.rag - WARNING - 知识片段清洗后为空，已跳过。来源: 天体物理学.docx
2026-05-05 14:43:47,484 - app.core.rag - WARNING - 知识片段清洗后为空，已跳过。来源: 天体物理学.docx
2026-05-05 14:43:47,484 - app.core.rag - WARNING - 知识片段清洗后为空，已跳过。来源: 天体物理学.docx
2026-05-05 14:43:47,484 - app.core.rag - WARNING - 知识片段清洗后为空，已跳过。来源: 天体物理学.docx
2026-05-05 14:43:47,484 - app.core.rag - WARNING - 知识片段清洗后为空，已跳过。来源: 天体物理学.docx
2026-05-05 14:43:47,484 - app.core.rag - WARNING - 知识片段清洗后为空，已跳过。来源: 天体物理学.docx
2026-05-05 14:43:47,484 - app.core.rag - WARNING - 知识片段清洗后为空，已跳过。来源: 天体物理学.docx
2026-05-05 14:43:47,486 - app.core.rag - WARNING - 知识片段清洗后为空，已跳过。来源: 天体物理学.docx
2026-05-05 14:43:47,486 - app.core.rag - WARNING - 知识片段清洗后为空，已跳过。来源: 天体物理学.docx
2026-05-05 14:43:47,486 - app.core.rag - WARNING - 知识片段清洗后为空，已跳过。来源: 天体物理学.docx
2026-05-05 14:43:47,487 - app.core.rag - WARNING - 知识片段清洗后为空，已跳过。来源: 天体物理学.docx
2026-05-05 14:43:47,487 - app.core.rag - WARNING - 知识片段清洗后为空，已跳过。来源: 天体物理学.docx
2026-05-05 14:43:47,487 - app.core.rag - WARNING - 知识片段清洗后为空，已跳过。来源: 天体物理学.docx
2026-05-05 14:43:47,487 - app.core.rag - WARNING - 知识片段清洗后为空，已跳过。来源: 天体物理学.docx
2026-05-05 14:43:47,488 - app.core.rag - WARNING - 知识片段清洗后为空，已跳过。来源: 天体物理学.docx
2026-05-05 14:43:47,488 - app.core.rag - WARNING - 知识片段清洗后为空，已跳过。来源: 天体物理学.docx
2026-05-05 14:43:47,488 - app.core.rag - WARNING - 知识片段清洗后为空，已跳过。来源: 天体物理学.docx
2026-05-05 14:43:47,489 - app.core.rag - WARNING - 知识片段清洗后为空，已跳过。来源: 天体物理学.docx
2026-05-05 14:43:47,489 - app.core.rag - WARNING - 知识片段清洗后为空，已跳过。来源: 天体物理学.docx
2026-05-05 14:43:47,489 - app.core.rag - WARNING - 知识片段清洗后为空，已跳过。来源: 天体物理学.docx
2026-05-05 14:43:47,489 - app.core.rag - WARNING - 知识片段清洗后为空，已跳过。来源: 天体物理学.docx
2026-05-05 14:43:47,490 - app.core.rag - WARNING - 知识片段清洗后为空，已跳过。来源: 天体物理学.docx
2026-05-05 14:43:47,490 - app.core.rag - WARNING - 知识片段清洗后为空，已跳过。来源: 天体物理学.docx
2026-05-05 14:43:47,490 - app.core.rag - WARNING - 知识片段清洗后为空，已跳过。来源: 天体物理学.docx
2026-05-05 14:43:47,491 - app.core.rag - WARNING - 知识片段清洗后为空，已跳过。来源: 天体物理学.docx
2026-05-05 14:43:47,491 - app.core.rag - WARNING - 知识片段清洗后为空，已跳过。来源: 天体物理学.docx
2026-05-05 14:43:47,491 - app.core.rag - WARNING - 知识片段清洗后为空，已跳过。来源: 天体物理学.docx
2026-05-05 14:43:47,491 - app.core.rag - WARNING - 知识片段清洗后为空，已跳过。来源: 天体物理学.docx
2026-05-05 14:43:47,492 - app.core.rag - WARNING - 知识片段清洗后为空，已跳过。来源: 天体物理学.docx
2026-05-05 14:43:47,492 - app.core.rag - WARNING - 知识片段清洗后为空，已跳过。来源: 天体物理学.docx
2026-05-05 14:43:47,492 - app.core.rag - WARNING - 知识片段清洗后为空，已跳过。来源: 天体物理学.docx
2026-05-05 14:43:47,492 - app.core.rag - WARNING - 知识片段清洗后为空，已跳过。来源: 天体物理学.docx
2026-05-05 14:43:47,493 - app.core.rag - WARNING - 知识片段清洗后为空，已跳过。来源: 天体物理学.docx
2026-05-05 14:43:47,493 - app.core.rag - WARNING - 知识片段清洗后为空，已跳过。来源: 天体物理学.docx
2026-05-05 14:43:47,493 - app.core.rag - WARNING - 知识片段清洗后为空，已跳过。来源: 天体物理学.docx
2026-05-05 14:43:47,494 - app.core.rag - WARNING - 知识片段清洗后为空，已跳过。来源: 天体物理学.docx
2026-05-05 14:43:47,512 - app.core.rag - WARNING - 知识片段清洗后为空，已跳过。来源: 天体物理学.docx
2026-05-05 14:43:47,513 - app.core.rag - WARNING - 知识片段清洗后为空，已跳过。来源: 天体物理学.docx
2026-05-05 14:43:47,513 - app.core.rag - WARNING - 知识片段清洗后为空，已跳过。来源: 天体物理学.docx
2026-05-05 14:43:47,513 - app.core.rag - WARNING - 知识片段清洗后为空，已跳过。来源: 天体物理学.docx
2026-05-05 14:43:47,514 - app.core.rag - WARNING - 知识片段清洗后为空，已跳过。来源: 失明与视力受损.docx
2026-05-05 14:43:47,514 - app.core.rag - WARNING - 知识片段清洗后为空，已跳过。来源: 失明与视力受损.docx
2026-05-05 14:43:47,514 - app.core.rag - WARNING - 知识片段清洗后为空，已跳过。来源: 失明与视力受损.docx
2026-05-05 14:43:47,514 - app.core.rag - WARNING - 知识片段清洗后为空，已跳过。来源: 心理健康.docx
2026-05-05 14:43:47,514 - app.core.rag - WARNING - 知识片段清洗后为空，已跳过。来源: 心理健康.docx
2026-05-05 14:43:47,514 - app.core.rag - WARNING - 知识片段清洗后为空，已跳过。来源: 心理健康.docx
2026-05-05 14:43:47,516 - app.core.rag - WARNING - 知识片段清洗后为空，已跳过。来源: 心理治疗规范 （2013年版）.pdf
2026-05-05 14:43:47,516 - app.core.rag - WARNING - 知识片段清洗后为空，已跳过。来源: 心理治疗规范 （2013年版）.pdf
2026-05-05 14:43:47,516 - app.core.rag - WARNING - 知识片段清洗后为空，已跳过。来源: 心理治疗规范 （2013年版）.pdf
2026-05-05 14:43:47,516 - app.core.rag - WARNING - 知识片段清洗后为空，已跳过。来源: 心理治疗规范 （2013年版）.pdf
2026-05-05 14:43:47,517 - app.core.rag - WARNING - 知识片段清洗后为空，已跳过。来源: 心理治疗规范 （2013年版）.pdf
2026-05-05 14:43:47,517 - app.core.rag - WARNING - 知识片段清洗后为空，已跳过。来源: 心理治疗规范 （2013年版）.pdf
2026-05-05 14:43:47,517 - app.core.rag - WARNING - 知识片段清洗后为空，已跳过。来源: 心理治疗规范 （2013年版）.pdf
2026-05-05 14:43:47,518 - app.core.rag - WARNING - 知识片段清洗后为空，已跳过。来源: 心理治疗规范 （2013年版）.pdf
2026-05-05 14:43:47,518 - app.core.rag - WARNING - 知识片段清洗后为空，已跳过。来源: 心理治疗规范 （2013年版）.pdf
2026-05-05 14:43:47,518 - app.core.rag - WARNING - 知识片段清洗后为空，已跳过。来源: 心理治疗规范 （2013年版）.pdf
2026-05-05 14:43:47,518 - app.core.rag - WARNING - 知识片段清洗后为空，已跳过。来源: 心理治疗规范 （2013年版）.pdf
2026-05-05 14:43:47,518 - app.core.rag - WARNING - 知识片段清洗后为空，已跳过。来源: 心理治疗规范 （2013年版）.pdf
2026-05-05 14:43:47,518 - app.core.rag - WARNING - 知识片段清洗后为空，已跳过。来源: 心理治疗规范 （2013年版）.pdf
2026-05-05 14:43:47,519 - app.core.rag - WARNING - 知识片段清洗后为空，已跳过。来源: 心理治疗规范 （2013年版）.pdf
2026-05-05 14:43:47,519 - app.core.rag - WARNING - 知识片段清洗后为空，已跳过。来源: 心理治疗规范 （2013年版）.pdf
2026-05-05 14:43:47,519 - app.core.rag - WARNING - 知识片段清洗后为空，已跳过。来源: 心理治疗规范 （2013年版）.pdf
2026-05-05 14:43:47,519 - app.core.rag - WARNING - 知识片段清洗后为空，已跳过。来源: 流感（季节性）.docx
2026-05-05 14:43:47,520 - app.core.rag - WARNING - 知识片段清洗后为空，已跳过。来源: 流感（季节性）.docx
2026-05-05 14:43:47,520 - app.core.rag - WARNING - 知识片段清洗后为空，已跳过。来源: 流感（季节性）.docx
2026-05-05 14:43:47,520 - app.core.rag - WARNING - 知识片段清洗后为空，已跳过。来源: 狂犬病.docx
2026-05-05 14:43:47,520 - app.core.rag - WARNING - 知识片段清洗后为空，已跳过。来源: 狂犬病.docx
2026-05-05 14:43:47,521 - app.core.rag - WARNING - 知识片段清洗后为空，已跳过。来源: 狂犬病.docx
2026-05-05 14:43:47,521 - app.core.rag - WARNING - 知识片段清洗后为空，已跳过。来源: 狂犬病.docx
2026-05-05 14:43:47,521 - app.core.rag - WARNING - 知识片段清洗后为空，已跳过。来源: 理财规划行业报告2024.docx
2026-05-05 14:43:47,521 - app.core.rag - WARNING - 知识片段清洗后为空，已跳过。来源: 理财规划行业报告2024.docx
2026-05-05 14:43:47,522 - app.core.rag - WARNING - 知识片段清洗后为空，已跳过。来源: 理财规划行业报告2024.docx
2026-05-05 14:43:47,522 - app.core.rag - WARNING - 知识片段清洗后为空，已跳过。来源: 理财规划行业报告2024.docx
2026-05-05 14:43:47,523 - app.core.rag - WARNING - 知识片段清洗后为空，已跳过。来源: 禁止童工的条款.docx
2026-05-05 14:43:47,523 - app.core.rag - WARNING - 知识片段清洗后为空，已跳过。来源: 禁止童工的条款.docx
2026-05-05 14:43:47,523 - app.core.rag - WARNING - 知识片段清洗后为空，已跳过。来源: 禁止童工的条款.docx
2026-05-05 14:43:47,523 - app.core.rag - WARNING - 知识片段清洗后为空，已跳过。来源: 科技人力资源报告2023..docx
2026-05-05 14:43:47,524 - app.core.rag - WARNING - 知识片段清洗后为空，已跳过。来源: 科技人力资源报告2023..docx
2026-05-05 14:43:47,524 - app.core.rag - WARNING - 知识片段清洗后为空，已跳过。来源: 科技咨询服务规范2023国标.docx
2026-05-05 14:43:47,524 - app.core.rag - WARNING - 知识片段清洗后为空，已跳过。来源: 科技咨询服务规范2023国标.docx
2026-05-05 14:43:47,525 - app.core.rag - WARNING - 知识片段清洗后为空，已跳过。来源: 科技咨询服务规范2023国标.docx
2026-05-05 14:43:47,525 - app.core.rag - WARNING - 知识片段清洗后为空，已跳过。来源: 科技服务业发展报告2024.docx
2026-05-05 14:43:47,525 - app.core.rag - WARNING - 知识片段清洗后为空，已跳过。来源: 糖尿病.docx
2026-05-05 14:43:47,525 - app.core.rag - WARNING - 知识片段清洗后为空，已跳过。来源: 糖尿病.docx
2026-05-05 14:43:47,526 - app.core.rag - WARNING - 知识片段清洗后为空，已跳过。来源: 糖尿病.docx
2026-05-05 14:43:47,526 - app.core.rag - WARNING - 知识片段清洗后为空，已跳过。来源: 职场心理健康.docx
2026-05-05 14:43:47,526 - app.core.rag - WARNING - 知识片段清洗后为空，已跳过。来源: 职场心理健康.docx
2026-05-05 14:43:47,527 - app.core.rag - WARNING - 知识片段清洗后为空，已跳过。来源: 职场心理健康.docx
2026-05-05 14:43:47,527 - app.core.rag - WARNING - 知识片段清洗后为空，已跳过。来源: 腰痛.docx
2026-05-05 14:43:47,527 - app.core.rag - WARNING - 知识片段清洗后为空，已跳过。来源: 腰痛.docx
2026-05-05 14:43:47,527 - app.core.rag - WARNING - 知识片段清洗后为空，已跳过。来源: 腰痛.docx
2026-05-05 14:43:47,527 - app.core.rag - WARNING - 知识片段清洗后为空，已跳过。来源: 自闭症.docx
2026-05-05 14:43:47,527 - app.core.rag - WARNING - 知识片段清洗后为空，已跳过。来源: 自闭症.docx
2026-05-05 14:43:47,528 - app.core.rag - WARNING - 知识片段清洗后为空，已跳过。来源: 自闭症.docx
2026-05-05 14:43:47,528 - app.core.rag - WARNING - 知识片段清洗后为空，已跳过。来源: 虚拟朋友.docx
2026-05-05 14:43:47,528 - app.core.rag - WARNING - 知识片段清洗后为空，已跳过。来源: 虚拟朋友.docx
2026-05-05 14:43:47,528 - app.core.rag - WARNING - 知识片段清洗后为空，已跳过。来源: 虚拟朋友.docx
2026-05-05 14:43:47,529 - app.core.rag - WARNING - 知识片段清洗后为空，已跳过。来源: 虚拟朋友.docx
2026-05-05 14:43:47,529 - app.core.rag - WARNING - 知识片段清洗后为空，已跳过。来源: 证券分析师执业行为规范.docx
2026-05-05 14:43:47,529 - app.core.rag - WARNING - 知识片段清洗后为空，已跳过。来源: 证券分析师执业行为规范.docx
2026-05-05 14:43:47,530 - app.core.rag - WARNING - 知识片段清洗后为空，已跳过。来源: 证券分析师执业行为规范.docx
2026-05-05 14:43:47,530 - app.core.rag - WARNING - 知识片段清洗后为空，已跳过。来源: 证券投资顾问业务暂行规定.docx
2026-05-05 14:43:47,530 - app.core.rag - WARNING - 知识片段清洗后为空，已跳过。来源: 证券投资顾问业务暂行规定.docx
2026-05-05 14:43:47,530 - app.core.rag - WARNING - 知识片段清洗后为空，已跳过。来源: 证券投资顾问业务暂行规定.docx
2026-05-05 14:43:47,531 - app.core.rag - WARNING - 知识片段清洗后为空，已跳过。来源: 证券行业发展报告2023.docx
2026-05-05 14:43:47,531 - app.core.rag - WARNING - 知识片段清洗后为空，已跳过。来源: 证券行业发展报告2023.docx
2026-05-05 14:43:47,531 - app.core.rag - WARNING - 知识片段清洗后为空，已跳过。来源: 财富管理白皮书2024.docx
2026-05-05 14:43:47,531 - app.core.rag - WARNING - 知识片段清洗后为空，已跳过。来源: 财富管理白皮书2024.docx
2026-05-05 14:43:47,532 - app.core.rag - WARNING - 知识片段清洗后为空，已跳过。来源: 财富管理白皮书2024.docx
2026-05-05 14:43:47,532 - app.core.rag - WARNING - 知识片段清洗后为空，已跳过。来源: 财富管理白皮书2024.docx
2026-05-05 14:43:47,532 - app.core.rag - WARNING - 知识片段清洗后为空，已跳过。来源: 贫血.docx
2026-05-05 14:43:47,532 - app.core.rag - WARNING - 知识片段清洗后为空，已跳过。来源: 贫血.docx
2026-05-05 14:43:47,533 - app.core.rag - WARNING - 知识片段清洗后为空，已跳过。来源: 贫血.docx
2026-05-05 14:43:47,534 - app.core.rag - WARNING - 知识片段清洗后为空，已跳过。来源: 内置兜底知识
2026-05-05 14:43:47,534 - app.core.rag - WARNING - 知识片段清洗后为空，已跳过。来源: 内置兜底知识
2026-05-05 14:43:47,535 - app.core.rag - WARNING - 知识片段清洗后为空，已跳过。来源: 内置兜底知识
2026-05-05 14:43:47,535 - app.core.rag - WARNING - 知识片段清洗后为空，已跳过。来源: 内置兜底知识
2026-05-05 14:43:47,535 - app.core.rag - WARNING - 知识片段清洗后为空，已跳过。来源: 内置兜底知识
2026-05-05 14:43:47,535 - app.core.rag - WARNING - 知识片段清洗后为空，已跳过。来源: 内置兜底知识
2026-05-05 14:43:47,536 - app.core.rag - WARNING - 知识片段清洗后为空，已跳过。来源: 内置兜底知识
2026-05-05 14:43:47,536 - app.core.rag - WARNING - 知识片段清洗后为空，已跳过。来源: 内置兜底知识
2026-05-05 14:43:47,536 - app.core.rag - WARNING - 知识片段清洗后为空，已跳过。来源: 内置兜底知识
2026-05-05 14:43:47,536 - app.core.rag - WARNING - 知识片段清洗后为空，已跳过。来源: 内置兜底知识
2026-05-05 14:43:47,536 - app.core.rag - WARNING - 知识片段清洗后为空，已跳过。来源: 内置兜底知识
2026-05-05 14:43:47,537 - app.core.rag - WARNING - 知识片段清洗后为空，已跳过。来源: 内置兜底知识
2026-05-05 14:43:47,537 - app.core.rag - WARNING - 知识片段清洗后为空，已跳过。来源: 内置兜底知识
2026-05-05 14:43:47,537 - app.core.rag - WARNING - 知识库缓存为空，无法初始化 BM25 索引
2026-05-05 14:43:47,538 - app.core.rag - INFO - 知识库初始化完成: {'total': 37, 'processed': 0, 'failed': 0, 'from_cache': True, 'role_counts': {'1': 0, '2': 0, '3': 0, '4': 0, '5': 0, '6': 0, '7': 0, '8': 0, '9': 0}, 'processed_files': [], 'failed_files': []}
2026-05-05 14:43:47,763 - sentence_transformers.SentenceTransformer - INFO - Load pretrained SentenceTransformer: C:\Users\freedom\Desktop\专业\模型\bge-base-zh-v1.5
2026-05-05 14:43:48,028 - sentence_transformers.SentenceTransformer - INFO - Use pytorch device_name: cpu
2026-05-05 14:43:48,062 - app.core.rag - INFO - 成功初始化向量化模型
2026-05-05 14:43:48,062 - app.core.rag - INFO - 成功初始化在线大模型
2026-05-05 14:43:48,063 - app.core.rag - INFO - 成功初始化大模型
2026-05-05 14:43:48,063 - app.core.rag - INFO - 知识库目录: C:\Users\freedom\Desktop\多角色聊天机器人\app\knowledge\data
2026-05-05 14:43:48,399 - app.core.rag - WARNING - 知识片段清洗后为空，已跳过。来源: 中华人民共和国国务院组织法.docx
2026-05-05 14:43:48,399 - app.core.rag - WARNING - 知识片段清洗后为空，已跳过。来源: 中华人民共和国妇女权益保护法.docx
2026-05-05 14:43:48,400 - app.core.rag - WARNING - 知识片段清洗后为空，已跳过。来源: 中华人民共和国妇女权益保护法.docx
2026-05-05 14:43:48,400 - app.core.rag - WARNING - 知识片段清洗后为空，已跳过。来源: 中华人民共和国妇女权益保护法.docx
2026-05-05 14:43:48,400 - app.core.rag - WARNING - 知识片段清洗后为空，已跳过。来源: 中华人民共和国妇女权益保护法.docx
2026-05-05 14:43:48,401 - app.core.rag - WARNING - 知识片段清洗后为空，已跳过。来源: 中华人民共和国妇女权益保护法.docx
2026-05-05 14:43:48,401 - app.core.rag - WARNING - 知识片段清洗后为空，已跳过。来源: 中华人民共和国宪法.docx
2026-05-05 14:43:48,401 - app.core.rag - WARNING - 知识片段清洗后为空，已跳过。来源: 中华人民共和国宪法.docx
2026-05-05 14:43:48,401 - app.core.rag - WARNING - 知识片段清洗后为空，已跳过。来源: 中华人民共和国宪法.docx
2026-05-05 14:43:48,402 - app.core.rag - WARNING - 知识片段清洗后为空，已跳过。来源: 中华人民共和国宪法.docx
2026-05-05 14:43:48,402 - app.core.rag - WARNING - 知识片段清洗后为空，已跳过。来源: 中华人民共和国宪法.docx
2026-05-05 14:43:48,402 - app.core.rag - WARNING - 知识片段清洗后为空，已跳过。来源: 中华人民共和国宪法.docx
2026-05-05 14:43:48,402 - app.core.rag - WARNING - 知识片段清洗后为空，已跳过。来源: 中华人民共和国宪法.docx
2026-05-05 14:43:48,402 - app.core.rag - WARNING - 知识片段清洗后为空，已跳过。来源: 中华人民共和国宪法.docx
2026-05-05 14:43:48,402 - app.core.rag - WARNING - 知识片段清洗后为空，已跳过。来源: 中华人民共和国宪法.docx
2026-05-05 14:43:48,403 - app.core.rag - WARNING - 知识片段清洗后为空，已跳过。来源: 中华人民共和国宪法.docx
2026-05-05 14:43:48,403 - app.core.rag - WARNING - 知识片段清洗后为空，已跳过。来源: 中华人民共和国宪法.docx
2026-05-05 14:43:48,403 - app.core.rag - WARNING - 知识片段清洗后为空，已跳过。来源: 中华人民共和国宪法.docx
2026-05-05 14:43:48,403 - app.core.rag - WARNING - 知识片段清洗后为空，已跳过。来源: 中华人民共和国宪法.docx
2026-05-05 14:43:48,403 - app.core.rag - WARNING - 知识片段清洗后为空，已跳过。来源: 中华人民共和国宪法.docx
2026-05-05 14:43:48,403 - app.core.rag - WARNING - 知识片段清洗后为空，已跳过。来源: 中华人民共和国宪法.docx
2026-05-05 14:43:48,403 - app.core.rag - WARNING - 知识片段清洗后为空，已跳过。来源: 中华人民共和国宪法.docx
2026-05-05 14:43:48,404 - app.core.rag - WARNING - 知识片段清洗后为空，已跳过。来源: 中华人民共和国宪法.docx
2026-05-05 14:43:48,404 - app.core.rag - WARNING - 知识片段清洗后为空，已跳过。来源: 中华人民共和国宪法.docx
2026-05-05 14:43:48,404 - app.core.rag - WARNING - 知识片段清洗后为空，已跳过。来源: 中华人民共和国宪法.docx
2026-05-05 14:43:48,404 - app.core.rag - WARNING - 知识片段清洗后为空，已跳过。来源: 中华人民共和国宪法.docx
2026-05-05 14:43:48,404 - app.core.rag - WARNING - 知识片段清洗后为空，已跳过。来源: 中华人民共和国宪法.docx
2026-05-05 14:43:48,405 - app.core.rag - WARNING - 知识片段清洗后为空，已跳过。来源: 中华人民共和国宪法.docx
2026-05-05 14:43:48,405 - app.core.rag - WARNING - 知识片段清洗后为空，已跳过。来源: 中华人民共和国宪法.docx
2026-05-05 14:43:48,405 - app.core.rag - WARNING - 知识片段清洗后为空，已跳过。来源: 中华人民共和国工会法.docx
2026-05-05 14:43:48,405 - app.core.rag - WARNING - 知识片段清洗后为空，已跳过。来源: 中华人民共和国工会法.docx
2026-05-05 14:43:48,405 - app.core.rag - WARNING - 知识片段清洗后为空，已跳过。来源: 中华人民共和国工会法.docx
2026-05-05 14:43:48,406 - app.core.rag - WARNING - 知识片段清洗后为空，已跳过。来源: 中华人民共和国工会法.docx
2026-05-05 14:43:48,406 - app.core.rag - WARNING - 知识片段清洗后为空，已跳过。来源: 中华人民共和国工会法.docx
2026-05-05 14:43:48,406 - app.core.rag - WARNING - 知识片段清洗后为空，已跳过。来源: 中华人民共和国工会法.docx
2026-05-05 14:43:48,406 - app.core.rag - WARNING - 知识片段清洗后为空，已跳过。来源: 中华人民共和国工会法.docx
2026-05-05 14:43:48,406 - app.core.rag - WARNING - 知识片段清洗后为空，已跳过。来源: 中华人民共和国未成年人保护法.docx
2026-05-05 14:43:48,406 - app.core.rag - WARNING - 知识片段清洗后为空，已跳过。来源: 中华人民共和国未成年人保护法.docx
2026-05-05 14:43:48,406 - app.core.rag - WARNING - 知识片段清洗后为空，已跳过。来源: 中华人民共和国未成年人保护法.docx
2026-05-05 14:43:48,406 - app.core.rag - WARNING - 知识片段清洗后为空，已跳过。来源: 中华人民共和国未成年人保护法.docx
2026-05-05 14:43:48,406 - app.core.rag - WARNING - 知识片段清洗后为空，已跳过。来源: 中华人民共和国未成年人保护法.docx
2026-05-05 14:43:48,407 - app.core.rag - WARNING - 知识片段清洗后为空，已跳过。来源: 中华人民共和国未成年人保护法.docx
2026-05-05 14:43:48,407 - app.core.rag - WARNING - 知识片段清洗后为空，已跳过。来源: 中华人民共和国未成年人保护法.docx
2026-05-05 14:43:48,407 - app.core.rag - WARNING - 知识片段清洗后为空，已跳过。来源: 中华人民共和国未成年人保护法.docx
2026-05-05 14:43:48,407 - app.core.rag - WARNING - 知识片段清洗后为空，已跳过。来源: 中华人民共和国民法典_20200528.docx
2026-05-05 14:43:48,407 - app.core.rag - WARNING - 知识片段清洗后为空，已跳过。来源: 中华人民共和国民法典_20200528.docx
2026-05-05 14:43:48,407 - app.core.rag - WARNING - 知识片段清洗后为空，已跳过。来源: 中华人民共和国民法典_20200528.docx
2026-05-05 14:43:48,407 - app.core.rag - WARNING - 知识片段清洗后为空，已跳过。来源: 中华人民共和国民法典_20200528.docx
2026-05-05 14:43:48,407 - app.core.rag - WARNING - 知识片段清洗后为空，已跳过。来源: 中华人民共和国民法典_20200528.docx
2026-05-05 14:43:48,408 - app.core.rag - WARNING - 知识片段清洗后为空，已跳过。来源: 中华人民共和国民法典_20200528.docx
2026-05-05 14:43:48,408 - app.core.rag - WARNING - 知识片段清洗后为空，已跳过。来源: 中华人民共和国民法典_20200528.docx
2026-05-05 14:43:48,408 - app.core.rag - WARNING - 知识片段清洗后为空，已跳过。来源: 中华人民共和国民法典_20200528.docx
2026-05-05 14:43:48,408 - app.core.rag - WARNING - 知识片段清洗后为空，已跳过。来源: 中华人民共和国民法典_20200528.docx
2026-05-05 14:43:48,408 - app.core.rag - WARNING - 知识片段清洗后为空，已跳过。来源: 中华人民共和国民法典_20200528.docx
2026-05-05 14:43:48,409 - app.core.rag - WARNING - 知识片段清洗后为空，已跳过。来源: 中华人民共和国民法典_20200528.docx
2026-05-05 14:43:48,409 - app.core.rag - WARNING - 知识片段清洗后为空，已跳过。来源: 中华人民共和国民法典_20200528.docx
2026-05-05 14:43:48,409 - app.core.rag - WARNING - 知识片段清洗后为空，已跳过。来源: 中华人民共和国民法典_20200528.docx
2026-05-05 14:43:48,409 - app.core.rag - WARNING - 知识片段清洗后为空，已跳过。来源: 中华人民共和国民法典_20200528.docx
2026-05-05 14:43:48,409 - app.core.rag - WARNING - 知识片段清洗后为空，已跳过。来源: 中华人民共和国民法典_20200528.docx
2026-05-05 14:43:48,409 - app.core.rag - WARNING - 知识片段清洗后为空，已跳过。来源: 中华人民共和国民法典_20200528.docx
2026-05-05 14:43:48,409 - app.core.rag - WARNING - 知识片段清洗后为空，已跳过。来源: 中华人民共和国民法典_20200528.docx
2026-05-05 14:43:48,410 - app.core.rag - WARNING - 知识片段清洗后为空，已跳过。来源: 中华人民共和国民法典_20200528.docx
2026-05-05 14:43:48,410 - app.core.rag - WARNING - 知识片段清洗后为空，已跳过。来源: 中华人民共和国民法典_20200528.docx
2026-05-05 14:43:48,410 - app.core.rag - WARNING - 知识片段清洗后为空，已跳过。来源: 中华人民共和国民法典_20200528.docx
2026-05-05 14:43:48,410 - app.core.rag - WARNING - 知识片段清洗后为空，已跳过。来源: 中华人民共和国民法典_20200528.docx
2026-05-05 14:43:48,410 - app.core.rag - WARNING - 知识片段清洗后为空，已跳过。来源: 中华人民共和国民法典_20200528.docx
2026-05-05 14:43:48,411 - app.core.rag - WARNING - 知识片段清洗后为空，已跳过。来源: 中华人民共和国民法典_20200528.docx
2026-05-05 14:43:48,411 - app.core.rag - WARNING - 知识片段清洗后为空，已跳过。来源: 中华人民共和国民法典_20200528.docx
2026-05-05 14:43:48,411 - app.core.rag - WARNING - 知识片段清洗后为空，已跳过。来源: 中华人民共和国民法典_20200528.docx
2026-05-05 14:43:48,412 - app.core.rag - WARNING - 知识片段清洗后为空，已跳过。来源: 中华人民共和国民法典_20200528.docx
2026-05-05 14:43:48,412 - app.core.rag - WARNING - 知识片段清洗后为空，已跳过。来源: 中华人民共和国民法典_20200528.docx
2026-05-05 14:43:48,412 - app.core.rag - WARNING - 知识片段清洗后为空，已跳过。来源: 中华人民共和国民法典_20200528.docx
2026-05-05 14:43:48,412 - app.core.rag - WARNING - 知识片段清洗后为空，已跳过。来源: 中华人民共和国民法典_20200528.docx
2026-05-05 14:43:48,412 - app.core.rag - WARNING - 知识片段清洗后为空，已跳过。来源: 中华人民共和国民法典_20200528.docx
2026-05-05 14:43:48,413 - app.core.rag - WARNING - 知识片段清洗后为空，已跳过。来源: 中华人民共和国民法典_20200528.docx
2026-05-05 14:43:48,413 - app.core.rag - WARNING - 知识片段清洗后为空，已跳过。来源: 中华人民共和国民法典_20200528.docx
2026-05-05 14:43:48,413 - app.core.rag - WARNING - 知识片段清洗后为空，已跳过。来源: 中华人民共和国民法典_20200528.docx
2026-05-05 14:43:48,413 - app.core.rag - WARNING - 知识片段清洗后为空，已跳过。来源: 中华人民共和国民法典_20200528.docx
2026-05-05 14:43:48,413 - app.core.rag - WARNING - 知识片段清洗后为空，已跳过。来源: 中华人民共和国民法典_20200528.docx
2026-05-05 14:43:48,414 - app.core.rag - WARNING - 知识片段清洗后为空，已跳过。来源: 中华人民共和国民法典_20200528.docx
2026-05-05 14:43:48,414 - app.core.rag - WARNING - 知识片段清洗后为空，已跳过。来源: 中华人民共和国民法典_20200528.docx
2026-05-05 14:43:48,414 - app.core.rag - WARNING - 知识片段清洗后为空，已跳过。来源: 中华人民共和国民法典_20200528.docx
2026-05-05 14:43:48,414 - app.core.rag - WARNING - 知识片段清洗后为空，已跳过。来源: 中华人民共和国民法典_20200528.docx
2026-05-05 14:43:48,414 - app.core.rag - WARNING - 知识片段清洗后为空，已跳过。来源: 中华人民共和国民法典_20200528.docx
2026-05-05 14:43:48,414 - app.core.rag - WARNING - 知识片段清洗后为空，已跳过。来源: 中华人民共和国民法典_20200528.docx
2026-05-05 14:43:48,414 - app.core.rag - WARNING - 知识片段清洗后为空，已跳过。来源: 中华人民共和国民法典_20200528.docx
2026-05-05 14:43:48,414 - app.core.rag - WARNING - 知识片段清洗后为空，已跳过。来源: 中华人民共和国民法典_20200528.docx
2026-05-05 14:43:48,414 - app.core.rag - WARNING - 知识片段清洗后为空，已跳过。来源: 中华人民共和国民法典_20200528.docx
2026-05-05 14:43:48,414 - app.core.rag - WARNING - 知识片段清洗后为空，已跳过。来源: 中华人民共和国民法典_20200528.docx
2026-05-05 14:43:48,416 - app.core.rag - WARNING - 知识片段清洗后为空，已跳过。来源: 中华人民共和国民法典_20200528.docx
2026-05-05 14:43:48,416 - app.core.rag - WARNING - 知识片段清洗后为空，已跳过。来源: 中华人民共和国民法典_20200528.docx
2026-05-05 14:43:48,416 - app.core.rag - WARNING - 知识片段清洗后为空，已跳过。来源: 中华人民共和国民法典_20200528.docx
2026-05-05 14:43:48,416 - app.core.rag - WARNING - 知识片段清洗后为空，已跳过。来源: 中华人民共和国民法典_20200528.docx
2026-05-05 14:43:48,416 - app.core.rag - WARNING - 知识片段清洗后为空，已跳过。来源: 中华人民共和国民法典_20200528.docx
2026-05-05 14:43:48,416 - app.core.rag - WARNING - 知识片段清洗后为空，已跳过。来源: 中华人民共和国民法典_20200528.docx
2026-05-05 14:43:48,416 - app.core.rag - WARNING - 知识片段清洗后为空，已跳过。来源: 中华人民共和国民法典_20200528.docx
2026-05-05 14:43:48,416 - app.core.rag - WARNING - 知识片段清洗后为空，已跳过。来源: 中华人民共和国民法典_20200528.docx
2026-05-05 14:43:48,417 - app.core.rag - WARNING - 知识片段清洗后为空，已跳过。来源: 中华人民共和国民法典_20200528.docx
2026-05-05 14:43:48,417 - app.core.rag - WARNING - 知识片段清洗后为空，已跳过。来源: 中华人民共和国民法典_20200528.docx
2026-05-05 14:43:48,417 - app.core.rag - WARNING - 知识片段清洗后为空，已跳过。来源: 中华人民共和国民法典_20200528.docx
2026-05-05 14:43:48,418 - app.core.rag - WARNING - 知识片段清洗后为空，已跳过。来源: 中华人民共和国民法典_20200528.docx
2026-05-05 14:43:48,418 - app.core.rag - WARNING - 知识片段清洗后为空，已跳过。来源: 中华人民共和国民法典_20200528.docx
2026-05-05 14:43:48,418 - app.core.rag - WARNING - 知识片段清洗后为空，已跳过。来源: 中华人民共和国民法典_20200528.docx
2026-05-05 14:43:48,418 - app.core.rag - WARNING - 知识片段清洗后为空，已跳过。来源: 中华人民共和国民法典_20200528.docx
2026-05-05 14:43:48,418 - app.core.rag - WARNING - 知识片段清洗后为空，已跳过。来源: 中华人民共和国民法典_20200528.docx
2026-05-05 14:43:48,418 - app.core.rag - WARNING - 知识片段清洗后为空，已跳过。来源: 中华人民共和国民法典_20200528.docx
2026-05-05 14:43:48,418 - app.core.rag - WARNING - 知识片段清洗后为空，已跳过。来源: 中华人民共和国民法典_20200528.docx
2026-05-05 14:43:48,418 - app.core.rag - WARNING - 知识片段清洗后为空，已跳过。来源: 中华人民共和国民法典_20200528.docx
2026-05-05 14:43:48,419 - app.core.rag - WARNING - 知识片段清洗后为空，已跳过。来源: 中华人民共和国民法典_20200528.docx
2026-05-05 14:43:48,419 - app.core.rag - WARNING - 知识片段清洗后为空，已跳过。来源: 中华人民共和国民法典_20200528.docx
2026-05-05 14:43:48,419 - app.core.rag - WARNING - 知识片段清洗后为空，已跳过。来源: 中华人民共和国民法典_20200528.docx
2026-05-05 14:43:48,419 - app.core.rag - WARNING - 知识片段清洗后为空，已跳过。来源: 中华人民共和国民法典_20200528.docx
2026-05-05 14:43:48,419 - app.core.rag - WARNING - 知识片段清洗后为空，已跳过。来源: 中华人民共和国民法典_20200528.docx
2026-05-05 14:43:48,419 - app.core.rag - WARNING - 知识片段清洗后为空，已跳过。来源: 中华人民共和国民法典_20200528.docx
2026-05-05 14:43:48,419 - app.core.rag - WARNING - 知识片段清洗后为空，已跳过。来源: 中华人民共和国民法典_20200528.docx
2026-05-05 14:43:48,419 - app.core.rag - WARNING - 知识片段清洗后为空，已跳过。来源: 中华人民共和国民法典_20200528.docx
2026-05-05 14:43:48,420 - app.core.rag - WARNING - 知识片段清洗后为空，已跳过。来源: 中华人民共和国民法典_20200528.docx
2026-05-05 14:43:48,420 - app.core.rag - WARNING - 知识片段清洗后为空，已跳过。来源: 中华人民共和国民法典_20200528.docx
2026-05-05 14:43:48,420 - app.core.rag - WARNING - 知识片段清洗后为空，已跳过。来源: 中华人民共和国民法典_20200528.docx
2026-05-05 14:43:48,420 - app.core.rag - WARNING - 知识片段清洗后为空，已跳过。来源: 中华人民共和国民法典_20200528.docx
2026-05-05 14:43:48,421 - app.core.rag - WARNING - 知识片段清洗后为空，已跳过。来源: 中华人民共和国民法典_20200528.docx
2026-05-05 14:43:48,421 - app.core.rag - WARNING - 知识片段清洗后为空，已跳过。来源: 中华人民共和国民法典_20200528.docx
2026-05-05 14:43:48,421 - app.core.rag - WARNING - 知识片段清洗后为空，已跳过。来源: 中华人民共和国民法典_20200528.docx
2026-05-05 14:43:48,421 - app.core.rag - WARNING - 知识片段清洗后为空，已跳过。来源: 中华人民共和国民法典_20200528.docx
2026-05-05 14:43:48,421 - app.core.rag - WARNING - 知识片段清洗后为空，已跳过。来源: 中华人民共和国民法典_20200528.docx
2026-05-05 14:43:48,421 - app.core.rag - WARNING - 知识片段清洗后为空，已跳过。来源: 中华人民共和国民法典_20200528.docx
2026-05-05 14:43:48,421 - app.core.rag - WARNING - 知识片段清洗后为空，已跳过。来源: 中华人民共和国民法典_20200528.docx
2026-05-05 14:43:48,422 - app.core.rag - WARNING - 知识片段清洗后为空，已跳过。来源: 中华人民共和国民法典_20200528.docx
2026-05-05 14:43:48,422 - app.core.rag - WARNING - 知识片段清洗后为空，已跳过。来源: 中华人民共和国民法典_20200528.docx
2026-05-05 14:43:48,422 - app.core.rag - WARNING - 知识片段清洗后为空，已跳过。来源: 中华人民共和国民法典_20200528.docx
2026-05-05 14:43:48,422 - app.core.rag - WARNING - 知识片段清洗后为空，已跳过。来源: 中华人民共和国民法典_20200528.docx
2026-05-05 14:43:48,422 - app.core.rag - WARNING - 知识片段清洗后为空，已跳过。来源: 中华人民共和国民法典_20200528.docx
2026-05-05 14:43:48,423 - app.core.rag - WARNING - 知识片段清洗后为空，已跳过。来源: 中华人民共和国民法典_20200528.docx
2026-05-05 14:43:48,423 - app.core.rag - WARNING - 知识片段清洗后为空，已跳过。来源: 中华人民共和国民法典_20200528.docx
2026-05-05 14:43:48,423 - app.core.rag - WARNING - 知识片段清洗后为空，已跳过。来源: 中华人民共和国民法典_20200528.docx
2026-05-05 14:43:48,423 - app.core.rag - WARNING - 知识片段清洗后为空，已跳过。来源: 中华人民共和国民法典_20200528.docx
2026-05-05 14:43:48,423 - app.core.rag - WARNING - 知识片段清洗后为空，已跳过。来源: 中华人民共和国民法典_20200528.docx
2026-05-05 14:43:48,423 - app.core.rag - WARNING - 知识片段清洗后为空，已跳过。来源: 中华人民共和国民法典_20200528.docx
2026-05-05 14:43:48,423 - app.core.rag - WARNING - 知识片段清洗后为空，已跳过。来源: 中华人民共和国民法典_20200528.docx
2026-05-05 14:43:48,424 - app.core.rag - WARNING - 知识片段清洗后为空，已跳过。来源: 中华人民共和国民法典_20200528.docx
2026-05-05 14:43:48,424 - app.core.rag - WARNING - 知识片段清洗后为空，已跳过。来源: 中华人民共和国民法典_20200528.docx
2026-05-05 14:43:48,424 - app.core.rag - WARNING - 知识片段清洗后为空，已跳过。来源: 中华人民共和国民法典_20200528.docx
2026-05-05 14:43:48,424 - app.core.rag - WARNING - 知识片段清洗后为空，已跳过。来源: 中华人民共和国民法典_20200528.docx
2026-05-05 14:43:48,424 - app.core.rag - WARNING - 知识片段清洗后为空，已跳过。来源: 中华人民共和国民法典_20200528.docx
2026-05-05 14:43:48,424 - app.core.rag - WARNING - 知识片段清洗后为空，已跳过。来源: 中华人民共和国民法典_20200528.docx
2026-05-05 14:43:48,424 - app.core.rag - WARNING - 知识片段清洗后为空，已跳过。来源: 中华人民共和国民法典_20200528.docx
2026-05-05 14:43:48,424 - app.core.rag - WARNING - 知识片段清洗后为空，已跳过。来源: 中华人民共和国民法典_20200528.docx
2026-05-05 14:43:48,424 - app.core.rag - WARNING - 知识片段清洗后为空，已跳过。来源: 中华人民共和国民法典_20200528.docx
2026-05-05 14:43:48,424 - app.core.rag - WARNING - 知识片段清洗后为空，已跳过。来源: 中华人民共和国民法典_20200528.docx
2026-05-05 14:43:48,424 - app.core.rag - WARNING - 知识片段清洗后为空，已跳过。来源: 中华人民共和国民法典_20200528.docx
2026-05-05 14:43:48,424 - app.core.rag - WARNING - 知识片段清洗后为空，已跳过。来源: 中华人民共和国民法典_20200528.docx
2026-05-05 14:43:48,425 - app.core.rag - WARNING - 知识片段清洗后为空，已跳过。来源: 中华人民共和国民法典_20200528.docx
2026-05-05 14:43:48,425 - app.core.rag - WARNING - 知识片段清洗后为空，已跳过。来源: 中华人民共和国民法典_20200528.docx
2026-05-05 14:43:48,425 - app.core.rag - WARNING - 知识片段清洗后为空，已跳过。来源: 中华人民共和国民法典_20200528.docx
2026-05-05 14:43:48,425 - app.core.rag - WARNING - 知识片段清洗后为空，已跳过。来源: 中华人民共和国民法典_20200528.docx
2026-05-05 14:43:48,426 - app.core.rag - WARNING - 知识片段清洗后为空，已跳过。来源: 中华人民共和国民法典_20200528.docx
2026-05-05 14:43:48,426 - app.core.rag - WARNING - 知识片段清洗后为空，已跳过。来源: 中华人民共和国民法典_20200528.docx
2026-05-05 14:43:48,426 - app.core.rag - WARNING - 知识片段清洗后为空，已跳过。来源: 中华人民共和国民法典_20200528.docx
2026-05-05 14:43:48,427 - app.core.rag - WARNING - 知识片段清洗后为空，已跳过。来源: 中华人民共和国民法典_20200528.docx
2026-05-05 14:43:48,427 - app.core.rag - WARNING - 知识片段清洗后为空，已跳过。来源: 中华全国律师协会律师执业行为规范（2024 修订）.docx
2026-05-05 14:43:48,428 - app.core.rag - WARNING - 知识片段清洗后为空，已跳过。来源: 中华全国律师协会律师执业行为规范（2024 修订）.docx
2026-05-05 14:43:48,428 - app.core.rag - WARNING - 知识片段清洗后为空，已跳过。来源: 中华全国律师协会律师执业行为规范（2024 修订）.docx
2026-05-05 14:43:48,428 - app.core.rag - WARNING - 知识片段清洗后为空，已跳过。来源: 中华全国律师协会律师执业行为规范（2024 修订）.docx
2026-05-05 14:43:48,428 - app.core.rag - WARNING - 知识片段清洗后为空，已跳过。来源: 中华全国律师协会律师执业行为规范（2024 修订）.docx
2026-05-05 14:43:48,429 - app.core.rag - WARNING - 知识片段清洗后为空，已跳过。来源: 中华全国律师协会律师执业行为规范（2024 修订）.docx
2026-05-05 14:43:48,429 - app.core.rag - WARNING - 知识片段清洗后为空，已跳过。来源: 中华全国律师协会律师执业行为规范（2024 修订）.docx
2026-05-05 14:43:48,429 - app.core.rag - WARNING - 知识片段清洗后为空，已跳过。来源: 中华全国律师协会律师执业行为规范（2024 修订）.docx
2026-05-05 14:43:48,430 - app.core.rag - WARNING - 知识片段清洗后为空，已跳过。来源: 乳腺癌.docx
2026-05-05 14:43:48,430 - app.core.rag - WARNING - 知识片段清洗后为空，已跳过。来源: 乳腺癌.docx
2026-05-05 14:43:48,430 - app.core.rag - WARNING - 知识片段清洗后为空，已跳过。来源: 乳腺癌.docx
2026-05-05 14:43:48,430 - app.core.rag - WARNING - 知识片段清洗后为空，已跳过。来源: 乳腺癌.docx
2026-05-05 14:43:48,430 - app.core.rag - WARNING - 知识片段清洗后为空，已跳过。来源: 哮喘.docx
2026-05-05 14:43:48,430 - app.core.rag - WARNING - 知识片段清洗后为空，已跳过。来源: 哮喘.docx
2026-05-05 14:43:48,430 - app.core.rag - WARNING - 知识片段清洗后为空，已跳过。来源: 哮喘.docx
2026-05-05 14:43:48,430 - app.core.rag - WARNING - 知识片段清洗后为空，已跳过。来源: 商业银行理财管理办法2024.docx
2026-05-05 14:43:48,431 - app.core.rag - WARNING - 知识片段清洗后为空，已跳过。来源: 商业银行理财管理办法2024.docx
2026-05-05 14:43:48,431 - app.core.rag - WARNING - 知识片段清洗后为空，已跳过。来源: 国家基层高血压防治管理手册2025版.pdf
2026-05-05 14:43:48,431 - app.core.rag - WARNING - 知识片段清洗后为空，已跳过。来源: 国家基层高血压防治管理手册2025版.pdf
2026-05-05 14:43:48,431 - app.core.rag - WARNING - 知识片段清洗后为空，已跳过。来源: 国家基层高血压防治管理手册2025版.pdf
2026-05-05 14:43:48,432 - app.core.rag - WARNING - 知识片段清洗后为空，已跳过。来源: 国家基层高血压防治管理手册2025版.pdf
2026-05-05 14:43:48,432 - app.core.rag - WARNING - 知识片段清洗后为空，已跳过。来源: 国家基层高血压防治管理手册2025版.pdf
2026-05-05 14:43:48,432 - app.core.rag - WARNING - 知识片段清洗后为空，已跳过。来源: 国家基层高血压防治管理手册2025版.pdf
2026-05-05 14:43:48,432 - app.core.rag - WARNING - 知识片段清洗后为空，已跳过。来源: 国家基层高血压防治管理手册2025版.pdf
2026-05-05 14:43:48,432 - app.core.rag - WARNING - 知识片段清洗后为空，已跳过。来源: 国家基层高血压防治管理手册2025版.pdf
2026-05-05 14:43:48,432 - app.core.rag - WARNING - 知识片段清洗后为空，已跳过。来源: 国家基层高血压防治管理手册2025版.pdf
2026-05-05 14:43:48,432 - app.core.rag - WARNING - 知识片段清洗后为空，已跳过。来源: 国家基层高血压防治管理手册2025版.pdf
2026-05-05 14:43:48,432 - app.core.rag - WARNING - 知识片段清洗后为空，已跳过。来源: 国家基层高血压防治管理手册2025版.pdf
2026-05-05 14:43:48,433 - app.core.rag - WARNING - 知识片段清洗后为空，已跳过。来源: 国家基层高血压防治管理手册2025版.pdf
2026-05-05 14:43:48,433 - app.core.rag - WARNING - 知识片段清洗后为空，已跳过。来源: 国家基层高血压防治管理手册2025版.pdf
2026-05-05 14:43:48,433 - app.core.rag - WARNING - 知识片段清洗后为空，已跳过。来源: 国家基层高血压防治管理手册2025版.pdf
2026-05-05 14:43:48,433 - app.core.rag - WARNING - 知识片段清洗后为空，已跳过。来源: 国家基层高血压防治管理手册2025版.pdf
2026-05-05 14:43:48,433 - app.core.rag - WARNING - 知识片段清洗后为空，已跳过。来源: 国家基层高血压防治管理手册2025版.pdf
2026-05-05 14:43:48,433 - app.core.rag - WARNING - 知识片段清洗后为空，已跳过。来源: 国家基层高血压防治管理手册2025版.pdf
2026-05-05 14:43:48,433 - app.core.rag - WARNING - 知识片段清洗后为空，已跳过。来源: 国家基层高血压防治管理手册2025版.pdf
2026-05-05 14:43:48,434 - app.core.rag - WARNING - 知识片段清洗后为空，已跳过。来源: 国家基层高血压防治管理手册2025版.pdf
2026-05-05 14:43:48,434 - app.core.rag - WARNING - 知识片段清洗后为空，已跳过。来源: 国家基层高血压防治管理手册2025版.pdf
2026-05-05 14:43:48,434 - app.core.rag - WARNING - 知识片段清洗后为空，已跳过。来源: 国家基层高血压防治管理手册2025版.pdf
2026-05-05 14:43:48,434 - app.core.rag - WARNING - 知识片段清洗后为空，已跳过。来源: 国家基层高血压防治管理手册2025版.pdf
2026-05-05 14:43:48,434 - app.core.rag - WARNING - 知识片段清洗后为空，已跳过。来源: 国家基层高血压防治管理手册2025版.pdf
2026-05-05 14:43:48,434 - app.core.rag - WARNING - 知识片段清洗后为空，已跳过。来源: 国家基层高血压防治管理手册2025版.pdf
2026-05-05 14:43:48,434 - app.core.rag - WARNING - 知识片段清洗后为空，已跳过。来源: 国家基层高血压防治管理手册2025版.pdf
2026-05-05 14:43:48,434 - app.core.rag - WARNING - 知识片段清洗后为空，已跳过。来源: 国家基层高血压防治管理手册2025版.pdf
2026-05-05 14:43:48,434 - app.core.rag - WARNING - 知识片段清洗后为空，已跳过。来源: 国家基层高血压防治管理手册2025版.pdf
2026-05-05 14:43:48,434 - app.core.rag - WARNING - 知识片段清洗后为空，已跳过。来源: 国家基层高血压防治管理手册2025版.pdf
2026-05-05 14:43:48,434 - app.core.rag - WARNING - 知识片段清洗后为空，已跳过。来源: 国家基层高血压防治管理手册2025版.pdf
2026-05-05 14:43:48,434 - app.core.rag - WARNING - 知识片段清洗后为空，已跳过。来源: 国家基层高血压防治管理手册2025版.pdf
2026-05-05 14:43:48,434 - app.core.rag - WARNING - 知识片段清洗后为空，已跳过。来源: 国家基层高血压防治管理手册2025版.pdf
2026-05-05 14:43:48,436 - app.core.rag - WARNING - 知识片段清洗后为空，已跳过。来源: 国家基层高血压防治管理手册2025版.pdf
2026-05-05 14:43:48,436 - app.core.rag - WARNING - 知识片段清洗后为空，已跳过。来源: 国家基层高血压防治管理手册2025版.pdf
2026-05-05 14:43:48,436 - app.core.rag - WARNING - 知识片段清洗后为空，已跳过。来源: 国家基层高血压防治管理手册2025版.pdf
2026-05-05 14:43:48,436 - app.core.rag - WARNING - 知识片段清洗后为空，已跳过。来源: 国家基层高血压防治管理手册2025版.pdf
2026-05-05 14:43:48,436 - app.core.rag - WARNING - 知识片段清洗后为空，已跳过。来源: 国家基层高血压防治管理手册2025版.pdf
2026-05-05 14:43:48,436 - app.core.rag - WARNING - 知识片段清洗后为空，已跳过。来源: 天体物理学.docx
2026-05-05 14:43:48,436 - app.core.rag - WARNING - 知识片段清洗后为空，已跳过。来源: 天体物理学.docx
2026-05-05 14:43:48,436 - app.core.rag - WARNING - 知识片段清洗后为空，已跳过。来源: 天体物理学.docx
2026-05-05 14:43:48,436 - app.core.rag - WARNING - 知识片段清洗后为空，已跳过。来源: 天体物理学.docx
2026-05-05 14:43:48,436 - app.core.rag - WARNING - 知识片段清洗后为空，已跳过。来源: 天体物理学.docx
2026-05-05 14:43:48,436 - app.core.rag - WARNING - 知识片段清洗后为空，已跳过。来源: 天体物理学.docx
2026-05-05 14:43:48,437 - app.core.rag - WARNING - 知识片段清洗后为空，已跳过。来源: 天体物理学.docx
2026-05-05 14:43:48,437 - app.core.rag - WARNING - 知识片段清洗后为空，已跳过。来源: 天体物理学.docx
2026-05-05 14:43:48,437 - app.core.rag - WARNING - 知识片段清洗后为空，已跳过。来源: 天体物理学.docx
2026-05-05 14:43:48,437 - app.core.rag - WARNING - 知识片段清洗后为空，已跳过。来源: 天体物理学.docx
2026-05-05 14:43:48,438 - app.core.rag - WARNING - 知识片段清洗后为空，已跳过。来源: 天体物理学.docx
2026-05-05 14:43:48,438 - app.core.rag - WARNING - 知识片段清洗后为空，已跳过。来源: 天体物理学.docx
2026-05-05 14:43:48,438 - app.core.rag - WARNING - 知识片段清洗后为空，已跳过。来源: 天体物理学.docx
2026-05-05 14:43:48,438 - app.core.rag - WARNING - 知识片段清洗后为空，已跳过。来源: 天体物理学.docx
2026-05-05 14:43:48,438 - app.core.rag - WARNING - 知识片段清洗后为空，已跳过。来源: 天体物理学.docx
2026-05-05 14:43:48,438 - app.core.rag - WARNING - 知识片段清洗后为空，已跳过。来源: 天体物理学.docx
2026-05-05 14:43:48,439 - app.core.rag - WARNING - 知识片段清洗后为空，已跳过。来源: 天体物理学.docx
2026-05-05 14:43:48,439 - app.core.rag - WARNING - 知识片段清洗后为空，已跳过。来源: 天体物理学.docx
2026-05-05 14:43:48,439 - app.core.rag - WARNING - 知识片段清洗后为空，已跳过。来源: 天体物理学.docx
2026-05-05 14:43:48,439 - app.core.rag - WARNING - 知识片段清洗后为空，已跳过。来源: 天体物理学.docx
2026-05-05 14:43:48,439 - app.core.rag - WARNING - 知识片段清洗后为空，已跳过。来源: 天体物理学.docx
2026-05-05 14:43:48,439 - app.core.rag - WARNING - 知识片段清洗后为空，已跳过。来源: 天体物理学.docx
2026-05-05 14:43:48,439 - app.core.rag - WARNING - 知识片段清洗后为空，已跳过。来源: 天体物理学.docx
2026-05-05 14:43:48,440 - app.core.rag - WARNING - 知识片段清洗后为空，已跳过。来源: 天体物理学.docx
2026-05-05 14:43:48,440 - app.core.rag - WARNING - 知识片段清洗后为空，已跳过。来源: 天体物理学.docx
2026-05-05 14:43:48,440 - app.core.rag - WARNING - 知识片段清洗后为空，已跳过。来源: 天体物理学.docx
2026-05-05 14:43:48,440 - app.core.rag - WARNING - 知识片段清洗后为空，已跳过。来源: 天体物理学.docx
2026-05-05 14:43:48,440 - app.core.rag - WARNING - 知识片段清洗后为空，已跳过。来源: 天体物理学.docx
2026-05-05 14:43:48,440 - app.core.rag - WARNING - 知识片段清洗后为空，已跳过。来源: 天体物理学.docx
2026-05-05 14:43:48,441 - app.core.rag - WARNING - 知识片段清洗后为空，已跳过。来源: 天体物理学.docx
2026-05-05 14:43:48,441 - app.core.rag - WARNING - 知识片段清洗后为空，已跳过。来源: 天体物理学.docx
2026-05-05 14:43:48,441 - app.core.rag - WARNING - 知识片段清洗后为空，已跳过。来源: 天体物理学.docx
2026-05-05 14:43:48,441 - app.core.rag - WARNING - 知识片段清洗后为空，已跳过。来源: 天体物理学.docx
2026-05-05 14:43:48,441 - app.core.rag - WARNING - 知识片段清洗后为空，已跳过。来源: 天体物理学.docx
2026-05-05 14:43:48,441 - app.core.rag - WARNING - 知识片段清洗后为空，已跳过。来源: 天体物理学.docx
2026-05-05 14:43:48,442 - app.core.rag - WARNING - 知识片段清洗后为空，已跳过。来源: 天体物理学.docx
2026-05-05 14:43:48,442 - app.core.rag - WARNING - 知识片段清洗后为空，已跳过。来源: 天体物理学.docx
2026-05-05 14:43:48,442 - app.core.rag - WARNING - 知识片段清洗后为空，已跳过。来源: 天体物理学.docx
2026-05-05 14:43:48,442 - app.core.rag - WARNING - 知识片段清洗后为空，已跳过。来源: 天体物理学.docx
2026-05-05 14:43:48,442 - app.core.rag - WARNING - 知识片段清洗后为空，已跳过。来源: 天体物理学.docx
2026-05-05 14:43:48,443 - app.core.rag - WARNING - 知识片段清洗后为空，已跳过。来源: 天体物理学.docx
2026-05-05 14:43:48,443 - app.core.rag - WARNING - 知识片段清洗后为空，已跳过。来源: 天体物理学.docx
2026-05-05 14:43:48,443 - app.core.rag - WARNING - 知识片段清洗后为空，已跳过。来源: 天体物理学.docx
2026-05-05 14:43:48,443 - app.core.rag - WARNING - 知识片段清洗后为空，已跳过。来源: 天体物理学.docx
2026-05-05 14:43:48,443 - app.core.rag - WARNING - 知识片段清洗后为空，已跳过。来源: 天体物理学.docx
2026-05-05 14:43:48,444 - app.core.rag - WARNING - 知识片段清洗后为空，已跳过。来源: 天体物理学.docx
2026-05-05 14:43:48,444 - app.core.rag - WARNING - 知识片段清洗后为空，已跳过。来源: 天体物理学.docx
2026-05-05 14:43:48,444 - app.core.rag - WARNING - 知识片段清洗后为空，已跳过。来源: 天体物理学.docx
2026-05-05 14:43:48,444 - app.core.rag - WARNING - 知识片段清洗后为空，已跳过。来源: 天体物理学.docx
2026-05-05 14:43:48,444 - app.core.rag - WARNING - 知识片段清洗后为空，已跳过。来源: 天体物理学.docx
2026-05-05 14:43:48,444 - app.core.rag - WARNING - 知识片段清洗后为空，已跳过。来源: 天体物理学.docx
2026-05-05 14:43:48,445 - app.core.rag - WARNING - 知识片段清洗后为空，已跳过。来源: 天体物理学.docx
2026-05-05 14:43:48,445 - app.core.rag - WARNING - 知识片段清洗后为空，已跳过。来源: 天体物理学.docx
2026-05-05 14:43:48,445 - app.core.rag - WARNING - 知识片段清洗后为空，已跳过。来源: 天体物理学.docx
2026-05-05 14:43:48,445 - app.core.rag - WARNING - 知识片段清洗后为空，已跳过。来源: 天体物理学.docx
2026-05-05 14:43:48,445 - app.core.rag - WARNING - 知识片段清洗后为空，已跳过。来源: 天体物理学.docx
2026-05-05 14:43:48,445 - app.core.rag - WARNING - 知识片段清洗后为空，已跳过。来源: 天体物理学.docx
2026-05-05 14:43:48,445 - app.core.rag - WARNING - 知识片段清洗后为空，已跳过。来源: 天体物理学.docx
2026-05-05 14:43:48,445 - app.core.rag - WARNING - 知识片段清洗后为空，已跳过。来源: 天体物理学.docx
2026-05-05 14:43:48,446 - app.core.rag - WARNING - 知识片段清洗后为空，已跳过。来源: 天体物理学.docx
2026-05-05 14:43:48,446 - app.core.rag - WARNING - 知识片段清洗后为空，已跳过。来源: 天体物理学.docx
2026-05-05 14:43:48,446 - app.core.rag - WARNING - 知识片段清洗后为空，已跳过。来源: 天体物理学.docx
2026-05-05 14:43:48,446 - app.core.rag - WARNING - 知识片段清洗后为空，已跳过。来源: 天体物理学.docx
2026-05-05 14:43:48,446 - app.core.rag - WARNING - 知识片段清洗后为空，已跳过。来源: 天体物理学.docx
2026-05-05 14:43:48,446 - app.core.rag - WARNING - 知识片段清洗后为空，已跳过。来源: 天体物理学.docx
2026-05-05 14:43:48,446 - app.core.rag - WARNING - 知识片段清洗后为空，已跳过。来源: 天体物理学.docx
2026-05-05 14:43:48,447 - app.core.rag - WARNING - 知识片段清洗后为空，已跳过。来源: 天体物理学.docx
2026-05-05 14:43:48,447 - app.core.rag - WARNING - 知识片段清洗后为空，已跳过。来源: 天体物理学.docx
2026-05-05 14:43:48,447 - app.core.rag - WARNING - 知识片段清洗后为空，已跳过。来源: 天体物理学.docx
2026-05-05 14:43:48,448 - app.core.rag - WARNING - 知识片段清洗后为空，已跳过。来源: 天体物理学.docx
2026-05-05 14:43:48,448 - app.core.rag - WARNING - 知识片段清洗后为空，已跳过。来源: 天体物理学.docx
2026-05-05 14:43:48,448 - app.core.rag - WARNING - 知识片段清洗后为空，已跳过。来源: 天体物理学.docx
2026-05-05 14:43:48,448 - app.core.rag - WARNING - 知识片段清洗后为空，已跳过。来源: 天体物理学.docx
2026-05-05 14:43:48,448 - app.core.rag - WARNING - 知识片段清洗后为空，已跳过。来源: 天体物理学.docx
2026-05-05 14:43:48,448 - app.core.rag - WARNING - 知识片段清洗后为空，已跳过。来源: 天体物理学.docx
2026-05-05 14:43:48,448 - app.core.rag - WARNING - 知识片段清洗后为空，已跳过。来源: 天体物理学.docx
2026-05-05 14:43:48,448 - app.core.rag - WARNING - 知识片段清洗后为空，已跳过。来源: 天体物理学.docx
2026-05-05 14:43:48,449 - app.core.rag - WARNING - 知识片段清洗后为空，已跳过。来源: 天体物理学.docx
2026-05-05 14:43:48,449 - app.core.rag - WARNING - 知识片段清洗后为空，已跳过。来源: 天体物理学.docx
2026-05-05 14:43:48,449 - app.core.rag - WARNING - 知识片段清洗后为空，已跳过。来源: 天体物理学.docx
2026-05-05 14:43:48,449 - app.core.rag - WARNING - 知识片段清洗后为空，已跳过。来源: 天体物理学.docx
2026-05-05 14:43:48,449 - app.core.rag - WARNING - 知识片段清洗后为空，已跳过。来源: 天体物理学.docx
2026-05-05 14:43:48,449 - app.core.rag - WARNING - 知识片段清洗后为空，已跳过。来源: 天体物理学.docx
2026-05-05 14:43:48,450 - app.core.rag - WARNING - 知识片段清洗后为空，已跳过。来源: 天体物理学.docx
2026-05-05 14:43:48,450 - app.core.rag - WARNING - 知识片段清洗后为空，已跳过。来源: 天体物理学.docx
2026-05-05 14:43:48,450 - app.core.rag - WARNING - 知识片段清洗后为空，已跳过。来源: 天体物理学.docx
2026-05-05 14:43:48,450 - app.core.rag - WARNING - 知识片段清洗后为空，已跳过。来源: 天体物理学.docx
2026-05-05 14:43:48,451 - app.core.rag - WARNING - 知识片段清洗后为空，已跳过。来源: 天体物理学.docx
2026-05-05 14:43:48,451 - app.core.rag - WARNING - 知识片段清洗后为空，已跳过。来源: 天体物理学.docx
2026-05-05 14:43:48,451 - app.core.rag - WARNING - 知识片段清洗后为空，已跳过。来源: 天体物理学.docx
2026-05-05 14:43:48,451 - app.core.rag - WARNING - 知识片段清洗后为空，已跳过。来源: 天体物理学.docx
2026-05-05 14:43:48,451 - app.core.rag - WARNING - 知识片段清洗后为空，已跳过。来源: 天体物理学.docx
2026-05-05 14:43:48,451 - app.core.rag - WARNING - 知识片段清洗后为空，已跳过。来源: 天体物理学.docx
2026-05-05 14:43:48,452 - app.core.rag - WARNING - 知识片段清洗后为空，已跳过。来源: 天体物理学.docx
2026-05-05 14:43:48,452 - app.core.rag - WARNING - 知识片段清洗后为空，已跳过。来源: 天体物理学.docx
2026-05-05 14:43:48,452 - app.core.rag - WARNING - 知识片段清洗后为空，已跳过。来源: 天体物理学.docx
2026-05-05 14:43:48,452 - app.core.rag - WARNING - 知识片段清洗后为空，已跳过。来源: 天体物理学.docx
2026-05-05 14:43:48,453 - app.core.rag - WARNING - 知识片段清洗后为空，已跳过。来源: 天体物理学.docx
2026-05-05 14:43:48,453 - app.core.rag - WARNING - 知识片段清洗后为空，已跳过。来源: 天体物理学.docx
2026-05-05 14:43:48,453 - app.core.rag - WARNING - 知识片段清洗后为空，已跳过。来源: 天体物理学.docx
2026-05-05 14:43:48,453 - app.core.rag - WARNING - 知识片段清洗后为空，已跳过。来源: 天体物理学.docx
2026-05-05 14:43:48,453 - app.core.rag - WARNING - 知识片段清洗后为空，已跳过。来源: 天体物理学.docx
2026-05-05 14:43:48,454 - app.core.rag - WARNING - 知识片段清洗后为空，已跳过。来源: 天体物理学.docx
2026-05-05 14:43:48,454 - app.core.rag - WARNING - 知识片段清洗后为空，已跳过。来源: 天体物理学.docx
2026-05-05 14:43:48,454 - app.core.rag - WARNING - 知识片段清洗后为空，已跳过。来源: 天体物理学.docx
2026-05-05 14:43:48,454 - app.core.rag - WARNING - 知识片段清洗后为空，已跳过。来源: 天体物理学.docx
2026-05-05 14:43:48,454 - app.core.rag - WARNING - 知识片段清洗后为空，已跳过。来源: 天体物理学.docx
2026-05-05 14:43:48,454 - app.core.rag - WARNING - 知识片段清洗后为空，已跳过。来源: 天体物理学.docx
2026-05-05 14:43:48,455 - app.core.rag - WARNING - 知识片段清洗后为空，已跳过。来源: 天体物理学.docx
2026-05-05 14:43:48,455 - app.core.rag - WARNING - 知识片段清洗后为空，已跳过。来源: 天体物理学.docx
2026-05-05 14:43:48,455 - app.core.rag - WARNING - 知识片段清洗后为空，已跳过。来源: 天体物理学.docx
2026-05-05 14:43:48,455 - app.core.rag - WARNING - 知识片段清洗后为空，已跳过。来源: 天体物理学.docx
2026-05-05 14:43:48,455 - app.core.rag - WARNING - 知识片段清洗后为空，已跳过。来源: 天体物理学.docx
2026-05-05 14:43:48,455 - app.core.rag - WARNING - 知识片段清洗后为空，已跳过。来源: 天体物理学.docx
2026-05-05 14:43:48,455 - app.core.rag - WARNING - 知识片段清洗后为空，已跳过。来源: 天体物理学.docx
2026-05-05 14:43:48,455 - app.core.rag - WARNING - 知识片段清洗后为空，已跳过。来源: 天体物理学.docx
2026-05-05 14:43:48,456 - app.core.rag - WARNING - 知识片段清洗后为空，已跳过。来源: 天体物理学.docx
2026-05-05 14:43:48,456 - app.core.rag - WARNING - 知识片段清洗后为空，已跳过。来源: 天体物理学.docx
2026-05-05 14:43:48,456 - app.core.rag - WARNING - 知识片段清洗后为空，已跳过。来源: 天体物理学.docx
2026-05-05 14:43:48,456 - app.core.rag - WARNING - 知识片段清洗后为空，已跳过。来源: 天体物理学.docx
2026-05-05 14:43:48,456 - app.core.rag - WARNING - 知识片段清洗后为空，已跳过。来源: 天体物理学.docx
2026-05-05 14:43:48,456 - app.core.rag - WARNING - 知识片段清洗后为空，已跳过。来源: 天体物理学.docx
2026-05-05 14:43:48,456 - app.core.rag - WARNING - 知识片段清洗后为空，已跳过。来源: 天体物理学.docx
2026-05-05 14:43:48,456 - app.core.rag - WARNING - 知识片段清洗后为空，已跳过。来源: 天体物理学.docx
2026-05-05 14:43:48,457 - app.core.rag - WARNING - 知识片段清洗后为空，已跳过。来源: 天体物理学.docx
2026-05-05 14:43:48,457 - app.core.rag - WARNING - 知识片段清洗后为空，已跳过。来源: 天体物理学.docx
2026-05-05 14:43:48,457 - app.core.rag - WARNING - 知识片段清洗后为空，已跳过。来源: 天体物理学.docx
2026-05-05 14:43:48,457 - app.core.rag - WARNING - 知识片段清洗后为空，已跳过。来源: 天体物理学.docx
2026-05-05 14:43:48,457 - app.core.rag - WARNING - 知识片段清洗后为空，已跳过。来源: 天体物理学.docx
2026-05-05 14:43:48,458 - app.core.rag - WARNING - 知识片段清洗后为空，已跳过。来源: 天体物理学.docx
2026-05-05 14:43:48,458 - app.core.rag - WARNING - 知识片段清洗后为空，已跳过。来源: 天体物理学.docx
2026-05-05 14:43:48,458 - app.core.rag - WARNING - 知识片段清洗后为空，已跳过。来源: 天体物理学.docx
2026-05-05 14:43:48,459 - app.core.rag - WARNING - 知识片段清洗后为空，已跳过。来源: 天体物理学.docx
2026-05-05 14:43:48,459 - app.core.rag - WARNING - 知识片段清洗后为空，已跳过。来源: 天体物理学.docx
2026-05-05 14:43:48,459 - app.core.rag - WARNING - 知识片段清洗后为空，已跳过。来源: 天体物理学.docx
2026-05-05 14:43:48,459 - app.core.rag - WARNING - 知识片段清洗后为空，已跳过。来源: 天体物理学.docx
2026-05-05 14:43:48,460 - app.core.rag - WARNING - 知识片段清洗后为空，已跳过。来源: 天体物理学.docx
2026-05-05 14:43:48,460 - app.core.rag - WARNING - 知识片段清洗后为空，已跳过。来源: 天体物理学.docx
2026-05-05 14:43:48,460 - app.core.rag - WARNING - 知识片段清洗后为空，已跳过。来源: 天体物理学.docx
2026-05-05 14:43:48,460 - app.core.rag - WARNING - 知识片段清洗后为空，已跳过。来源: 天体物理学.docx
2026-05-05 14:43:48,461 - app.core.rag - WARNING - 知识片段清洗后为空，已跳过。来源: 天体物理学.docx
2026-05-05 14:43:48,461 - app.core.rag - WARNING - 知识片段清洗后为空，已跳过。来源: 天体物理学.docx
2026-05-05 14:43:48,461 - app.core.rag - WARNING - 知识片段清洗后为空，已跳过。来源: 天体物理学.docx
2026-05-05 14:43:48,461 - app.core.rag - WARNING - 知识片段清洗后为空，已跳过。来源: 天体物理学.docx
2026-05-05 14:43:48,462 - app.core.rag - WARNING - 知识片段清洗后为空，已跳过。来源: 天体物理学.docx
2026-05-05 14:43:48,462 - app.core.rag - WARNING - 知识片段清洗后为空，已跳过。来源: 天体物理学.docx
2026-05-05 14:43:48,462 - app.core.rag - WARNING - 知识片段清洗后为空，已跳过。来源: 天体物理学.docx
2026-05-05 14:43:48,462 - app.core.rag - WARNING - 知识片段清洗后为空，已跳过。来源: 天体物理学.docx
2026-05-05 14:43:48,462 - app.core.rag - WARNING - 知识片段清洗后为空，已跳过。来源: 天体物理学.docx
2026-05-05 14:43:48,463 - app.core.rag - WARNING - 知识片段清洗后为空，已跳过。来源: 天体物理学.docx
2026-05-05 14:43:48,463 - app.core.rag - WARNING - 知识片段清洗后为空，已跳过。来源: 天体物理学.docx
2026-05-05 14:43:48,463 - app.core.rag - WARNING - 知识片段清洗后为空，已跳过。来源: 天体物理学.docx
2026-05-05 14:43:48,463 - app.core.rag - WARNING - 知识片段清洗后为空，已跳过。来源: 天体物理学.docx
2026-05-05 14:43:48,464 - app.core.rag - WARNING - 知识片段清洗后为空，已跳过。来源: 天体物理学.docx
2026-05-05 14:43:48,464 - app.core.rag - WARNING - 知识片段清洗后为空，已跳过。来源: 天体物理学.docx
2026-05-05 14:43:48,464 - app.core.rag - WARNING - 知识片段清洗后为空，已跳过。来源: 天体物理学.docx
2026-05-05 14:43:48,464 - app.core.rag - WARNING - 知识片段清洗后为空，已跳过。来源: 天体物理学.docx
2026-05-05 14:43:48,464 - app.core.rag - WARNING - 知识片段清洗后为空，已跳过。来源: 天体物理学.docx
2026-05-05 14:43:48,464 - app.core.rag - WARNING - 知识片段清洗后为空，已跳过。来源: 天体物理学.docx
2026-05-05 14:43:48,464 - app.core.rag - WARNING - 知识片段清洗后为空，已跳过。来源: 失明与视力受损.docx
2026-05-05 14:43:48,464 - app.core.rag - WARNING - 知识片段清洗后为空，已跳过。来源: 失明与视力受损.docx
2026-05-05 14:43:48,464 - app.core.rag - WARNING - 知识片段清洗后为空，已跳过。来源: 失明与视力受损.docx
2026-05-05 14:43:48,464 - app.core.rag - WARNING - 知识片段清洗后为空，已跳过。来源: 心理健康.docx
2026-05-05 14:43:48,464 - app.core.rag - WARNING - 知识片段清洗后为空，已跳过。来源: 心理健康.docx
2026-05-05 14:43:48,464 - app.core.rag - WARNING - 知识片段清洗后为空，已跳过。来源: 心理健康.docx
2026-05-05 14:43:48,464 - app.core.rag - WARNING - 知识片段清洗后为空，已跳过。来源: 心理治疗规范 （2013年版）.pdf
2026-05-05 14:43:48,464 - app.core.rag - WARNING - 知识片段清洗后为空，已跳过。来源: 心理治疗规范 （2013年版）.pdf
2026-05-05 14:43:48,466 - app.core.rag - WARNING - 知识片段清洗后为空，已跳过。来源: 心理治疗规范 （2013年版）.pdf
2026-05-05 14:43:48,466 - app.core.rag - WARNING - 知识片段清洗后为空，已跳过。来源: 心理治疗规范 （2013年版）.pdf
2026-05-05 14:43:48,466 - app.core.rag - WARNING - 知识片段清洗后为空，已跳过。来源: 心理治疗规范 （2013年版）.pdf
2026-05-05 14:43:48,466 - app.core.rag - WARNING - 知识片段清洗后为空，已跳过。来源: 心理治疗规范 （2013年版）.pdf
2026-05-05 14:43:48,467 - app.core.rag - WARNING - 知识片段清洗后为空，已跳过。来源: 心理治疗规范 （2013年版）.pdf
2026-05-05 14:43:48,467 - app.core.rag - WARNING - 知识片段清洗后为空，已跳过。来源: 心理治疗规范 （2013年版）.pdf
2026-05-05 14:43:48,467 - app.core.rag - WARNING - 知识片段清洗后为空，已跳过。来源: 心理治疗规范 （2013年版）.pdf
2026-05-05 14:43:48,467 - app.core.rag - WARNING - 知识片段清洗后为空，已跳过。来源: 心理治疗规范 （2013年版）.pdf
2026-05-05 14:43:48,467 - app.core.rag - WARNING - 知识片段清洗后为空，已跳过。来源: 心理治疗规范 （2013年版）.pdf
2026-05-05 14:43:48,467 - app.core.rag - WARNING - 知识片段清洗后为空，已跳过。来源: 心理治疗规范 （2013年版）.pdf
2026-05-05 14:43:48,467 - app.core.rag - WARNING - 知识片段清洗后为空，已跳过。来源: 心理治疗规范 （2013年版）.pdf
2026-05-05 14:43:48,467 - app.core.rag - WARNING - 知识片段清洗后为空，已跳过。来源: 心理治疗规范 （2013年版）.pdf
2026-05-05 14:43:48,467 - app.core.rag - WARNING - 知识片段清洗后为空，已跳过。来源: 心理治疗规范 （2013年版）.pdf
2026-05-05 14:43:48,468 - app.core.rag - WARNING - 知识片段清洗后为空，已跳过。来源: 心理治疗规范 （2013年版）.pdf
2026-05-05 14:43:48,468 - app.core.rag - WARNING - 知识片段清洗后为空，已跳过。来源: 流感（季节性）.docx
2026-05-05 14:43:48,468 - app.core.rag - WARNING - 知识片段清洗后为空，已跳过。来源: 流感（季节性）.docx
2026-05-05 14:43:48,468 - app.core.rag - WARNING - 知识片段清洗后为空，已跳过。来源: 流感（季节性）.docx
2026-05-05 14:43:48,468 - app.core.rag - WARNING - 知识片段清洗后为空，已跳过。来源: 狂犬病.docx
2026-05-05 14:43:48,468 - app.core.rag - WARNING - 知识片段清洗后为空，已跳过。来源: 狂犬病.docx
2026-05-05 14:43:48,469 - app.core.rag - WARNING - 知识片段清洗后为空，已跳过。来源: 狂犬病.docx
2026-05-05 14:43:48,469 - app.core.rag - WARNING - 知识片段清洗后为空，已跳过。来源: 狂犬病.docx
2026-05-05 14:43:48,469 - app.core.rag - WARNING - 知识片段清洗后为空，已跳过。来源: 理财规划行业报告2024.docx
2026-05-05 14:43:48,469 - app.core.rag - WARNING - 知识片段清洗后为空，已跳过。来源: 理财规划行业报告2024.docx
2026-05-05 14:43:48,469 - app.core.rag - WARNING - 知识片段清洗后为空，已跳过。来源: 理财规划行业报告2024.docx
2026-05-05 14:43:48,469 - app.core.rag - WARNING - 知识片段清洗后为空，已跳过。来源: 理财规划行业报告2024.docx
2026-05-05 14:43:48,469 - app.core.rag - WARNING - 知识片段清洗后为空，已跳过。来源: 禁止童工的条款.docx
2026-05-05 14:43:48,470 - app.core.rag - WARNING - 知识片段清洗后为空，已跳过。来源: 禁止童工的条款.docx
2026-05-05 14:43:48,470 - app.core.rag - WARNING - 知识片段清洗后为空，已跳过。来源: 禁止童工的条款.docx
2026-05-05 14:43:48,470 - app.core.rag - WARNING - 知识片段清洗后为空，已跳过。来源: 科技人力资源报告2023..docx
2026-05-05 14:43:48,470 - app.core.rag - WARNING - 知识片段清洗后为空，已跳过。来源: 科技人力资源报告2023..docx
2026-05-05 14:43:48,470 - app.core.rag - WARNING - 知识片段清洗后为空，已跳过。来源: 科技咨询服务规范2023国标.docx
2026-05-05 14:43:48,470 - app.core.rag - WARNING - 知识片段清洗后为空，已跳过。来源: 科技咨询服务规范2023国标.docx
2026-05-05 14:43:48,470 - app.core.rag - WARNING - 知识片段清洗后为空，已跳过。来源: 科技咨询服务规范2023国标.docx
2026-05-05 14:43:48,470 - app.core.rag - WARNING - 知识片段清洗后为空，已跳过。来源: 科技服务业发展报告2024.docx
2026-05-05 14:43:48,471 - app.core.rag - WARNING - 知识片段清洗后为空，已跳过。来源: 糖尿病.docx
2026-05-05 14:43:48,471 - app.core.rag - WARNING - 知识片段清洗后为空，已跳过。来源: 糖尿病.docx
2026-05-05 14:43:48,471 - app.core.rag - WARNING - 知识片段清洗后为空，已跳过。来源: 糖尿病.docx
2026-05-05 14:43:48,471 - app.core.rag - WARNING - 知识片段清洗后为空，已跳过。来源: 职场心理健康.docx
2026-05-05 14:43:48,472 - app.core.rag - WARNING - 知识片段清洗后为空，已跳过。来源: 职场心理健康.docx
2026-05-05 14:43:48,472 - app.core.rag - WARNING - 知识片段清洗后为空，已跳过。来源: 职场心理健康.docx
2026-05-05 14:43:48,472 - app.core.rag - WARNING - 知识片段清洗后为空，已跳过。来源: 腰痛.docx
2026-05-05 14:43:48,472 - app.core.rag - WARNING - 知识片段清洗后为空，已跳过。来源: 腰痛.docx
2026-05-05 14:43:48,472 - app.core.rag - WARNING - 知识片段清洗后为空，已跳过。来源: 腰痛.docx
2026-05-05 14:43:48,472 - app.core.rag - WARNING - 知识片段清洗后为空，已跳过。来源: 自闭症.docx
2026-05-05 14:43:48,472 - app.core.rag - WARNING - 知识片段清洗后为空，已跳过。来源: 自闭症.docx
2026-05-05 14:43:48,473 - app.core.rag - WARNING - 知识片段清洗后为空，已跳过。来源: 自闭症.docx
2026-05-05 14:43:48,473 - app.core.rag - WARNING - 知识片段清洗后为空，已跳过。来源: 虚拟朋友.docx
2026-05-05 14:43:48,473 - app.core.rag - WARNING - 知识片段清洗后为空，已跳过。来源: 虚拟朋友.docx
2026-05-05 14:43:48,473 - app.core.rag - WARNING - 知识片段清洗后为空，已跳过。来源: 虚拟朋友.docx
2026-05-05 14:43:48,473 - app.core.rag - WARNING - 知识片段清洗后为空，已跳过。来源: 虚拟朋友.docx
2026-05-05 14:43:48,473 - app.core.rag - WARNING - 知识片段清洗后为空，已跳过。来源: 证券分析师执业行为规范.docx
2026-05-05 14:43:48,474 - app.core.rag - WARNING - 知识片段清洗后为空，已跳过。来源: 证券分析师执业行为规范.docx
2026-05-05 14:43:48,474 - app.core.rag - WARNING - 知识片段清洗后为空，已跳过。来源: 证券分析师执业行为规范.docx
2026-05-05 14:43:48,475 - app.core.rag - WARNING - 知识片段清洗后为空，已跳过。来源: 证券投资顾问业务暂行规定.docx
2026-05-05 14:43:48,475 - app.core.rag - WARNING - 知识片段清洗后为空，已跳过。来源: 证券投资顾问业务暂行规定.docx
2026-05-05 14:43:48,475 - app.core.rag - WARNING - 知识片段清洗后为空，已跳过。来源: 证券投资顾问业务暂行规定.docx
2026-05-05 14:43:48,475 - app.core.rag - WARNING - 知识片段清洗后为空，已跳过。来源: 证券行业发展报告2023.docx
2026-05-05 14:43:48,475 - app.core.rag - WARNING - 知识片段清洗后为空，已跳过。来源: 证券行业发展报告2023.docx
2026-05-05 14:43:48,475 - app.core.rag - WARNING - 知识片段清洗后为空，已跳过。来源: 财富管理白皮书2024.docx
2026-05-05 14:43:48,475 - app.core.rag - WARNING - 知识片段清洗后为空，已跳过。来源: 财富管理白皮书2024.docx
2026-05-05 14:43:48,476 - app.core.rag - WARNING - 知识片段清洗后为空，已跳过。来源: 财富管理白皮书2024.docx
2026-05-05 14:43:48,476 - app.core.rag - WARNING - 知识片段清洗后为空，已跳过。来源: 财富管理白皮书2024.docx
2026-05-05 14:43:48,476 - app.core.rag - WARNING - 知识片段清洗后为空，已跳过。来源: 贫血.docx
2026-05-05 14:43:48,476 - app.core.rag - WARNING - 知识片段清洗后为空，已跳过。来源: 贫血.docx
2026-05-05 14:43:48,476 - app.core.rag - WARNING - 知识片段清洗后为空，已跳过。来源: 贫血.docx
2026-05-05 14:43:48,478 - app.core.rag - WARNING - 知识片段清洗后为空，已跳过。来源: 内置兜底知识
2026-05-05 14:43:48,478 - app.core.rag - WARNING - 知识片段清洗后为空，已跳过。来源: 内置兜底知识
2026-05-05 14:43:48,478 - app.core.rag - WARNING - 知识片段清洗后为空，已跳过。来源: 内置兜底知识
2026-05-05 14:43:48,478 - app.core.rag - WARNING - 知识片段清洗后为空，已跳过。来源: 内置兜底知识
2026-05-05 14:43:48,478 - app.core.rag - WARNING - 知识片段清洗后为空，已跳过。来源: 内置兜底知识
2026-05-05 14:43:48,478 - app.core.rag - WARNING - 知识片段清洗后为空，已跳过。来源: 内置兜底知识
2026-05-05 14:43:48,479 - app.core.rag - WARNING - 知识片段清洗后为空，已跳过。来源: 内置兜底知识
2026-05-05 14:43:48,479 - app.core.rag - WARNING - 知识片段清洗后为空，已跳过。来源: 内置兜底知识
2026-05-05 14:43:48,479 - app.core.rag - WARNING - 知识片段清洗后为空，已跳过。来源: 内置兜底知识
2026-05-05 14:43:48,479 - app.core.rag - WARNING - 知识片段清洗后为空，已跳过。来源: 内置兜底知识
2026-05-05 14:43:48,479 - app.core.rag - WARNING - 知识片段清洗后为空，已跳过。来源: 内置兜底知识
2026-05-05 14:43:48,480 - app.core.rag - WARNING - 知识片段清洗后为空，已跳过。来源: 内置兜底知识
2026-05-05 14:43:48,480 - app.core.rag - WARNING - 知识片段清洗后为空，已跳过。来源: 内置兜底知识
2026-05-05 14:43:48,480 - app.core.rag - WARNING - 知识库缓存为空，无法初始化 BM25 索引
2026-05-05 14:43:48,480 - app.core.rag - INFO - 知识库初始化完成: {'total': 37, 'processed': 0, 'failed': 0, 'from_cache': True, 'role_counts': {'1': 0, '2': 0, '3': 0, '4': 0, '5': 0, '6': 0, '7': 0, '8': 0, '9': 0}, 'processed_files': [], 'failed_files': []}
2026-05-05 14:45:57,658 - sentence_transformers.SentenceTransformer - INFO - Load pretrained SentenceTransformer: C:\Users\freedom\Desktop\专业\模型\bge-base-zh-v1.5
2026-05-05 14:45:58,097 - sentence_transformers.SentenceTransformer - INFO - Use pytorch device_name: cpu
2026-05-05 14:45:58,106 - app.core.rag - INFO - 成功初始化向量化模型
2026-05-05 14:45:58,106 - app.core.rag - INFO - 成功初始化在线大模型
2026-05-05 14:45:58,106 - app.core.rag - INFO - 成功初始化大模型
2026-05-05 14:45:58,107 - app.core.rag - INFO - 知识库目录: C:\Users\freedom\Desktop\多角色聊天机器人\app\knowledge\data
2026-05-05 14:45:58,409 - app.core.rag - WARNING - 知识片段清洗后为空，已跳过。来源: 中华人民共和国国务院组织法.docx
2026-05-05 14:45:58,409 - app.core.rag - WARNING - 知识片段清洗后为空，已跳过。来源: 中华人民共和国妇女权益保护法.docx
2026-05-05 14:45:58,410 - app.core.rag - WARNING - 知识片段清洗后为空，已跳过。来源: 中华人民共和国妇女权益保护法.docx
2026-05-05 14:45:58,410 - app.core.rag - WARNING - 知识片段清洗后为空，已跳过。来源: 中华人民共和国妇女权益保护法.docx
2026-05-05 14:45:58,410 - app.core.rag - WARNING - 知识片段清洗后为空，已跳过。来源: 中华人民共和国妇女权益保护法.docx
2026-05-05 14:45:58,411 - app.core.rag - WARNING - 知识片段清洗后为空，已跳过。来源: 中华人民共和国妇女权益保护法.docx
2026-05-05 14:45:58,411 - app.core.rag - WARNING - 知识片段清洗后为空，已跳过。来源: 中华人民共和国宪法.docx
2026-05-05 14:45:58,411 - app.core.rag - WARNING - 知识片段清洗后为空，已跳过。来源: 中华人民共和国宪法.docx
2026-05-05 14:45:58,411 - app.core.rag - WARNING - 知识片段清洗后为空，已跳过。来源: 中华人民共和国宪法.docx
2026-05-05 14:45:58,412 - app.core.rag - WARNING - 知识片段清洗后为空，已跳过。来源: 中华人民共和国宪法.docx
2026-05-05 14:45:58,412 - app.core.rag - WARNING - 知识片段清洗后为空，已跳过。来源: 中华人民共和国宪法.docx
2026-05-05 14:45:58,412 - app.core.rag - WARNING - 知识片段清洗后为空，已跳过。来源: 中华人民共和国宪法.docx
2026-05-05 14:45:58,412 - app.core.rag - WARNING - 知识片段清洗后为空，已跳过。来源: 中华人民共和国宪法.docx
2026-05-05 14:45:58,412 - app.core.rag - WARNING - 知识片段清洗后为空，已跳过。来源: 中华人民共和国宪法.docx
2026-05-05 14:45:58,413 - app.core.rag - WARNING - 知识片段清洗后为空，已跳过。来源: 中华人民共和国宪法.docx
2026-05-05 14:45:58,413 - app.core.rag - WARNING - 知识片段清洗后为空，已跳过。来源: 中华人民共和国宪法.docx
2026-05-05 14:45:58,413 - app.core.rag - WARNING - 知识片段清洗后为空，已跳过。来源: 中华人民共和国宪法.docx
2026-05-05 14:45:58,413 - app.core.rag - WARNING - 知识片段清洗后为空，已跳过。来源: 中华人民共和国宪法.docx
2026-05-05 14:45:58,414 - app.core.rag - WARNING - 知识片段清洗后为空，已跳过。来源: 中华人民共和国宪法.docx
2026-05-05 14:45:58,414 - app.core.rag - WARNING - 知识片段清洗后为空，已跳过。来源: 中华人民共和国宪法.docx
2026-05-05 14:45:58,414 - app.core.rag - WARNING - 知识片段清洗后为空，已跳过。来源: 中华人民共和国宪法.docx
2026-05-05 14:45:58,414 - app.core.rag - WARNING - 知识片段清洗后为空，已跳过。来源: 中华人民共和国宪法.docx
2026-05-05 14:45:58,414 - app.core.rag - WARNING - 知识片段清洗后为空，已跳过。来源: 中华人民共和国宪法.docx
2026-05-05 14:45:58,416 - app.core.rag - WARNING - 知识片段清洗后为空，已跳过。来源: 中华人民共和国宪法.docx
2026-05-05 14:45:58,416 - app.core.rag - WARNING - 知识片段清洗后为空，已跳过。来源: 中华人民共和国宪法.docx
2026-05-05 14:45:58,416 - app.core.rag - WARNING - 知识片段清洗后为空，已跳过。来源: 中华人民共和国宪法.docx
2026-05-05 14:45:58,416 - app.core.rag - WARNING - 知识片段清洗后为空，已跳过。来源: 中华人民共和国宪法.docx
2026-05-05 14:45:58,416 - app.core.rag - WARNING - 知识片段清洗后为空，已跳过。来源: 中华人民共和国宪法.docx
2026-05-05 14:45:58,417 - app.core.rag - WARNING - 知识片段清洗后为空，已跳过。来源: 中华人民共和国宪法.docx
2026-05-05 14:45:58,417 - app.core.rag - WARNING - 知识片段清洗后为空，已跳过。来源: 中华人民共和国工会法.docx
2026-05-05 14:45:58,417 - app.core.rag - WARNING - 知识片段清洗后为空，已跳过。来源: 中华人民共和国工会法.docx
2026-05-05 14:45:58,418 - app.core.rag - WARNING - 知识片段清洗后为空，已跳过。来源: 中华人民共和国工会法.docx
2026-05-05 14:45:58,418 - app.core.rag - WARNING - 知识片段清洗后为空，已跳过。来源: 中华人民共和国工会法.docx
2026-05-05 14:45:58,418 - app.core.rag - WARNING - 知识片段清洗后为空，已跳过。来源: 中华人民共和国工会法.docx
2026-05-05 14:45:58,418 - app.core.rag - WARNING - 知识片段清洗后为空，已跳过。来源: 中华人民共和国工会法.docx
2026-05-05 14:45:58,418 - app.core.rag - WARNING - 知识片段清洗后为空，已跳过。来源: 中华人民共和国工会法.docx
2026-05-05 14:45:58,419 - app.core.rag - WARNING - 知识片段清洗后为空，已跳过。来源: 中华人民共和国未成年人保护法.docx
2026-05-05 14:45:58,419 - app.core.rag - WARNING - 知识片段清洗后为空，已跳过。来源: 中华人民共和国未成年人保护法.docx
2026-05-05 14:45:58,419 - app.core.rag - WARNING - 知识片段清洗后为空，已跳过。来源: 中华人民共和国未成年人保护法.docx
2026-05-05 14:45:58,419 - app.core.rag - WARNING - 知识片段清洗后为空，已跳过。来源: 中华人民共和国未成年人保护法.docx
2026-05-05 14:45:58,419 - app.core.rag - WARNING - 知识片段清洗后为空，已跳过。来源: 中华人民共和国未成年人保护法.docx
2026-05-05 14:45:58,419 - app.core.rag - WARNING - 知识片段清洗后为空，已跳过。来源: 中华人民共和国未成年人保护法.docx
2026-05-05 14:45:58,420 - app.core.rag - WARNING - 知识片段清洗后为空，已跳过。来源: 中华人民共和国未成年人保护法.docx
2026-05-05 14:45:58,420 - app.core.rag - WARNING - 知识片段清洗后为空，已跳过。来源: 中华人民共和国未成年人保护法.docx
2026-05-05 14:45:58,420 - app.core.rag - WARNING - 知识片段清洗后为空，已跳过。来源: 中华人民共和国民法典_20200528.docx
2026-05-05 14:45:58,421 - app.core.rag - WARNING - 知识片段清洗后为空，已跳过。来源: 中华人民共和国民法典_20200528.docx
2026-05-05 14:45:58,421 - app.core.rag - WARNING - 知识片段清洗后为空，已跳过。来源: 中华人民共和国民法典_20200528.docx
2026-05-05 14:45:58,421 - app.core.rag - WARNING - 知识片段清洗后为空，已跳过。来源: 中华人民共和国民法典_20200528.docx
2026-05-05 14:45:58,421 - app.core.rag - WARNING - 知识片段清洗后为空，已跳过。来源: 中华人民共和国民法典_20200528.docx
2026-05-05 14:45:58,421 - app.core.rag - WARNING - 知识片段清洗后为空，已跳过。来源: 中华人民共和国民法典_20200528.docx
2026-05-05 14:45:58,422 - app.core.rag - WARNING - 知识片段清洗后为空，已跳过。来源: 中华人民共和国民法典_20200528.docx
2026-05-05 14:45:58,422 - app.core.rag - WARNING - 知识片段清洗后为空，已跳过。来源: 中华人民共和国民法典_20200528.docx
2026-05-05 14:45:58,422 - app.core.rag - WARNING - 知识片段清洗后为空，已跳过。来源: 中华人民共和国民法典_20200528.docx
2026-05-05 14:45:58,422 - app.core.rag - WARNING - 知识片段清洗后为空，已跳过。来源: 中华人民共和国民法典_20200528.docx
2026-05-05 14:45:58,422 - app.core.rag - WARNING - 知识片段清洗后为空，已跳过。来源: 中华人民共和国民法典_20200528.docx
2026-05-05 14:45:58,422 - app.core.rag - WARNING - 知识片段清洗后为空，已跳过。来源: 中华人民共和国民法典_20200528.docx
2026-05-05 14:45:58,422 - app.core.rag - WARNING - 知识片段清洗后为空，已跳过。来源: 中华人民共和国民法典_20200528.docx
2026-05-05 14:45:58,423 - app.core.rag - WARNING - 知识片段清洗后为空，已跳过。来源: 中华人民共和国民法典_20200528.docx
2026-05-05 14:45:58,423 - app.core.rag - WARNING - 知识片段清洗后为空，已跳过。来源: 中华人民共和国民法典_20200528.docx
2026-05-05 14:45:58,423 - app.core.rag - WARNING - 知识片段清洗后为空，已跳过。来源: 中华人民共和国民法典_20200528.docx
2026-05-05 14:45:58,424 - app.core.rag - WARNING - 知识片段清洗后为空，已跳过。来源: 中华人民共和国民法典_20200528.docx
2026-05-05 14:45:58,424 - app.core.rag - WARNING - 知识片段清洗后为空，已跳过。来源: 中华人民共和国民法典_20200528.docx
2026-05-05 14:45:58,424 - app.core.rag - WARNING - 知识片段清洗后为空，已跳过。来源: 中华人民共和国民法典_20200528.docx
2026-05-05 14:45:58,424 - app.core.rag - WARNING - 知识片段清洗后为空，已跳过。来源: 中华人民共和国民法典_20200528.docx
2026-05-05 14:45:58,424 - app.core.rag - WARNING - 知识片段清洗后为空，已跳过。来源: 中华人民共和国民法典_20200528.docx
2026-05-05 14:45:58,425 - app.core.rag - WARNING - 知识片段清洗后为空，已跳过。来源: 中华人民共和国民法典_20200528.docx
2026-05-05 14:45:58,425 - app.core.rag - WARNING - 知识片段清洗后为空，已跳过。来源: 中华人民共和国民法典_20200528.docx
2026-05-05 14:45:58,425 - app.core.rag - WARNING - 知识片段清洗后为空，已跳过。来源: 中华人民共和国民法典_20200528.docx
2026-05-05 14:45:58,425 - app.core.rag - WARNING - 知识片段清洗后为空，已跳过。来源: 中华人民共和国民法典_20200528.docx
2026-05-05 14:45:58,426 - app.core.rag - WARNING - 知识片段清洗后为空，已跳过。来源: 中华人民共和国民法典_20200528.docx
2026-05-05 14:45:58,426 - app.core.rag - WARNING - 知识片段清洗后为空，已跳过。来源: 中华人民共和国民法典_20200528.docx
2026-05-05 14:45:58,426 - app.core.rag - WARNING - 知识片段清洗后为空，已跳过。来源: 中华人民共和国民法典_20200528.docx
2026-05-05 14:45:58,426 - app.core.rag - WARNING - 知识片段清洗后为空，已跳过。来源: 中华人民共和国民法典_20200528.docx
2026-05-05 14:45:58,426 - app.core.rag - WARNING - 知识片段清洗后为空，已跳过。来源: 中华人民共和国民法典_20200528.docx
2026-05-05 14:45:58,427 - app.core.rag - WARNING - 知识片段清洗后为空，已跳过。来源: 中华人民共和国民法典_20200528.docx
2026-05-05 14:45:58,427 - app.core.rag - WARNING - 知识片段清洗后为空，已跳过。来源: 中华人民共和国民法典_20200528.docx
2026-05-05 14:45:58,427 - app.core.rag - WARNING - 知识片段清洗后为空，已跳过。来源: 中华人民共和国民法典_20200528.docx
2026-05-05 14:45:58,428 - app.core.rag - WARNING - 知识片段清洗后为空，已跳过。来源: 中华人民共和国民法典_20200528.docx
2026-05-05 14:45:58,428 - app.core.rag - WARNING - 知识片段清洗后为空，已跳过。来源: 中华人民共和国民法典_20200528.docx
2026-05-05 14:45:58,428 - app.core.rag - WARNING - 知识片段清洗后为空，已跳过。来源: 中华人民共和国民法典_20200528.docx
2026-05-05 14:45:58,428 - app.core.rag - WARNING - 知识片段清洗后为空，已跳过。来源: 中华人民共和国民法典_20200528.docx
2026-05-05 14:45:58,429 - app.core.rag - WARNING - 知识片段清洗后为空，已跳过。来源: 中华人民共和国民法典_20200528.docx
2026-05-05 14:45:58,429 - app.core.rag - WARNING - 知识片段清洗后为空，已跳过。来源: 中华人民共和国民法典_20200528.docx
2026-05-05 14:45:58,429 - app.core.rag - WARNING - 知识片段清洗后为空，已跳过。来源: 中华人民共和国民法典_20200528.docx
2026-05-05 14:45:58,429 - app.core.rag - WARNING - 知识片段清洗后为空，已跳过。来源: 中华人民共和国民法典_20200528.docx
2026-05-05 14:45:58,430 - app.core.rag - WARNING - 知识片段清洗后为空，已跳过。来源: 中华人民共和国民法典_20200528.docx
2026-05-05 14:45:58,430 - app.core.rag - WARNING - 知识片段清洗后为空，已跳过。来源: 中华人民共和国民法典_20200528.docx
2026-05-05 14:45:58,430 - app.core.rag - WARNING - 知识片段清洗后为空，已跳过。来源: 中华人民共和国民法典_20200528.docx
2026-05-05 14:45:58,430 - app.core.rag - WARNING - 知识片段清洗后为空，已跳过。来源: 中华人民共和国民法典_20200528.docx
2026-05-05 14:45:58,431 - app.core.rag - WARNING - 知识片段清洗后为空，已跳过。来源: 中华人民共和国民法典_20200528.docx
2026-05-05 14:45:58,431 - app.core.rag - WARNING - 知识片段清洗后为空，已跳过。来源: 中华人民共和国民法典_20200528.docx
2026-05-05 14:45:58,431 - app.core.rag - WARNING - 知识片段清洗后为空，已跳过。来源: 中华人民共和国民法典_20200528.docx
2026-05-05 14:45:58,431 - app.core.rag - WARNING - 知识片段清洗后为空，已跳过。来源: 中华人民共和国民法典_20200528.docx
2026-05-05 14:45:58,432 - app.core.rag - WARNING - 知识片段清洗后为空，已跳过。来源: 中华人民共和国民法典_20200528.docx
2026-05-05 14:45:58,432 - app.core.rag - WARNING - 知识片段清洗后为空，已跳过。来源: 中华人民共和国民法典_20200528.docx
2026-05-05 14:45:58,432 - app.core.rag - WARNING - 知识片段清洗后为空，已跳过。来源: 中华人民共和国民法典_20200528.docx
2026-05-05 14:45:58,432 - app.core.rag - WARNING - 知识片段清洗后为空，已跳过。来源: 中华人民共和国民法典_20200528.docx
2026-05-05 14:45:58,433 - app.core.rag - WARNING - 知识片段清洗后为空，已跳过。来源: 中华人民共和国民法典_20200528.docx
2026-05-05 14:45:58,433 - app.core.rag - WARNING - 知识片段清洗后为空，已跳过。来源: 中华人民共和国民法典_20200528.docx
2026-05-05 14:45:58,433 - app.core.rag - WARNING - 知识片段清洗后为空，已跳过。来源: 中华人民共和国民法典_20200528.docx
2026-05-05 14:45:58,433 - app.core.rag - WARNING - 知识片段清洗后为空，已跳过。来源: 中华人民共和国民法典_20200528.docx
2026-05-05 14:45:58,433 - app.core.rag - WARNING - 知识片段清洗后为空，已跳过。来源: 中华人民共和国民法典_20200528.docx
2026-05-05 14:45:58,434 - app.core.rag - WARNING - 知识片段清洗后为空，已跳过。来源: 中华人民共和国民法典_20200528.docx
2026-05-05 14:45:58,434 - app.core.rag - WARNING - 知识片段清洗后为空，已跳过。来源: 中华人民共和国民法典_20200528.docx
2026-05-05 14:45:58,434 - app.core.rag - WARNING - 知识片段清洗后为空，已跳过。来源: 中华人民共和国民法典_20200528.docx
2026-05-05 14:45:58,434 - app.core.rag - WARNING - 知识片段清洗后为空，已跳过。来源: 中华人民共和国民法典_20200528.docx
2026-05-05 14:45:58,435 - app.core.rag - WARNING - 知识片段清洗后为空，已跳过。来源: 中华人民共和国民法典_20200528.docx
2026-05-05 14:45:58,435 - app.core.rag - WARNING - 知识片段清洗后为空，已跳过。来源: 中华人民共和国民法典_20200528.docx
2026-05-05 14:45:58,435 - app.core.rag - WARNING - 知识片段清洗后为空，已跳过。来源: 中华人民共和国民法典_20200528.docx
2026-05-05 14:45:58,435 - app.core.rag - WARNING - 知识片段清洗后为空，已跳过。来源: 中华人民共和国民法典_20200528.docx
2026-05-05 14:45:58,435 - app.core.rag - WARNING - 知识片段清洗后为空，已跳过。来源: 中华人民共和国民法典_20200528.docx
2026-05-05 14:45:58,436 - app.core.rag - WARNING - 知识片段清洗后为空，已跳过。来源: 中华人民共和国民法典_20200528.docx
2026-05-05 14:45:58,436 - app.core.rag - WARNING - 知识片段清洗后为空，已跳过。来源: 中华人民共和国民法典_20200528.docx
2026-05-05 14:45:58,436 - app.core.rag - WARNING - 知识片段清洗后为空，已跳过。来源: 中华人民共和国民法典_20200528.docx
2026-05-05 14:45:58,436 - app.core.rag - WARNING - 知识片段清洗后为空，已跳过。来源: 中华人民共和国民法典_20200528.docx
2026-05-05 14:45:58,436 - app.core.rag - WARNING - 知识片段清洗后为空，已跳过。来源: 中华人民共和国民法典_20200528.docx
2026-05-05 14:45:58,437 - app.core.rag - WARNING - 知识片段清洗后为空，已跳过。来源: 中华人民共和国民法典_20200528.docx
2026-05-05 14:45:58,437 - app.core.rag - WARNING - 知识片段清洗后为空，已跳过。来源: 中华人民共和国民法典_20200528.docx
2026-05-05 14:45:58,437 - app.core.rag - WARNING - 知识片段清洗后为空，已跳过。来源: 中华人民共和国民法典_20200528.docx
2026-05-05 14:45:58,437 - app.core.rag - WARNING - 知识片段清洗后为空，已跳过。来源: 中华人民共和国民法典_20200528.docx
2026-05-05 14:45:58,437 - app.core.rag - WARNING - 知识片段清洗后为空，已跳过。来源: 中华人民共和国民法典_20200528.docx
2026-05-05 14:45:58,438 - app.core.rag - WARNING - 知识片段清洗后为空，已跳过。来源: 中华人民共和国民法典_20200528.docx
2026-05-05 14:45:58,438 - app.core.rag - WARNING - 知识片段清洗后为空，已跳过。来源: 中华人民共和国民法典_20200528.docx
2026-05-05 14:45:58,438 - app.core.rag - WARNING - 知识片段清洗后为空，已跳过。来源: 中华人民共和国民法典_20200528.docx
2026-05-05 14:45:58,438 - app.core.rag - WARNING - 知识片段清洗后为空，已跳过。来源: 中华人民共和国民法典_20200528.docx
2026-05-05 14:45:58,438 - app.core.rag - WARNING - 知识片段清洗后为空，已跳过。来源: 中华人民共和国民法典_20200528.docx
2026-05-05 14:45:58,438 - app.core.rag - WARNING - 知识片段清洗后为空，已跳过。来源: 中华人民共和国民法典_20200528.docx
2026-05-05 14:45:58,438 - app.core.rag - WARNING - 知识片段清洗后为空，已跳过。来源: 中华人民共和国民法典_20200528.docx
2026-05-05 14:45:58,438 - app.core.rag - WARNING - 知识片段清洗后为空，已跳过。来源: 中华人民共和国民法典_20200528.docx
2026-05-05 14:45:58,439 - app.core.rag - WARNING - 知识片段清洗后为空，已跳过。来源: 中华人民共和国民法典_20200528.docx
2026-05-05 14:45:58,439 - app.core.rag - WARNING - 知识片段清洗后为空，已跳过。来源: 中华人民共和国民法典_20200528.docx
2026-05-05 14:45:58,439 - app.core.rag - WARNING - 知识片段清洗后为空，已跳过。来源: 中华人民共和国民法典_20200528.docx
2026-05-05 14:45:58,439 - app.core.rag - WARNING - 知识片段清洗后为空，已跳过。来源: 中华人民共和国民法典_20200528.docx
2026-05-05 14:45:58,439 - app.core.rag - WARNING - 知识片段清洗后为空，已跳过。来源: 中华人民共和国民法典_20200528.docx
2026-05-05 14:45:58,439 - app.core.rag - WARNING - 知识片段清洗后为空，已跳过。来源: 中华人民共和国民法典_20200528.docx
2026-05-05 14:45:58,439 - app.core.rag - WARNING - 知识片段清洗后为空，已跳过。来源: 中华人民共和国民法典_20200528.docx
2026-05-05 14:45:58,440 - app.core.rag - WARNING - 知识片段清洗后为空，已跳过。来源: 中华人民共和国民法典_20200528.docx
2026-05-05 14:45:58,440 - app.core.rag - WARNING - 知识片段清洗后为空，已跳过。来源: 中华人民共和国民法典_20200528.docx
2026-05-05 14:45:58,440 - app.core.rag - WARNING - 知识片段清洗后为空，已跳过。来源: 中华人民共和国民法典_20200528.docx
2026-05-05 14:45:58,440 - app.core.rag - WARNING - 知识片段清洗后为空，已跳过。来源: 中华人民共和国民法典_20200528.docx
2026-05-05 14:45:58,441 - app.core.rag - WARNING - 知识片段清洗后为空，已跳过。来源: 中华人民共和国民法典_20200528.docx
2026-05-05 14:45:58,441 - app.core.rag - WARNING - 知识片段清洗后为空，已跳过。来源: 中华人民共和国民法典_20200528.docx
2026-05-05 14:45:58,441 - app.core.rag - WARNING - 知识片段清洗后为空，已跳过。来源: 中华人民共和国民法典_20200528.docx
2026-05-05 14:45:58,441 - app.core.rag - WARNING - 知识片段清洗后为空，已跳过。来源: 中华人民共和国民法典_20200528.docx
2026-05-05 14:45:58,441 - app.core.rag - WARNING - 知识片段清洗后为空，已跳过。来源: 中华人民共和国民法典_20200528.docx
2026-05-05 14:45:58,441 - app.core.rag - WARNING - 知识片段清洗后为空，已跳过。来源: 中华人民共和国民法典_20200528.docx
2026-05-05 14:45:58,443 - app.core.rag - WARNING - 知识片段清洗后为空，已跳过。来源: 中华人民共和国民法典_20200528.docx
2026-05-05 14:45:58,443 - app.core.rag - WARNING - 知识片段清洗后为空，已跳过。来源: 中华人民共和国民法典_20200528.docx
2026-05-05 14:45:58,443 - app.core.rag - WARNING - 知识片段清洗后为空，已跳过。来源: 中华人民共和国民法典_20200528.docx
2026-05-05 14:45:58,443 - app.core.rag - WARNING - 知识片段清洗后为空，已跳过。来源: 中华人民共和国民法典_20200528.docx
2026-05-05 14:45:58,443 - app.core.rag - WARNING - 知识片段清洗后为空，已跳过。来源: 中华人民共和国民法典_20200528.docx
2026-05-05 14:45:58,444 - app.core.rag - WARNING - 知识片段清洗后为空，已跳过。来源: 中华人民共和国民法典_20200528.docx
2026-05-05 14:45:58,444 - app.core.rag - WARNING - 知识片段清洗后为空，已跳过。来源: 中华人民共和国民法典_20200528.docx
2026-05-05 14:45:58,444 - app.core.rag - WARNING - 知识片段清洗后为空，已跳过。来源: 中华人民共和国民法典_20200528.docx
2026-05-05 14:45:58,444 - app.core.rag - WARNING - 知识片段清洗后为空，已跳过。来源: 中华人民共和国民法典_20200528.docx
2026-05-05 14:45:58,444 - app.core.rag - WARNING - 知识片段清洗后为空，已跳过。来源: 中华人民共和国民法典_20200528.docx
2026-05-05 14:45:58,445 - app.core.rag - WARNING - 知识片段清洗后为空，已跳过。来源: 中华人民共和国民法典_20200528.docx
2026-05-05 14:45:58,445 - app.core.rag - WARNING - 知识片段清洗后为空，已跳过。来源: 中华人民共和国民法典_20200528.docx
2026-05-05 14:45:58,445 - app.core.rag - WARNING - 知识片段清洗后为空，已跳过。来源: 中华人民共和国民法典_20200528.docx
2026-05-05 14:45:58,445 - app.core.rag - WARNING - 知识片段清洗后为空，已跳过。来源: 中华全国律师协会律师执业行为规范（2024 修订）.docx
2026-05-05 14:45:58,445 - app.core.rag - WARNING - 知识片段清洗后为空，已跳过。来源: 中华全国律师协会律师执业行为规范（2024 修订）.docx
2026-05-05 14:45:58,446 - app.core.rag - WARNING - 知识片段清洗后为空，已跳过。来源: 中华全国律师协会律师执业行为规范（2024 修订）.docx
2026-05-05 14:45:58,446 - app.core.rag - WARNING - 知识片段清洗后为空，已跳过。来源: 中华全国律师协会律师执业行为规范（2024 修订）.docx
2026-05-05 14:45:58,446 - app.core.rag - WARNING - 知识片段清洗后为空，已跳过。来源: 中华全国律师协会律师执业行为规范（2024 修订）.docx
2026-05-05 14:45:58,446 - app.core.rag - WARNING - 知识片段清洗后为空，已跳过。来源: 中华全国律师协会律师执业行为规范（2024 修订）.docx
2026-05-05 14:45:58,447 - app.core.rag - WARNING - 知识片段清洗后为空，已跳过。来源: 中华全国律师协会律师执业行为规范（2024 修订）.docx
2026-05-05 14:45:58,447 - app.core.rag - WARNING - 知识片段清洗后为空，已跳过。来源: 中华全国律师协会律师执业行为规范（2024 修订）.docx
2026-05-05 14:45:58,447 - app.core.rag - WARNING - 知识片段清洗后为空，已跳过。来源: 乳腺癌.docx
2026-05-05 14:45:58,447 - app.core.rag - WARNING - 知识片段清洗后为空，已跳过。来源: 乳腺癌.docx
2026-05-05 14:45:58,448 - app.core.rag - WARNING - 知识片段清洗后为空，已跳过。来源: 乳腺癌.docx
2026-05-05 14:45:58,448 - app.core.rag - WARNING - 知识片段清洗后为空，已跳过。来源: 乳腺癌.docx
2026-05-05 14:45:58,448 - app.core.rag - WARNING - 知识片段清洗后为空，已跳过。来源: 哮喘.docx
2026-05-05 14:45:58,448 - app.core.rag - WARNING - 知识片段清洗后为空，已跳过。来源: 哮喘.docx
2026-05-05 14:45:58,448 - app.core.rag - WARNING - 知识片段清洗后为空，已跳过。来源: 哮喘.docx
2026-05-05 14:45:58,449 - app.core.rag - WARNING - 知识片段清洗后为空，已跳过。来源: 商业银行理财管理办法2024.docx
2026-05-05 14:45:58,449 - app.core.rag - WARNING - 知识片段清洗后为空，已跳过。来源: 商业银行理财管理办法2024.docx
2026-05-05 14:45:58,449 - app.core.rag - WARNING - 知识片段清洗后为空，已跳过。来源: 国家基层高血压防治管理手册2025版.pdf
2026-05-05 14:45:58,449 - app.core.rag - WARNING - 知识片段清洗后为空，已跳过。来源: 国家基层高血压防治管理手册2025版.pdf
2026-05-05 14:45:58,449 - app.core.rag - WARNING - 知识片段清洗后为空，已跳过。来源: 国家基层高血压防治管理手册2025版.pdf
2026-05-05 14:45:58,450 - app.core.rag - WARNING - 知识片段清洗后为空，已跳过。来源: 国家基层高血压防治管理手册2025版.pdf
2026-05-05 14:45:58,450 - app.core.rag - WARNING - 知识片段清洗后为空，已跳过。来源: 国家基层高血压防治管理手册2025版.pdf
2026-05-05 14:45:58,450 - app.core.rag - WARNING - 知识片段清洗后为空，已跳过。来源: 国家基层高血压防治管理手册2025版.pdf
2026-05-05 14:45:58,450 - app.core.rag - WARNING - 知识片段清洗后为空，已跳过。来源: 国家基层高血压防治管理手册2025版.pdf
2026-05-05 14:45:58,450 - app.core.rag - WARNING - 知识片段清洗后为空，已跳过。来源: 国家基层高血压防治管理手册2025版.pdf
2026-05-05 14:45:58,450 - app.core.rag - WARNING - 知识片段清洗后为空，已跳过。来源: 国家基层高血压防治管理手册2025版.pdf
2026-05-05 14:45:58,450 - app.core.rag - WARNING - 知识片段清洗后为空，已跳过。来源: 国家基层高血压防治管理手册2025版.pdf
2026-05-05 14:45:58,450 - app.core.rag - WARNING - 知识片段清洗后为空，已跳过。来源: 国家基层高血压防治管理手册2025版.pdf
2026-05-05 14:45:58,451 - app.core.rag - WARNING - 知识片段清洗后为空，已跳过。来源: 国家基层高血压防治管理手册2025版.pdf
2026-05-05 14:45:58,451 - app.core.rag - WARNING - 知识片段清洗后为空，已跳过。来源: 国家基层高血压防治管理手册2025版.pdf
2026-05-05 14:45:58,451 - app.core.rag - WARNING - 知识片段清洗后为空，已跳过。来源: 国家基层高血压防治管理手册2025版.pdf
2026-05-05 14:45:58,451 - app.core.rag - WARNING - 知识片段清洗后为空，已跳过。来源: 国家基层高血压防治管理手册2025版.pdf
2026-05-05 14:45:58,451 - app.core.rag - WARNING - 知识片段清洗后为空，已跳过。来源: 国家基层高血压防治管理手册2025版.pdf
2026-05-05 14:45:58,451 - app.core.rag - WARNING - 知识片段清洗后为空，已跳过。来源: 国家基层高血压防治管理手册2025版.pdf
2026-05-05 14:45:58,452 - app.core.rag - WARNING - 知识片段清洗后为空，已跳过。来源: 国家基层高血压防治管理手册2025版.pdf
2026-05-05 14:45:58,452 - app.core.rag - WARNING - 知识片段清洗后为空，已跳过。来源: 国家基层高血压防治管理手册2025版.pdf
2026-05-05 14:45:58,452 - app.core.rag - WARNING - 知识片段清洗后为空，已跳过。来源: 国家基层高血压防治管理手册2025版.pdf
2026-05-05 14:45:58,452 - app.core.rag - WARNING - 知识片段清洗后为空，已跳过。来源: 国家基层高血压防治管理手册2025版.pdf
2026-05-05 14:45:58,453 - app.core.rag - WARNING - 知识片段清洗后为空，已跳过。来源: 国家基层高血压防治管理手册2025版.pdf
2026-05-05 14:45:58,453 - app.core.rag - WARNING - 知识片段清洗后为空，已跳过。来源: 国家基层高血压防治管理手册2025版.pdf
2026-05-05 14:45:58,453 - app.core.rag - WARNING - 知识片段清洗后为空，已跳过。来源: 国家基层高血压防治管理手册2025版.pdf
2026-05-05 14:45:58,453 - app.core.rag - WARNING - 知识片段清洗后为空，已跳过。来源: 国家基层高血压防治管理手册2025版.pdf
2026-05-05 14:45:58,453 - app.core.rag - WARNING - 知识片段清洗后为空，已跳过。来源: 国家基层高血压防治管理手册2025版.pdf
2026-05-05 14:45:58,454 - app.core.rag - WARNING - 知识片段清洗后为空，已跳过。来源: 国家基层高血压防治管理手册2025版.pdf
2026-05-05 14:45:58,454 - app.core.rag - WARNING - 知识片段清洗后为空，已跳过。来源: 国家基层高血压防治管理手册2025版.pdf
2026-05-05 14:45:58,454 - app.core.rag - WARNING - 知识片段清洗后为空，已跳过。来源: 国家基层高血压防治管理手册2025版.pdf
2026-05-05 14:45:58,454 - app.core.rag - WARNING - 知识片段清洗后为空，已跳过。来源: 国家基层高血压防治管理手册2025版.pdf
2026-05-05 14:45:58,454 - app.core.rag - WARNING - 知识片段清洗后为空，已跳过。来源: 国家基层高血压防治管理手册2025版.pdf
2026-05-05 14:45:58,455 - app.core.rag - WARNING - 知识片段清洗后为空，已跳过。来源: 国家基层高血压防治管理手册2025版.pdf
2026-05-05 14:45:58,455 - app.core.rag - WARNING - 知识片段清洗后为空，已跳过。来源: 国家基层高血压防治管理手册2025版.pdf
2026-05-05 14:45:58,455 - app.core.rag - WARNING - 知识片段清洗后为空，已跳过。来源: 国家基层高血压防治管理手册2025版.pdf
2026-05-05 14:45:58,455 - app.core.rag - WARNING - 知识片段清洗后为空，已跳过。来源: 国家基层高血压防治管理手册2025版.pdf
2026-05-05 14:45:58,455 - app.core.rag - WARNING - 知识片段清洗后为空，已跳过。来源: 国家基层高血压防治管理手册2025版.pdf
2026-05-05 14:45:58,456 - app.core.rag - WARNING - 知识片段清洗后为空，已跳过。来源: 天体物理学.docx
2026-05-05 14:45:58,456 - app.core.rag - WARNING - 知识片段清洗后为空，已跳过。来源: 天体物理学.docx
2026-05-05 14:45:58,456 - app.core.rag - WARNING - 知识片段清洗后为空，已跳过。来源: 天体物理学.docx
2026-05-05 14:45:58,456 - app.core.rag - WARNING - 知识片段清洗后为空，已跳过。来源: 天体物理学.docx
2026-05-05 14:45:58,456 - app.core.rag - WARNING - 知识片段清洗后为空，已跳过。来源: 天体物理学.docx
2026-05-05 14:45:58,457 - app.core.rag - WARNING - 知识片段清洗后为空，已跳过。来源: 天体物理学.docx
2026-05-05 14:45:58,457 - app.core.rag - WARNING - 知识片段清洗后为空，已跳过。来源: 天体物理学.docx
2026-05-05 14:45:58,457 - app.core.rag - WARNING - 知识片段清洗后为空，已跳过。来源: 天体物理学.docx
2026-05-05 14:45:58,457 - app.core.rag - WARNING - 知识片段清洗后为空，已跳过。来源: 天体物理学.docx
2026-05-05 14:45:58,457 - app.core.rag - WARNING - 知识片段清洗后为空，已跳过。来源: 天体物理学.docx
2026-05-05 14:45:58,458 - app.core.rag - WARNING - 知识片段清洗后为空，已跳过。来源: 天体物理学.docx
2026-05-05 14:45:58,458 - app.core.rag - WARNING - 知识片段清洗后为空，已跳过。来源: 天体物理学.docx
2026-05-05 14:45:58,458 - app.core.rag - WARNING - 知识片段清洗后为空，已跳过。来源: 天体物理学.docx
2026-05-05 14:45:58,458 - app.core.rag - WARNING - 知识片段清洗后为空，已跳过。来源: 天体物理学.docx
2026-05-05 14:45:58,458 - app.core.rag - WARNING - 知识片段清洗后为空，已跳过。来源: 天体物理学.docx
2026-05-05 14:45:58,458 - app.core.rag - WARNING - 知识片段清洗后为空，已跳过。来源: 天体物理学.docx
2026-05-05 14:45:58,458 - app.core.rag - WARNING - 知识片段清洗后为空，已跳过。来源: 天体物理学.docx
2026-05-05 14:45:58,458 - app.core.rag - WARNING - 知识片段清洗后为空，已跳过。来源: 天体物理学.docx
2026-05-05 14:45:58,459 - app.core.rag - WARNING - 知识片段清洗后为空，已跳过。来源: 天体物理学.docx
2026-05-05 14:45:58,459 - app.core.rag - WARNING - 知识片段清洗后为空，已跳过。来源: 天体物理学.docx
2026-05-05 14:45:58,459 - app.core.rag - WARNING - 知识片段清洗后为空，已跳过。来源: 天体物理学.docx
2026-05-05 14:45:58,459 - app.core.rag - WARNING - 知识片段清洗后为空，已跳过。来源: 天体物理学.docx
2026-05-05 14:45:58,459 - app.core.rag - WARNING - 知识片段清洗后为空，已跳过。来源: 天体物理学.docx
2026-05-05 14:45:58,459 - app.core.rag - WARNING - 知识片段清洗后为空，已跳过。来源: 天体物理学.docx
2026-05-05 14:45:58,460 - app.core.rag - WARNING - 知识片段清洗后为空，已跳过。来源: 天体物理学.docx
2026-05-05 14:45:58,460 - app.core.rag - WARNING - 知识片段清洗后为空，已跳过。来源: 天体物理学.docx
2026-05-05 14:45:58,460 - app.core.rag - WARNING - 知识片段清洗后为空，已跳过。来源: 天体物理学.docx
2026-05-05 14:45:58,460 - app.core.rag - WARNING - 知识片段清洗后为空，已跳过。来源: 天体物理学.docx
2026-05-05 14:45:58,460 - app.core.rag - WARNING - 知识片段清洗后为空，已跳过。来源: 天体物理学.docx
2026-05-05 14:45:58,460 - app.core.rag - WARNING - 知识片段清洗后为空，已跳过。来源: 天体物理学.docx
2026-05-05 14:45:58,461 - app.core.rag - WARNING - 知识片段清洗后为空，已跳过。来源: 天体物理学.docx
2026-05-05 14:45:58,461 - app.core.rag - WARNING - 知识片段清洗后为空，已跳过。来源: 天体物理学.docx
2026-05-05 14:45:58,461 - app.core.rag - WARNING - 知识片段清洗后为空，已跳过。来源: 天体物理学.docx
2026-05-05 14:45:58,461 - app.core.rag - WARNING - 知识片段清洗后为空，已跳过。来源: 天体物理学.docx
2026-05-05 14:45:58,461 - app.core.rag - WARNING - 知识片段清洗后为空，已跳过。来源: 天体物理学.docx
2026-05-05 14:45:58,461 - app.core.rag - WARNING - 知识片段清洗后为空，已跳过。来源: 天体物理学.docx
2026-05-05 14:45:58,462 - app.core.rag - WARNING - 知识片段清洗后为空，已跳过。来源: 天体物理学.docx
2026-05-05 14:45:58,462 - app.core.rag - WARNING - 知识片段清洗后为空，已跳过。来源: 天体物理学.docx
2026-05-05 14:45:58,462 - app.core.rag - WARNING - 知识片段清洗后为空，已跳过。来源: 天体物理学.docx
2026-05-05 14:45:58,462 - app.core.rag - WARNING - 知识片段清洗后为空，已跳过。来源: 天体物理学.docx
2026-05-05 14:45:58,462 - app.core.rag - WARNING - 知识片段清洗后为空，已跳过。来源: 天体物理学.docx
2026-05-05 14:45:58,463 - app.core.rag - WARNING - 知识片段清洗后为空，已跳过。来源: 天体物理学.docx
2026-05-05 14:45:58,463 - app.core.rag - WARNING - 知识片段清洗后为空，已跳过。来源: 天体物理学.docx
2026-05-05 14:45:58,463 - app.core.rag - WARNING - 知识片段清洗后为空，已跳过。来源: 天体物理学.docx
2026-05-05 14:45:58,463 - app.core.rag - WARNING - 知识片段清洗后为空，已跳过。来源: 天体物理学.docx
2026-05-05 14:45:58,463 - app.core.rag - WARNING - 知识片段清洗后为空，已跳过。来源: 天体物理学.docx
2026-05-05 14:45:58,464 - app.core.rag - WARNING - 知识片段清洗后为空，已跳过。来源: 天体物理学.docx
2026-05-05 14:45:58,464 - app.core.rag - WARNING - 知识片段清洗后为空，已跳过。来源: 天体物理学.docx
2026-05-05 14:45:58,464 - app.core.rag - WARNING - 知识片段清洗后为空，已跳过。来源: 天体物理学.docx
2026-05-05 14:45:58,464 - app.core.rag - WARNING - 知识片段清洗后为空，已跳过。来源: 天体物理学.docx
2026-05-05 14:45:58,464 - app.core.rag - WARNING - 知识片段清洗后为空，已跳过。来源: 天体物理学.docx
2026-05-05 14:45:58,464 - app.core.rag - WARNING - 知识片段清洗后为空，已跳过。来源: 天体物理学.docx
2026-05-05 14:45:58,464 - app.core.rag - WARNING - 知识片段清洗后为空，已跳过。来源: 天体物理学.docx
2026-05-05 14:45:58,464 - app.core.rag - WARNING - 知识片段清洗后为空，已跳过。来源: 天体物理学.docx
2026-05-05 14:45:58,466 - app.core.rag - WARNING - 知识片段清洗后为空，已跳过。来源: 天体物理学.docx
2026-05-05 14:45:58,466 - app.core.rag - WARNING - 知识片段清洗后为空，已跳过。来源: 天体物理学.docx
2026-05-05 14:45:58,466 - app.core.rag - WARNING - 知识片段清洗后为空，已跳过。来源: 天体物理学.docx
2026-05-05 14:45:58,466 - app.core.rag - WARNING - 知识片段清洗后为空，已跳过。来源: 天体物理学.docx
2026-05-05 14:45:58,466 - app.core.rag - WARNING - 知识片段清洗后为空，已跳过。来源: 天体物理学.docx
2026-05-05 14:45:58,466 - app.core.rag - WARNING - 知识片段清洗后为空，已跳过。来源: 天体物理学.docx
2026-05-05 14:45:58,466 - app.core.rag - WARNING - 知识片段清洗后为空，已跳过。来源: 天体物理学.docx
2026-05-05 14:45:58,467 - app.core.rag - WARNING - 知识片段清洗后为空，已跳过。来源: 天体物理学.docx
2026-05-05 14:45:58,467 - app.core.rag - WARNING - 知识片段清洗后为空，已跳过。来源: 天体物理学.docx
2026-05-05 14:45:58,467 - app.core.rag - WARNING - 知识片段清洗后为空，已跳过。来源: 天体物理学.docx
2026-05-05 14:45:58,467 - app.core.rag - WARNING - 知识片段清洗后为空，已跳过。来源: 天体物理学.docx
2026-05-05 14:45:58,467 - app.core.rag - WARNING - 知识片段清洗后为空，已跳过。来源: 天体物理学.docx
2026-05-05 14:45:58,467 - app.core.rag - WARNING - 知识片段清洗后为空，已跳过。来源: 天体物理学.docx
2026-05-05 14:45:58,468 - app.core.rag - WARNING - 知识片段清洗后为空，已跳过。来源: 天体物理学.docx
2026-05-05 14:45:58,468 - app.core.rag - WARNING - 知识片段清洗后为空，已跳过。来源: 天体物理学.docx
2026-05-05 14:45:58,468 - app.core.rag - WARNING - 知识片段清洗后为空，已跳过。来源: 天体物理学.docx
2026-05-05 14:45:58,468 - app.core.rag - WARNING - 知识片段清洗后为空，已跳过。来源: 天体物理学.docx
2026-05-05 14:45:58,468 - app.core.rag - WARNING - 知识片段清洗后为空，已跳过。来源: 天体物理学.docx
2026-05-05 14:45:58,468 - app.core.rag - WARNING - 知识片段清洗后为空，已跳过。来源: 天体物理学.docx
2026-05-05 14:45:58,468 - app.core.rag - WARNING - 知识片段清洗后为空，已跳过。来源: 天体物理学.docx
2026-05-05 14:45:58,469 - app.core.rag - WARNING - 知识片段清洗后为空，已跳过。来源: 天体物理学.docx
2026-05-05 14:45:58,469 - app.core.rag - WARNING - 知识片段清洗后为空，已跳过。来源: 天体物理学.docx
2026-05-05 14:45:58,469 - app.core.rag - WARNING - 知识片段清洗后为空，已跳过。来源: 天体物理学.docx
2026-05-05 14:45:58,469 - app.core.rag - WARNING - 知识片段清洗后为空，已跳过。来源: 天体物理学.docx
2026-05-05 14:45:58,469 - app.core.rag - WARNING - 知识片段清洗后为空，已跳过。来源: 天体物理学.docx
2026-05-05 14:45:58,470 - app.core.rag - WARNING - 知识片段清洗后为空，已跳过。来源: 天体物理学.docx
2026-05-05 14:45:58,470 - app.core.rag - WARNING - 知识片段清洗后为空，已跳过。来源: 天体物理学.docx
2026-05-05 14:45:58,470 - app.core.rag - WARNING - 知识片段清洗后为空，已跳过。来源: 天体物理学.docx
2026-05-05 14:45:58,470 - app.core.rag - WARNING - 知识片段清洗后为空，已跳过。来源: 天体物理学.docx
2026-05-05 14:45:58,470 - app.core.rag - WARNING - 知识片段清洗后为空，已跳过。来源: 天体物理学.docx
2026-05-05 14:45:58,470 - app.core.rag - WARNING - 知识片段清洗后为空，已跳过。来源: 天体物理学.docx
2026-05-05 14:45:58,471 - app.core.rag - WARNING - 知识片段清洗后为空，已跳过。来源: 天体物理学.docx
2026-05-05 14:45:58,471 - app.core.rag - WARNING - 知识片段清洗后为空，已跳过。来源: 天体物理学.docx
2026-05-05 14:45:58,471 - app.core.rag - WARNING - 知识片段清洗后为空，已跳过。来源: 天体物理学.docx
2026-05-05 14:45:58,471 - app.core.rag - WARNING - 知识片段清洗后为空，已跳过。来源: 天体物理学.docx
2026-05-05 14:45:58,471 - app.core.rag - WARNING - 知识片段清洗后为空，已跳过。来源: 天体物理学.docx
2026-05-05 14:45:58,471 - app.core.rag - WARNING - 知识片段清洗后为空，已跳过。来源: 天体物理学.docx
2026-05-05 14:45:58,472 - app.core.rag - WARNING - 知识片段清洗后为空，已跳过。来源: 天体物理学.docx
2026-05-05 14:45:58,472 - app.core.rag - WARNING - 知识片段清洗后为空，已跳过。来源: 天体物理学.docx
2026-05-05 14:45:58,472 - app.core.rag - WARNING - 知识片段清洗后为空，已跳过。来源: 天体物理学.docx
2026-05-05 14:45:58,472 - app.core.rag - WARNING - 知识片段清洗后为空，已跳过。来源: 天体物理学.docx
2026-05-05 14:45:58,472 - app.core.rag - WARNING - 知识片段清洗后为空，已跳过。来源: 天体物理学.docx
2026-05-05 14:45:58,473 - app.core.rag - WARNING - 知识片段清洗后为空，已跳过。来源: 天体物理学.docx
2026-05-05 14:45:58,473 - app.core.rag - WARNING - 知识片段清洗后为空，已跳过。来源: 天体物理学.docx
2026-05-05 14:45:58,473 - app.core.rag - WARNING - 知识片段清洗后为空，已跳过。来源: 天体物理学.docx
2026-05-05 14:45:58,473 - app.core.rag - WARNING - 知识片段清洗后为空，已跳过。来源: 天体物理学.docx
2026-05-05 14:45:58,474 - app.core.rag - WARNING - 知识片段清洗后为空，已跳过。来源: 天体物理学.docx
2026-05-05 14:45:58,474 - app.core.rag - WARNING - 知识片段清洗后为空，已跳过。来源: 天体物理学.docx
2026-05-05 14:45:58,474 - app.core.rag - WARNING - 知识片段清洗后为空，已跳过。来源: 天体物理学.docx
2026-05-05 14:45:58,474 - app.core.rag - WARNING - 知识片段清洗后为空，已跳过。来源: 天体物理学.docx
2026-05-05 14:45:58,474 - app.core.rag - WARNING - 知识片段清洗后为空，已跳过。来源: 天体物理学.docx
2026-05-05 14:45:58,474 - app.core.rag - WARNING - 知识片段清洗后为空，已跳过。来源: 天体物理学.docx
2026-05-05 14:45:58,475 - app.core.rag - WARNING - 知识片段清洗后为空，已跳过。来源: 天体物理学.docx
2026-05-05 14:45:58,475 - app.core.rag - WARNING - 知识片段清洗后为空，已跳过。来源: 天体物理学.docx
2026-05-05 14:45:58,475 - app.core.rag - WARNING - 知识片段清洗后为空，已跳过。来源: 天体物理学.docx
2026-05-05 14:45:58,475 - app.core.rag - WARNING - 知识片段清洗后为空，已跳过。来源: 天体物理学.docx
2026-05-05 14:45:58,475 - app.core.rag - WARNING - 知识片段清洗后为空，已跳过。来源: 天体物理学.docx
2026-05-05 14:45:58,476 - app.core.rag - WARNING - 知识片段清洗后为空，已跳过。来源: 天体物理学.docx
2026-05-05 14:45:58,476 - app.core.rag - WARNING - 知识片段清洗后为空，已跳过。来源: 天体物理学.docx
2026-05-05 14:45:58,476 - app.core.rag - WARNING - 知识片段清洗后为空，已跳过。来源: 天体物理学.docx
2026-05-05 14:45:58,477 - app.core.rag - WARNING - 知识片段清洗后为空，已跳过。来源: 天体物理学.docx
2026-05-05 14:45:58,477 - app.core.rag - WARNING - 知识片段清洗后为空，已跳过。来源: 天体物理学.docx
2026-05-05 14:45:58,478 - app.core.rag - WARNING - 知识片段清洗后为空，已跳过。来源: 天体物理学.docx
2026-05-05 14:45:58,479 - app.core.rag - WARNING - 知识片段清洗后为空，已跳过。来源: 天体物理学.docx
2026-05-05 14:45:58,480 - app.core.rag - WARNING - 知识片段清洗后为空，已跳过。来源: 天体物理学.docx
2026-05-05 14:45:58,480 - app.core.rag - WARNING - 知识片段清洗后为空，已跳过。来源: 天体物理学.docx
2026-05-05 14:45:58,481 - app.core.rag - WARNING - 知识片段清洗后为空，已跳过。来源: 天体物理学.docx
2026-05-05 14:45:58,482 - app.core.rag - WARNING - 知识片段清洗后为空，已跳过。来源: 天体物理学.docx
2026-05-05 14:45:58,482 - app.core.rag - WARNING - 知识片段清洗后为空，已跳过。来源: 天体物理学.docx
2026-05-05 14:45:58,484 - app.core.rag - WARNING - 知识片段清洗后为空，已跳过。来源: 天体物理学.docx
2026-05-05 14:45:58,484 - app.core.rag - WARNING - 知识片段清洗后为空，已跳过。来源: 天体物理学.docx
2026-05-05 14:45:58,484 - app.core.rag - WARNING - 知识片段清洗后为空，已跳过。来源: 天体物理学.docx
2026-05-05 14:45:58,485 - app.core.rag - WARNING - 知识片段清洗后为空，已跳过。来源: 天体物理学.docx
2026-05-05 14:45:58,485 - app.core.rag - WARNING - 知识片段清洗后为空，已跳过。来源: 天体物理学.docx
2026-05-05 14:45:58,485 - app.core.rag - WARNING - 知识片段清洗后为空，已跳过。来源: 天体物理学.docx
2026-05-05 14:45:58,511 - app.core.rag - WARNING - 知识片段清洗后为空，已跳过。来源: 天体物理学.docx
2026-05-05 14:45:58,512 - app.core.rag - WARNING - 知识片段清洗后为空，已跳过。来源: 天体物理学.docx
2026-05-05 14:45:58,512 - app.core.rag - WARNING - 知识片段清洗后为空，已跳过。来源: 天体物理学.docx
2026-05-05 14:45:58,512 - app.core.rag - WARNING - 知识片段清洗后为空，已跳过。来源: 天体物理学.docx
2026-05-05 14:45:58,513 - app.core.rag - WARNING - 知识片段清洗后为空，已跳过。来源: 天体物理学.docx
2026-05-05 14:45:58,513 - app.core.rag - WARNING - 知识片段清洗后为空，已跳过。来源: 天体物理学.docx
2026-05-05 14:45:58,514 - app.core.rag - WARNING - 知识片段清洗后为空，已跳过。来源: 天体物理学.docx
2026-05-05 14:45:58,514 - app.core.rag - WARNING - 知识片段清洗后为空，已跳过。来源: 天体物理学.docx
2026-05-05 14:45:58,514 - app.core.rag - WARNING - 知识片段清洗后为空，已跳过。来源: 天体物理学.docx
2026-05-05 14:45:58,514 - app.core.rag - WARNING - 知识片段清洗后为空，已跳过。来源: 天体物理学.docx
2026-05-05 14:45:58,514 - app.core.rag - WARNING - 知识片段清洗后为空，已跳过。来源: 天体物理学.docx
2026-05-05 14:45:58,516 - app.core.rag - WARNING - 知识片段清洗后为空，已跳过。来源: 天体物理学.docx
2026-05-05 14:45:58,516 - app.core.rag - WARNING - 知识片段清洗后为空，已跳过。来源: 天体物理学.docx
2026-05-05 14:45:58,517 - app.core.rag - WARNING - 知识片段清洗后为空，已跳过。来源: 天体物理学.docx
2026-05-05 14:45:58,517 - app.core.rag - WARNING - 知识片段清洗后为空，已跳过。来源: 天体物理学.docx
2026-05-05 14:45:58,518 - app.core.rag - WARNING - 知识片段清洗后为空，已跳过。来源: 天体物理学.docx
2026-05-05 14:45:58,518 - app.core.rag - WARNING - 知识片段清洗后为空，已跳过。来源: 天体物理学.docx
2026-05-05 14:45:58,518 - app.core.rag - WARNING - 知识片段清洗后为空，已跳过。来源: 天体物理学.docx
2026-05-05 14:45:58,519 - app.core.rag - WARNING - 知识片段清洗后为空，已跳过。来源: 天体物理学.docx
2026-05-05 14:45:58,519 - app.core.rag - WARNING - 知识片段清洗后为空，已跳过。来源: 天体物理学.docx
2026-05-05 14:45:58,519 - app.core.rag - WARNING - 知识片段清洗后为空，已跳过。来源: 天体物理学.docx
2026-05-05 14:45:58,520 - app.core.rag - WARNING - 知识片段清洗后为空，已跳过。来源: 天体物理学.docx
2026-05-05 14:45:58,520 - app.core.rag - WARNING - 知识片段清洗后为空，已跳过。来源: 天体物理学.docx
2026-05-05 14:45:58,520 - app.core.rag - WARNING - 知识片段清洗后为空，已跳过。来源: 天体物理学.docx
2026-05-05 14:45:58,521 - app.core.rag - WARNING - 知识片段清洗后为空，已跳过。来源: 天体物理学.docx
2026-05-05 14:45:58,521 - app.core.rag - WARNING - 知识片段清洗后为空，已跳过。来源: 天体物理学.docx
2026-05-05 14:45:58,521 - app.core.rag - WARNING - 知识片段清洗后为空，已跳过。来源: 天体物理学.docx
2026-05-05 14:45:58,521 - app.core.rag - WARNING - 知识片段清洗后为空，已跳过。来源: 天体物理学.docx
2026-05-05 14:45:58,522 - app.core.rag - WARNING - 知识片段清洗后为空，已跳过。来源: 天体物理学.docx
2026-05-05 14:45:58,522 - app.core.rag - WARNING - 知识片段清洗后为空，已跳过。来源: 天体物理学.docx
2026-05-05 14:45:58,522 - app.core.rag - WARNING - 知识片段清洗后为空，已跳过。来源: 失明与视力受损.docx
2026-05-05 14:45:58,523 - app.core.rag - WARNING - 知识片段清洗后为空，已跳过。来源: 失明与视力受损.docx
2026-05-05 14:45:58,523 - app.core.rag - WARNING - 知识片段清洗后为空，已跳过。来源: 失明与视力受损.docx
2026-05-05 14:45:58,524 - app.core.rag - WARNING - 知识片段清洗后为空，已跳过。来源: 心理健康.docx
2026-05-05 14:45:58,524 - app.core.rag - WARNING - 知识片段清洗后为空，已跳过。来源: 心理健康.docx
2026-05-05 14:45:58,524 - app.core.rag - WARNING - 知识片段清洗后为空，已跳过。来源: 心理健康.docx
2026-05-05 14:45:58,524 - app.core.rag - WARNING - 知识片段清洗后为空，已跳过。来源: 心理治疗规范 （2013年版）.pdf
2026-05-05 14:45:58,524 - app.core.rag - WARNING - 知识片段清洗后为空，已跳过。来源: 心理治疗规范 （2013年版）.pdf
2026-05-05 14:45:58,526 - app.core.rag - WARNING - 知识片段清洗后为空，已跳过。来源: 心理治疗规范 （2013年版）.pdf
2026-05-05 14:45:58,526 - app.core.rag - WARNING - 知识片段清洗后为空，已跳过。来源: 心理治疗规范 （2013年版）.pdf
2026-05-05 14:45:58,526 - app.core.rag - WARNING - 知识片段清洗后为空，已跳过。来源: 心理治疗规范 （2013年版）.pdf
2026-05-05 14:45:58,526 - app.core.rag - WARNING - 知识片段清洗后为空，已跳过。来源: 心理治疗规范 （2013年版）.pdf
2026-05-05 14:45:58,527 - app.core.rag - WARNING - 知识片段清洗后为空，已跳过。来源: 心理治疗规范 （2013年版）.pdf
2026-05-05 14:45:58,527 - app.core.rag - WARNING - 知识片段清洗后为空，已跳过。来源: 心理治疗规范 （2013年版）.pdf
2026-05-05 14:45:58,527 - app.core.rag - WARNING - 知识片段清洗后为空，已跳过。来源: 心理治疗规范 （2013年版）.pdf
2026-05-05 14:45:58,528 - app.core.rag - WARNING - 知识片段清洗后为空，已跳过。来源: 心理治疗规范 （2013年版）.pdf
2026-05-05 14:45:58,528 - app.core.rag - WARNING - 知识片段清洗后为空，已跳过。来源: 心理治疗规范 （2013年版）.pdf
2026-05-05 14:45:58,528 - app.core.rag - WARNING - 知识片段清洗后为空，已跳过。来源: 心理治疗规范 （2013年版）.pdf
2026-05-05 14:45:58,528 - app.core.rag - WARNING - 知识片段清洗后为空，已跳过。来源: 心理治疗规范 （2013年版）.pdf
2026-05-05 14:45:58,529 - app.core.rag - WARNING - 知识片段清洗后为空，已跳过。来源: 心理治疗规范 （2013年版）.pdf
2026-05-05 14:45:58,529 - app.core.rag - WARNING - 知识片段清洗后为空，已跳过。来源: 心理治疗规范 （2013年版）.pdf
2026-05-05 14:45:58,529 - app.core.rag - WARNING - 知识片段清洗后为空，已跳过。来源: 心理治疗规范 （2013年版）.pdf
2026-05-05 14:45:58,530 - app.core.rag - WARNING - 知识片段清洗后为空，已跳过。来源: 流感（季节性）.docx
2026-05-05 14:45:58,530 - app.core.rag - WARNING - 知识片段清洗后为空，已跳过。来源: 流感（季节性）.docx
2026-05-05 14:45:58,530 - app.core.rag - WARNING - 知识片段清洗后为空，已跳过。来源: 流感（季节性）.docx
2026-05-05 14:45:58,530 - app.core.rag - WARNING - 知识片段清洗后为空，已跳过。来源: 狂犬病.docx
2026-05-05 14:45:58,531 - app.core.rag - WARNING - 知识片段清洗后为空，已跳过。来源: 狂犬病.docx
2026-05-05 14:45:58,531 - app.core.rag - WARNING - 知识片段清洗后为空，已跳过。来源: 狂犬病.docx
2026-05-05 14:45:58,531 - app.core.rag - WARNING - 知识片段清洗后为空，已跳过。来源: 狂犬病.docx
2026-05-05 14:45:58,531 - app.core.rag - WARNING - 知识片段清洗后为空，已跳过。来源: 理财规划行业报告2024.docx
2026-05-05 14:45:58,532 - app.core.rag - WARNING - 知识片段清洗后为空，已跳过。来源: 理财规划行业报告2024.docx
2026-05-05 14:45:58,532 - app.core.rag - WARNING - 知识片段清洗后为空，已跳过。来源: 理财规划行业报告2024.docx
2026-05-05 14:45:58,532 - app.core.rag - WARNING - 知识片段清洗后为空，已跳过。来源: 理财规划行业报告2024.docx
2026-05-05 14:45:58,532 - app.core.rag - WARNING - 知识片段清洗后为空，已跳过。来源: 禁止童工的条款.docx
2026-05-05 14:45:58,533 - app.core.rag - WARNING - 知识片段清洗后为空，已跳过。来源: 禁止童工的条款.docx
2026-05-05 14:45:58,533 - app.core.rag - WARNING - 知识片段清洗后为空，已跳过。来源: 禁止童工的条款.docx
2026-05-05 14:45:58,534 - app.core.rag - WARNING - 知识片段清洗后为空，已跳过。来源: 科技人力资源报告2023..docx
2026-05-05 14:45:58,534 - app.core.rag - WARNING - 知识片段清洗后为空，已跳过。来源: 科技人力资源报告2023..docx
2026-05-05 14:45:58,534 - app.core.rag - WARNING - 知识片段清洗后为空，已跳过。来源: 科技咨询服务规范2023国标.docx
2026-05-05 14:45:58,535 - app.core.rag - WARNING - 知识片段清洗后为空，已跳过。来源: 科技咨询服务规范2023国标.docx
2026-05-05 14:45:58,535 - app.core.rag - WARNING - 知识片段清洗后为空，已跳过。来源: 科技咨询服务规范2023国标.docx
2026-05-05 14:45:58,535 - app.core.rag - WARNING - 知识片段清洗后为空，已跳过。来源: 科技服务业发展报告2024.docx
2026-05-05 14:45:58,536 - app.core.rag - WARNING - 知识片段清洗后为空，已跳过。来源: 糖尿病.docx
2026-05-05 14:45:58,536 - app.core.rag - WARNING - 知识片段清洗后为空，已跳过。来源: 糖尿病.docx
2026-05-05 14:45:58,536 - app.core.rag - WARNING - 知识片段清洗后为空，已跳过。来源: 糖尿病.docx
2026-05-05 14:45:58,536 - app.core.rag - WARNING - 知识片段清洗后为空，已跳过。来源: 职场心理健康.docx
2026-05-05 14:45:58,536 - app.core.rag - WARNING - 知识片段清洗后为空，已跳过。来源: 职场心理健康.docx
2026-05-05 14:45:58,536 - app.core.rag - WARNING - 知识片段清洗后为空，已跳过。来源: 职场心理健康.docx
2026-05-05 14:45:58,536 - app.core.rag - WARNING - 知识片段清洗后为空，已跳过。来源: 腰痛.docx
2026-05-05 14:45:58,538 - app.core.rag - WARNING - 知识片段清洗后为空，已跳过。来源: 腰痛.docx
2026-05-05 14:45:58,538 - app.core.rag - WARNING - 知识片段清洗后为空，已跳过。来源: 腰痛.docx
2026-05-05 14:45:58,538 - app.core.rag - WARNING - 知识片段清洗后为空，已跳过。来源: 自闭症.docx
2026-05-05 14:45:58,539 - app.core.rag - WARNING - 知识片段清洗后为空，已跳过。来源: 自闭症.docx
2026-05-05 14:45:58,539 - app.core.rag - WARNING - 知识片段清洗后为空，已跳过。来源: 自闭症.docx
2026-05-05 14:45:58,539 - app.core.rag - WARNING - 知识片段清洗后为空，已跳过。来源: 虚拟朋友.docx
2026-05-05 14:45:58,540 - app.core.rag - WARNING - 知识片段清洗后为空，已跳过。来源: 虚拟朋友.docx
2026-05-05 14:45:58,540 - app.core.rag - WARNING - 知识片段清洗后为空，已跳过。来源: 虚拟朋友.docx
2026-05-05 14:45:58,541 - app.core.rag - WARNING - 知识片段清洗后为空，已跳过。来源: 虚拟朋友.docx
2026-05-05 14:45:58,541 - app.core.rag - WARNING - 知识片段清洗后为空，已跳过。来源: 证券分析师执业行为规范.docx
2026-05-05 14:45:58,541 - app.core.rag - WARNING - 知识片段清洗后为空，已跳过。来源: 证券分析师执业行为规范.docx
2026-05-05 14:45:58,542 - app.core.rag - WARNING - 知识片段清洗后为空，已跳过。来源: 证券分析师执业行为规范.docx
2026-05-05 14:45:58,542 - app.core.rag - WARNING - 知识片段清洗后为空，已跳过。来源: 证券投资顾问业务暂行规定.docx
2026-05-05 14:45:58,543 - app.core.rag - WARNING - 知识片段清洗后为空，已跳过。来源: 证券投资顾问业务暂行规定.docx
2026-05-05 14:45:58,543 - app.core.rag - WARNING - 知识片段清洗后为空，已跳过。来源: 证券投资顾问业务暂行规定.docx
2026-05-05 14:45:58,544 - app.core.rag - WARNING - 知识片段清洗后为空，已跳过。来源: 证券行业发展报告2023.docx
2026-05-05 14:45:58,544 - app.core.rag - WARNING - 知识片段清洗后为空，已跳过。来源: 证券行业发展报告2023.docx
2026-05-05 14:45:58,544 - app.core.rag - WARNING - 知识片段清洗后为空，已跳过。来源: 财富管理白皮书2024.docx
2026-05-05 14:45:58,544 - app.core.rag - WARNING - 知识片段清洗后为空，已跳过。来源: 财富管理白皮书2024.docx
2026-05-05 14:45:58,544 - app.core.rag - WARNING - 知识片段清洗后为空，已跳过。来源: 财富管理白皮书2024.docx
2026-05-05 14:45:58,546 - app.core.rag - WARNING - 知识片段清洗后为空，已跳过。来源: 财富管理白皮书2024.docx
2026-05-05 14:45:58,546 - app.core.rag - WARNING - 知识片段清洗后为空，已跳过。来源: 贫血.docx
2026-05-05 14:45:58,546 - app.core.rag - WARNING - 知识片段清洗后为空，已跳过。来源: 贫血.docx
2026-05-05 14:45:58,546 - app.core.rag - WARNING - 知识片段清洗后为空，已跳过。来源: 贫血.docx
2026-05-05 14:45:58,549 - app.core.rag - WARNING - 知识片段清洗后为空，已跳过。来源: 内置兜底知识
2026-05-05 14:45:58,549 - app.core.rag - WARNING - 知识片段清洗后为空，已跳过。来源: 内置兜底知识
2026-05-05 14:45:58,550 - app.core.rag - WARNING - 知识片段清洗后为空，已跳过。来源: 内置兜底知识
2026-05-05 14:45:58,550 - app.core.rag - WARNING - 知识片段清洗后为空，已跳过。来源: 内置兜底知识
2026-05-05 14:45:58,551 - app.core.rag - WARNING - 知识片段清洗后为空，已跳过。来源: 内置兜底知识
2026-05-05 14:45:58,551 - app.core.rag - WARNING - 知识片段清洗后为空，已跳过。来源: 内置兜底知识
2026-05-05 14:45:58,551 - app.core.rag - WARNING - 知识片段清洗后为空，已跳过。来源: 内置兜底知识
2026-05-05 14:45:58,552 - app.core.rag - WARNING - 知识片段清洗后为空，已跳过。来源: 内置兜底知识
2026-05-05 14:45:58,552 - app.core.rag - WARNING - 知识片段清洗后为空，已跳过。来源: 内置兜底知识
2026-05-05 14:45:58,552 - app.core.rag - WARNING - 知识片段清洗后为空，已跳过。来源: 内置兜底知识
2026-05-05 14:45:58,553 - app.core.rag - WARNING - 知识片段清洗后为空，已跳过。来源: 内置兜底知识
2026-05-05 14:45:58,553 - app.core.rag - WARNING - 知识片段清洗后为空，已跳过。来源: 内置兜底知识
2026-05-05 14:45:58,553 - app.core.rag - WARNING - 知识片段清洗后为空，已跳过。来源: 内置兜底知识
2026-05-05 14:45:58,553 - app.core.rag - WARNING - 知识库缓存为空，无法初始化 BM25 索引
2026-05-05 14:45:58,554 - app.core.rag - INFO - 知识库初始化完成: {'total': 37, 'processed': 0, 'failed': 0, 'from_cache': True, 'role_counts': {'1': 0, '2': 0, '3': 0, '4': 0, '5': 0, '6': 0, '7': 0, '8': 0, '9': 0}, 'processed_files': [], 'failed_files': []}
2026-05-05 14:45:58,785 - sentence_transformers.SentenceTransformer - INFO - Load pretrained SentenceTransformer: C:\Users\freedom\Desktop\专业\模型\bge-base-zh-v1.5
2026-05-05 14:45:59,070 - sentence_transformers.SentenceTransformer - INFO - Use pytorch device_name: cpu
2026-05-05 14:45:59,105 - app.core.rag - INFO - 成功初始化向量化模型
2026-05-05 14:45:59,106 - app.core.rag - INFO - 成功初始化在线大模型
2026-05-05 14:45:59,106 - app.core.rag - INFO - 成功初始化大模型
2026-05-05 14:45:59,106 - app.core.rag - INFO - 知识库目录: C:\Users\freedom\Desktop\多角色聊天机器人\app\knowledge\data
2026-05-05 14:45:59,437 - app.core.rag - WARNING - 知识片段清洗后为空，已跳过。来源: 中华人民共和国国务院组织法.docx
2026-05-05 14:45:59,437 - app.core.rag - WARNING - 知识片段清洗后为空，已跳过。来源: 中华人民共和国妇女权益保护法.docx
2026-05-05 14:45:59,437 - app.core.rag - WARNING - 知识片段清洗后为空，已跳过。来源: 中华人民共和国妇女权益保护法.docx
2026-05-05 14:45:59,437 - app.core.rag - WARNING - 知识片段清洗后为空，已跳过。来源: 中华人民共和国妇女权益保护法.docx
2026-05-05 14:45:59,437 - app.core.rag - WARNING - 知识片段清洗后为空，已跳过。来源: 中华人民共和国妇女权益保护法.docx
2026-05-05 14:45:59,438 - app.core.rag - WARNING - 知识片段清洗后为空，已跳过。来源: 中华人民共和国妇女权益保护法.docx
2026-05-05 14:45:59,438 - app.core.rag - WARNING - 知识片段清洗后为空，已跳过。来源: 中华人民共和国宪法.docx
2026-05-05 14:45:59,438 - app.core.rag - WARNING - 知识片段清洗后为空，已跳过。来源: 中华人民共和国宪法.docx
2026-05-05 14:45:59,438 - app.core.rag - WARNING - 知识片段清洗后为空，已跳过。来源: 中华人民共和国宪法.docx
2026-05-05 14:45:59,438 - app.core.rag - WARNING - 知识片段清洗后为空，已跳过。来源: 中华人民共和国宪法.docx
2026-05-05 14:45:59,439 - app.core.rag - WARNING - 知识片段清洗后为空，已跳过。来源: 中华人民共和国宪法.docx
2026-05-05 14:45:59,439 - app.core.rag - WARNING - 知识片段清洗后为空，已跳过。来源: 中华人民共和国宪法.docx
2026-05-05 14:45:59,439 - app.core.rag - WARNING - 知识片段清洗后为空，已跳过。来源: 中华人民共和国宪法.docx
2026-05-05 14:45:59,439 - app.core.rag - WARNING - 知识片段清洗后为空，已跳过。来源: 中华人民共和国宪法.docx
2026-05-05 14:45:59,440 - app.core.rag - WARNING - 知识片段清洗后为空，已跳过。来源: 中华人民共和国宪法.docx
2026-05-05 14:45:59,440 - app.core.rag - WARNING - 知识片段清洗后为空，已跳过。来源: 中华人民共和国宪法.docx
2026-05-05 14:45:59,440 - app.core.rag - WARNING - 知识片段清洗后为空，已跳过。来源: 中华人民共和国宪法.docx
2026-05-05 14:45:59,441 - app.core.rag - WARNING - 知识片段清洗后为空，已跳过。来源: 中华人民共和国宪法.docx
2026-05-05 14:45:59,441 - app.core.rag - WARNING - 知识片段清洗后为空，已跳过。来源: 中华人民共和国宪法.docx
2026-05-05 14:45:59,441 - app.core.rag - WARNING - 知识片段清洗后为空，已跳过。来源: 中华人民共和国宪法.docx
2026-05-05 14:45:59,441 - app.core.rag - WARNING - 知识片段清洗后为空，已跳过。来源: 中华人民共和国宪法.docx
2026-05-05 14:45:59,441 - app.core.rag - WARNING - 知识片段清洗后为空，已跳过。来源: 中华人民共和国宪法.docx
2026-05-05 14:45:59,442 - app.core.rag - WARNING - 知识片段清洗后为空，已跳过。来源: 中华人民共和国宪法.docx
2026-05-05 14:45:59,442 - app.core.rag - WARNING - 知识片段清洗后为空，已跳过。来源: 中华人民共和国宪法.docx
2026-05-05 14:45:59,442 - app.core.rag - WARNING - 知识片段清洗后为空，已跳过。来源: 中华人民共和国宪法.docx
2026-05-05 14:45:59,442 - app.core.rag - WARNING - 知识片段清洗后为空，已跳过。来源: 中华人民共和国宪法.docx
2026-05-05 14:45:59,442 - app.core.rag - WARNING - 知识片段清洗后为空，已跳过。来源: 中华人民共和国宪法.docx
2026-05-05 14:45:59,443 - app.core.rag - WARNING - 知识片段清洗后为空，已跳过。来源: 中华人民共和国宪法.docx
2026-05-05 14:45:59,443 - app.core.rag - WARNING - 知识片段清洗后为空，已跳过。来源: 中华人民共和国宪法.docx
2026-05-05 14:45:59,443 - app.core.rag - WARNING - 知识片段清洗后为空，已跳过。来源: 中华人民共和国工会法.docx
2026-05-05 14:45:59,444 - app.core.rag - WARNING - 知识片段清洗后为空，已跳过。来源: 中华人民共和国工会法.docx
2026-05-05 14:45:59,444 - app.core.rag - WARNING - 知识片段清洗后为空，已跳过。来源: 中华人民共和国工会法.docx
2026-05-05 14:45:59,444 - app.core.rag - WARNING - 知识片段清洗后为空，已跳过。来源: 中华人民共和国工会法.docx
2026-05-05 14:45:59,444 - app.core.rag - WARNING - 知识片段清洗后为空，已跳过。来源: 中华人民共和国工会法.docx
2026-05-05 14:45:59,444 - app.core.rag - WARNING - 知识片段清洗后为空，已跳过。来源: 中华人民共和国工会法.docx
2026-05-05 14:45:59,445 - app.core.rag - WARNING - 知识片段清洗后为空，已跳过。来源: 中华人民共和国工会法.docx
2026-05-05 14:45:59,445 - app.core.rag - WARNING - 知识片段清洗后为空，已跳过。来源: 中华人民共和国未成年人保护法.docx
2026-05-05 14:45:59,445 - app.core.rag - WARNING - 知识片段清洗后为空，已跳过。来源: 中华人民共和国未成年人保护法.docx
2026-05-05 14:45:59,445 - app.core.rag - WARNING - 知识片段清洗后为空，已跳过。来源: 中华人民共和国未成年人保护法.docx
2026-05-05 14:45:59,446 - app.core.rag - WARNING - 知识片段清洗后为空，已跳过。来源: 中华人民共和国未成年人保护法.docx
2026-05-05 14:45:59,446 - app.core.rag - WARNING - 知识片段清洗后为空，已跳过。来源: 中华人民共和国未成年人保护法.docx
2026-05-05 14:45:59,446 - app.core.rag - WARNING - 知识片段清洗后为空，已跳过。来源: 中华人民共和国未成年人保护法.docx
2026-05-05 14:45:59,446 - app.core.rag - WARNING - 知识片段清洗后为空，已跳过。来源: 中华人民共和国未成年人保护法.docx
2026-05-05 14:45:59,446 - app.core.rag - WARNING - 知识片段清洗后为空，已跳过。来源: 中华人民共和国未成年人保护法.docx
2026-05-05 14:45:59,446 - app.core.rag - WARNING - 知识片段清洗后为空，已跳过。来源: 中华人民共和国民法典_20200528.docx
2026-05-05 14:45:59,446 - app.core.rag - WARNING - 知识片段清洗后为空，已跳过。来源: 中华人民共和国民法典_20200528.docx
2026-05-05 14:45:59,446 - app.core.rag - WARNING - 知识片段清洗后为空，已跳过。来源: 中华人民共和国民法典_20200528.docx
2026-05-05 14:45:59,448 - app.core.rag - WARNING - 知识片段清洗后为空，已跳过。来源: 中华人民共和国民法典_20200528.docx
2026-05-05 14:45:59,448 - app.core.rag - WARNING - 知识片段清洗后为空，已跳过。来源: 中华人民共和国民法典_20200528.docx
2026-05-05 14:45:59,448 - app.core.rag - WARNING - 知识片段清洗后为空，已跳过。来源: 中华人民共和国民法典_20200528.docx
2026-05-05 14:45:59,448 - app.core.rag - WARNING - 知识片段清洗后为空，已跳过。来源: 中华人民共和国民法典_20200528.docx
2026-05-05 14:45:59,448 - app.core.rag - WARNING - 知识片段清洗后为空，已跳过。来源: 中华人民共和国民法典_20200528.docx
2026-05-05 14:45:59,449 - app.core.rag - WARNING - 知识片段清洗后为空，已跳过。来源: 中华人民共和国民法典_20200528.docx
2026-05-05 14:45:59,449 - app.core.rag - WARNING - 知识片段清洗后为空，已跳过。来源: 中华人民共和国民法典_20200528.docx
2026-05-05 14:45:59,449 - app.core.rag - WARNING - 知识片段清洗后为空，已跳过。来源: 中华人民共和国民法典_20200528.docx
2026-05-05 14:45:59,449 - app.core.rag - WARNING - 知识片段清洗后为空，已跳过。来源: 中华人民共和国民法典_20200528.docx
2026-05-05 14:45:59,449 - app.core.rag - WARNING - 知识片段清洗后为空，已跳过。来源: 中华人民共和国民法典_20200528.docx
2026-05-05 14:45:59,449 - app.core.rag - WARNING - 知识片段清洗后为空，已跳过。来源: 中华人民共和国民法典_20200528.docx
2026-05-05 14:45:59,449 - app.core.rag - WARNING - 知识片段清洗后为空，已跳过。来源: 中华人民共和国民法典_20200528.docx
2026-05-05 14:45:59,450 - app.core.rag - WARNING - 知识片段清洗后为空，已跳过。来源: 中华人民共和国民法典_20200528.docx
2026-05-05 14:45:59,450 - app.core.rag - WARNING - 知识片段清洗后为空，已跳过。来源: 中华人民共和国民法典_20200528.docx
2026-05-05 14:45:59,450 - app.core.rag - WARNING - 知识片段清洗后为空，已跳过。来源: 中华人民共和国民法典_20200528.docx
2026-05-05 14:45:59,451 - app.core.rag - WARNING - 知识片段清洗后为空，已跳过。来源: 中华人民共和国民法典_20200528.docx
2026-05-05 14:45:59,451 - app.core.rag - WARNING - 知识片段清洗后为空，已跳过。来源: 中华人民共和国民法典_20200528.docx
2026-05-05 14:45:59,451 - app.core.rag - WARNING - 知识片段清洗后为空，已跳过。来源: 中华人民共和国民法典_20200528.docx
2026-05-05 14:45:59,451 - app.core.rag - WARNING - 知识片段清洗后为空，已跳过。来源: 中华人民共和国民法典_20200528.docx
2026-05-05 14:45:59,452 - app.core.rag - WARNING - 知识片段清洗后为空，已跳过。来源: 中华人民共和国民法典_20200528.docx
2026-05-05 14:45:59,452 - app.core.rag - WARNING - 知识片段清洗后为空，已跳过。来源: 中华人民共和国民法典_20200528.docx
2026-05-05 14:45:59,452 - app.core.rag - WARNING - 知识片段清洗后为空，已跳过。来源: 中华人民共和国民法典_20200528.docx
2026-05-05 14:45:59,452 - app.core.rag - WARNING - 知识片段清洗后为空，已跳过。来源: 中华人民共和国民法典_20200528.docx
2026-05-05 14:45:59,453 - app.core.rag - WARNING - 知识片段清洗后为空，已跳过。来源: 中华人民共和国民法典_20200528.docx
2026-05-05 14:45:59,453 - app.core.rag - WARNING - 知识片段清洗后为空，已跳过。来源: 中华人民共和国民法典_20200528.docx
2026-05-05 14:45:59,453 - app.core.rag - WARNING - 知识片段清洗后为空，已跳过。来源: 中华人民共和国民法典_20200528.docx
2026-05-05 14:45:59,453 - app.core.rag - WARNING - 知识片段清洗后为空，已跳过。来源: 中华人民共和国民法典_20200528.docx
2026-05-05 14:45:59,454 - app.core.rag - WARNING - 知识片段清洗后为空，已跳过。来源: 中华人民共和国民法典_20200528.docx
2026-05-05 14:45:59,454 - app.core.rag - WARNING - 知识片段清洗后为空，已跳过。来源: 中华人民共和国民法典_20200528.docx
2026-05-05 14:45:59,454 - app.core.rag - WARNING - 知识片段清洗后为空，已跳过。来源: 中华人民共和国民法典_20200528.docx
2026-05-05 14:45:59,454 - app.core.rag - WARNING - 知识片段清洗后为空，已跳过。来源: 中华人民共和国民法典_20200528.docx
2026-05-05 14:45:59,454 - app.core.rag - WARNING - 知识片段清洗后为空，已跳过。来源: 中华人民共和国民法典_20200528.docx
2026-05-05 14:45:59,454 - app.core.rag - WARNING - 知识片段清洗后为空，已跳过。来源: 中华人民共和国民法典_20200528.docx
2026-05-05 14:45:59,454 - app.core.rag - WARNING - 知识片段清洗后为空，已跳过。来源: 中华人民共和国民法典_20200528.docx
2026-05-05 14:45:59,456 - app.core.rag - WARNING - 知识片段清洗后为空，已跳过。来源: 中华人民共和国民法典_20200528.docx
2026-05-05 14:45:59,456 - app.core.rag - WARNING - 知识片段清洗后为空，已跳过。来源: 中华人民共和国民法典_20200528.docx
2026-05-05 14:45:59,456 - app.core.rag - WARNING - 知识片段清洗后为空，已跳过。来源: 中华人民共和国民法典_20200528.docx
2026-05-05 14:45:59,456 - app.core.rag - WARNING - 知识片段清洗后为空，已跳过。来源: 中华人民共和国民法典_20200528.docx
2026-05-05 14:45:59,457 - app.core.rag - WARNING - 知识片段清洗后为空，已跳过。来源: 中华人民共和国民法典_20200528.docx
2026-05-05 14:45:59,457 - app.core.rag - WARNING - 知识片段清洗后为空，已跳过。来源: 中华人民共和国民法典_20200528.docx
2026-05-05 14:45:59,457 - app.core.rag - WARNING - 知识片段清洗后为空，已跳过。来源: 中华人民共和国民法典_20200528.docx
2026-05-05 14:45:59,457 - app.core.rag - WARNING - 知识片段清洗后为空，已跳过。来源: 中华人民共和国民法典_20200528.docx
2026-05-05 14:45:59,457 - app.core.rag - WARNING - 知识片段清洗后为空，已跳过。来源: 中华人民共和国民法典_20200528.docx
2026-05-05 14:45:59,457 - app.core.rag - WARNING - 知识片段清洗后为空，已跳过。来源: 中华人民共和国民法典_20200528.docx
2026-05-05 14:45:59,458 - app.core.rag - WARNING - 知识片段清洗后为空，已跳过。来源: 中华人民共和国民法典_20200528.docx
2026-05-05 14:45:59,458 - app.core.rag - WARNING - 知识片段清洗后为空，已跳过。来源: 中华人民共和国民法典_20200528.docx
2026-05-05 14:45:59,458 - app.core.rag - WARNING - 知识片段清洗后为空，已跳过。来源: 中华人民共和国民法典_20200528.docx
2026-05-05 14:45:59,458 - app.core.rag - WARNING - 知识片段清洗后为空，已跳过。来源: 中华人民共和国民法典_20200528.docx
2026-05-05 14:45:59,458 - app.core.rag - WARNING - 知识片段清洗后为空，已跳过。来源: 中华人民共和国民法典_20200528.docx
2026-05-05 14:45:59,458 - app.core.rag - WARNING - 知识片段清洗后为空，已跳过。来源: 中华人民共和国民法典_20200528.docx
2026-05-05 14:45:59,459 - app.core.rag - WARNING - 知识片段清洗后为空，已跳过。来源: 中华人民共和国民法典_20200528.docx
2026-05-05 14:45:59,459 - app.core.rag - WARNING - 知识片段清洗后为空，已跳过。来源: 中华人民共和国民法典_20200528.docx
2026-05-05 14:45:59,459 - app.core.rag - WARNING - 知识片段清洗后为空，已跳过。来源: 中华人民共和国民法典_20200528.docx
2026-05-05 14:45:59,459 - app.core.rag - WARNING - 知识片段清洗后为空，已跳过。来源: 中华人民共和国民法典_20200528.docx
2026-05-05 14:45:59,459 - app.core.rag - WARNING - 知识片段清洗后为空，已跳过。来源: 中华人民共和国民法典_20200528.docx
2026-05-05 14:45:59,460 - app.core.rag - WARNING - 知识片段清洗后为空，已跳过。来源: 中华人民共和国民法典_20200528.docx
2026-05-05 14:45:59,460 - app.core.rag - WARNING - 知识片段清洗后为空，已跳过。来源: 中华人民共和国民法典_20200528.docx
2026-05-05 14:45:59,460 - app.core.rag - WARNING - 知识片段清洗后为空，已跳过。来源: 中华人民共和国民法典_20200528.docx
2026-05-05 14:45:59,460 - app.core.rag - WARNING - 知识片段清洗后为空，已跳过。来源: 中华人民共和国民法典_20200528.docx
2026-05-05 14:45:59,460 - app.core.rag - WARNING - 知识片段清洗后为空，已跳过。来源: 中华人民共和国民法典_20200528.docx
2026-05-05 14:45:59,460 - app.core.rag - WARNING - 知识片段清洗后为空，已跳过。来源: 中华人民共和国民法典_20200528.docx
2026-05-05 14:45:59,460 - app.core.rag - WARNING - 知识片段清洗后为空，已跳过。来源: 中华人民共和国民法典_20200528.docx
2026-05-05 14:45:59,460 - app.core.rag - WARNING - 知识片段清洗后为空，已跳过。来源: 中华人民共和国民法典_20200528.docx
2026-05-05 14:45:59,461 - app.core.rag - WARNING - 知识片段清洗后为空，已跳过。来源: 中华人民共和国民法典_20200528.docx
2026-05-05 14:45:59,461 - app.core.rag - WARNING - 知识片段清洗后为空，已跳过。来源: 中华人民共和国民法典_20200528.docx
2026-05-05 14:45:59,461 - app.core.rag - WARNING - 知识片段清洗后为空，已跳过。来源: 中华人民共和国民法典_20200528.docx
2026-05-05 14:45:59,461 - app.core.rag - WARNING - 知识片段清洗后为空，已跳过。来源: 中华人民共和国民法典_20200528.docx
2026-05-05 14:45:59,462 - app.core.rag - WARNING - 知识片段清洗后为空，已跳过。来源: 中华人民共和国民法典_20200528.docx
2026-05-05 14:45:59,462 - app.core.rag - WARNING - 知识片段清洗后为空，已跳过。来源: 中华人民共和国民法典_20200528.docx
2026-05-05 14:45:59,462 - app.core.rag - WARNING - 知识片段清洗后为空，已跳过。来源: 中华人民共和国民法典_20200528.docx
2026-05-05 14:45:59,462 - app.core.rag - WARNING - 知识片段清洗后为空，已跳过。来源: 中华人民共和国民法典_20200528.docx
2026-05-05 14:45:59,462 - app.core.rag - WARNING - 知识片段清洗后为空，已跳过。来源: 中华人民共和国民法典_20200528.docx
2026-05-05 14:45:59,462 - app.core.rag - WARNING - 知识片段清洗后为空，已跳过。来源: 中华人民共和国民法典_20200528.docx
2026-05-05 14:45:59,463 - app.core.rag - WARNING - 知识片段清洗后为空，已跳过。来源: 中华人民共和国民法典_20200528.docx
2026-05-05 14:45:59,463 - app.core.rag - WARNING - 知识片段清洗后为空，已跳过。来源: 中华人民共和国民法典_20200528.docx
2026-05-05 14:45:59,463 - app.core.rag - WARNING - 知识片段清洗后为空，已跳过。来源: 中华人民共和国民法典_20200528.docx
2026-05-05 14:45:59,463 - app.core.rag - WARNING - 知识片段清洗后为空，已跳过。来源: 中华人民共和国民法典_20200528.docx
2026-05-05 14:45:59,464 - app.core.rag - WARNING - 知识片段清洗后为空，已跳过。来源: 中华人民共和国民法典_20200528.docx
2026-05-05 14:45:59,464 - app.core.rag - WARNING - 知识片段清洗后为空，已跳过。来源: 中华人民共和国民法典_20200528.docx
2026-05-05 14:45:59,464 - app.core.rag - WARNING - 知识片段清洗后为空，已跳过。来源: 中华人民共和国民法典_20200528.docx
2026-05-05 14:45:59,464 - app.core.rag - WARNING - 知识片段清洗后为空，已跳过。来源: 中华人民共和国民法典_20200528.docx
2026-05-05 14:45:59,464 - app.core.rag - WARNING - 知识片段清洗后为空，已跳过。来源: 中华人民共和国民法典_20200528.docx
2026-05-05 14:45:59,464 - app.core.rag - WARNING - 知识片段清洗后为空，已跳过。来源: 中华人民共和国民法典_20200528.docx
2026-05-05 14:45:59,464 - app.core.rag - WARNING - 知识片段清洗后为空，已跳过。来源: 中华人民共和国民法典_20200528.docx
2026-05-05 14:45:59,466 - app.core.rag - WARNING - 知识片段清洗后为空，已跳过。来源: 中华人民共和国民法典_20200528.docx
2026-05-05 14:45:59,466 - app.core.rag - WARNING - 知识片段清洗后为空，已跳过。来源: 中华人民共和国民法典_20200528.docx
2026-05-05 14:45:59,466 - app.core.rag - WARNING - 知识片段清洗后为空，已跳过。来源: 中华人民共和国民法典_20200528.docx
2026-05-05 14:45:59,466 - app.core.rag - WARNING - 知识片段清洗后为空，已跳过。来源: 中华人民共和国民法典_20200528.docx
2026-05-05 14:45:59,466 - app.core.rag - WARNING - 知识片段清洗后为空，已跳过。来源: 中华人民共和国民法典_20200528.docx
2026-05-05 14:45:59,467 - app.core.rag - WARNING - 知识片段清洗后为空，已跳过。来源: 中华人民共和国民法典_20200528.docx
2026-05-05 14:45:59,467 - app.core.rag - WARNING - 知识片段清洗后为空，已跳过。来源: 中华人民共和国民法典_20200528.docx
2026-05-05 14:45:59,467 - app.core.rag - WARNING - 知识片段清洗后为空，已跳过。来源: 中华人民共和国民法典_20200528.docx
2026-05-05 14:45:59,467 - app.core.rag - WARNING - 知识片段清洗后为空，已跳过。来源: 中华人民共和国民法典_20200528.docx
2026-05-05 14:45:59,468 - app.core.rag - WARNING - 知识片段清洗后为空，已跳过。来源: 中华人民共和国民法典_20200528.docx
2026-05-05 14:45:59,468 - app.core.rag - WARNING - 知识片段清洗后为空，已跳过。来源: 中华人民共和国民法典_20200528.docx
2026-05-05 14:45:59,468 - app.core.rag - WARNING - 知识片段清洗后为空，已跳过。来源: 中华人民共和国民法典_20200528.docx
2026-05-05 14:45:59,468 - app.core.rag - WARNING - 知识片段清洗后为空，已跳过。来源: 中华人民共和国民法典_20200528.docx
2026-05-05 14:45:59,468 - app.core.rag - WARNING - 知识片段清洗后为空，已跳过。来源: 中华人民共和国民法典_20200528.docx
2026-05-05 14:45:59,468 - app.core.rag - WARNING - 知识片段清洗后为空，已跳过。来源: 中华人民共和国民法典_20200528.docx
2026-05-05 14:45:59,468 - app.core.rag - WARNING - 知识片段清洗后为空，已跳过。来源: 中华人民共和国民法典_20200528.docx
2026-05-05 14:45:59,468 - app.core.rag - WARNING - 知识片段清洗后为空，已跳过。来源: 中华人民共和国民法典_20200528.docx
2026-05-05 14:45:59,468 - app.core.rag - WARNING - 知识片段清洗后为空，已跳过。来源: 中华人民共和国民法典_20200528.docx
2026-05-05 14:45:59,469 - app.core.rag - WARNING - 知识片段清洗后为空，已跳过。来源: 中华人民共和国民法典_20200528.docx
2026-05-05 14:45:59,469 - app.core.rag - WARNING - 知识片段清洗后为空，已跳过。来源: 中华人民共和国民法典_20200528.docx
2026-05-05 14:45:59,469 - app.core.rag - WARNING - 知识片段清洗后为空，已跳过。来源: 中华人民共和国民法典_20200528.docx
2026-05-05 14:45:59,469 - app.core.rag - WARNING - 知识片段清洗后为空，已跳过。来源: 中华人民共和国民法典_20200528.docx
2026-05-05 14:45:59,469 - app.core.rag - WARNING - 知识片段清洗后为空，已跳过。来源: 中华人民共和国民法典_20200528.docx
2026-05-05 14:45:59,469 - app.core.rag - WARNING - 知识片段清洗后为空，已跳过。来源: 中华人民共和国民法典_20200528.docx
2026-05-05 14:45:59,470 - app.core.rag - WARNING - 知识片段清洗后为空，已跳过。来源: 中华人民共和国民法典_20200528.docx
2026-05-05 14:45:59,470 - app.core.rag - WARNING - 知识片段清洗后为空，已跳过。来源: 中华人民共和国民法典_20200528.docx
2026-05-05 14:45:59,470 - app.core.rag - WARNING - 知识片段清洗后为空，已跳过。来源: 中华人民共和国民法典_20200528.docx
2026-05-05 14:45:59,470 - app.core.rag - WARNING - 知识片段清洗后为空，已跳过。来源: 中华人民共和国民法典_20200528.docx
2026-05-05 14:45:59,470 - app.core.rag - WARNING - 知识片段清洗后为空，已跳过。来源: 中华全国律师协会律师执业行为规范（2024 修订）.docx
2026-05-05 14:45:59,472 - app.core.rag - WARNING - 知识片段清洗后为空，已跳过。来源: 中华全国律师协会律师执业行为规范（2024 修订）.docx
2026-05-05 14:45:59,472 - app.core.rag - WARNING - 知识片段清洗后为空，已跳过。来源: 中华全国律师协会律师执业行为规范（2024 修订）.docx
2026-05-05 14:45:59,472 - app.core.rag - WARNING - 知识片段清洗后为空，已跳过。来源: 中华全国律师协会律师执业行为规范（2024 修订）.docx
2026-05-05 14:45:59,472 - app.core.rag - WARNING - 知识片段清洗后为空，已跳过。来源: 中华全国律师协会律师执业行为规范（2024 修订）.docx
2026-05-05 14:45:59,472 - app.core.rag - WARNING - 知识片段清洗后为空，已跳过。来源: 中华全国律师协会律师执业行为规范（2024 修订）.docx
2026-05-05 14:45:59,473 - app.core.rag - WARNING - 知识片段清洗后为空，已跳过。来源: 中华全国律师协会律师执业行为规范（2024 修订）.docx
2026-05-05 14:45:59,473 - app.core.rag - WARNING - 知识片段清洗后为空，已跳过。来源: 中华全国律师协会律师执业行为规范（2024 修订）.docx
2026-05-05 14:45:59,473 - app.core.rag - WARNING - 知识片段清洗后为空，已跳过。来源: 乳腺癌.docx
2026-05-05 14:45:59,473 - app.core.rag - WARNING - 知识片段清洗后为空，已跳过。来源: 乳腺癌.docx
2026-05-05 14:45:59,474 - app.core.rag - WARNING - 知识片段清洗后为空，已跳过。来源: 乳腺癌.docx
2026-05-05 14:45:59,474 - app.core.rag - WARNING - 知识片段清洗后为空，已跳过。来源: 乳腺癌.docx
2026-05-05 14:45:59,474 - app.core.rag - WARNING - 知识片段清洗后为空，已跳过。来源: 哮喘.docx
2026-05-05 14:45:59,474 - app.core.rag - WARNING - 知识片段清洗后为空，已跳过。来源: 哮喘.docx
2026-05-05 14:45:59,474 - app.core.rag - WARNING - 知识片段清洗后为空，已跳过。来源: 哮喘.docx
2026-05-05 14:45:59,475 - app.core.rag - WARNING - 知识片段清洗后为空，已跳过。来源: 商业银行理财管理办法2024.docx
2026-05-05 14:45:59,475 - app.core.rag - WARNING - 知识片段清洗后为空，已跳过。来源: 商业银行理财管理办法2024.docx
2026-05-05 14:45:59,475 - app.core.rag - WARNING - 知识片段清洗后为空，已跳过。来源: 国家基层高血压防治管理手册2025版.pdf
2026-05-05 14:45:59,475 - app.core.rag - WARNING - 知识片段清洗后为空，已跳过。来源: 国家基层高血压防治管理手册2025版.pdf
2026-05-05 14:45:59,475 - app.core.rag - WARNING - 知识片段清洗后为空，已跳过。来源: 国家基层高血压防治管理手册2025版.pdf
2026-05-05 14:45:59,476 - app.core.rag - WARNING - 知识片段清洗后为空，已跳过。来源: 国家基层高血压防治管理手册2025版.pdf
2026-05-05 14:45:59,476 - app.core.rag - WARNING - 知识片段清洗后为空，已跳过。来源: 国家基层高血压防治管理手册2025版.pdf
2026-05-05 14:45:59,476 - app.core.rag - WARNING - 知识片段清洗后为空，已跳过。来源: 国家基层高血压防治管理手册2025版.pdf
2026-05-05 14:45:59,476 - app.core.rag - WARNING - 知识片段清洗后为空，已跳过。来源: 国家基层高血压防治管理手册2025版.pdf
2026-05-05 14:45:59,477 - app.core.rag - WARNING - 知识片段清洗后为空，已跳过。来源: 国家基层高血压防治管理手册2025版.pdf
2026-05-05 14:45:59,477 - app.core.rag - WARNING - 知识片段清洗后为空，已跳过。来源: 国家基层高血压防治管理手册2025版.pdf
2026-05-05 14:45:59,477 - app.core.rag - WARNING - 知识片段清洗后为空，已跳过。来源: 国家基层高血压防治管理手册2025版.pdf
2026-05-05 14:45:59,477 - app.core.rag - WARNING - 知识片段清洗后为空，已跳过。来源: 国家基层高血压防治管理手册2025版.pdf
2026-05-05 14:45:59,477 - app.core.rag - WARNING - 知识片段清洗后为空，已跳过。来源: 国家基层高血压防治管理手册2025版.pdf
2026-05-05 14:45:59,478 - app.core.rag - WARNING - 知识片段清洗后为空，已跳过。来源: 国家基层高血压防治管理手册2025版.pdf
2026-05-05 14:45:59,478 - app.core.rag - WARNING - 知识片段清洗后为空，已跳过。来源: 国家基层高血压防治管理手册2025版.pdf
2026-05-05 14:45:59,478 - app.core.rag - WARNING - 知识片段清洗后为空，已跳过。来源: 国家基层高血压防治管理手册2025版.pdf
2026-05-05 14:45:59,478 - app.core.rag - WARNING - 知识片段清洗后为空，已跳过。来源: 国家基层高血压防治管理手册2025版.pdf
2026-05-05 14:45:59,478 - app.core.rag - WARNING - 知识片段清洗后为空，已跳过。来源: 国家基层高血压防治管理手册2025版.pdf
2026-05-05 14:45:59,478 - app.core.rag - WARNING - 知识片段清洗后为空，已跳过。来源: 国家基层高血压防治管理手册2025版.pdf
2026-05-05 14:45:59,478 - app.core.rag - WARNING - 知识片段清洗后为空，已跳过。来源: 国家基层高血压防治管理手册2025版.pdf
2026-05-05 14:45:59,479 - app.core.rag - WARNING - 知识片段清洗后为空，已跳过。来源: 国家基层高血压防治管理手册2025版.pdf
2026-05-05 14:45:59,479 - app.core.rag - WARNING - 知识片段清洗后为空，已跳过。来源: 国家基层高血压防治管理手册2025版.pdf
2026-05-05 14:45:59,479 - app.core.rag - WARNING - 知识片段清洗后为空，已跳过。来源: 国家基层高血压防治管理手册2025版.pdf
2026-05-05 14:45:59,479 - app.core.rag - WARNING - 知识片段清洗后为空，已跳过。来源: 国家基层高血压防治管理手册2025版.pdf
2026-05-05 14:45:59,480 - app.core.rag - WARNING - 知识片段清洗后为空，已跳过。来源: 国家基层高血压防治管理手册2025版.pdf
2026-05-05 14:45:59,480 - app.core.rag - WARNING - 知识片段清洗后为空，已跳过。来源: 国家基层高血压防治管理手册2025版.pdf
2026-05-05 14:45:59,480 - app.core.rag - WARNING - 知识片段清洗后为空，已跳过。来源: 国家基层高血压防治管理手册2025版.pdf
2026-05-05 14:45:59,480 - app.core.rag - WARNING - 知识片段清洗后为空，已跳过。来源: 国家基层高血压防治管理手册2025版.pdf
2026-05-05 14:45:59,480 - app.core.rag - WARNING - 知识片段清洗后为空，已跳过。来源: 国家基层高血压防治管理手册2025版.pdf
2026-05-05 14:45:59,481 - app.core.rag - WARNING - 知识片段清洗后为空，已跳过。来源: 国家基层高血压防治管理手册2025版.pdf
2026-05-05 14:45:59,481 - app.core.rag - WARNING - 知识片段清洗后为空，已跳过。来源: 国家基层高血压防治管理手册2025版.pdf
2026-05-05 14:45:59,481 - app.core.rag - WARNING - 知识片段清洗后为空，已跳过。来源: 国家基层高血压防治管理手册2025版.pdf
2026-05-05 14:45:59,481 - app.core.rag - WARNING - 知识片段清洗后为空，已跳过。来源: 国家基层高血压防治管理手册2025版.pdf
2026-05-05 14:45:59,482 - app.core.rag - WARNING - 知识片段清洗后为空，已跳过。来源: 国家基层高血压防治管理手册2025版.pdf
2026-05-05 14:45:59,482 - app.core.rag - WARNING - 知识片段清洗后为空，已跳过。来源: 国家基层高血压防治管理手册2025版.pdf
2026-05-05 14:45:59,482 - app.core.rag - WARNING - 知识片段清洗后为空，已跳过。来源: 国家基层高血压防治管理手册2025版.pdf
2026-05-05 14:45:59,482 - app.core.rag - WARNING - 知识片段清洗后为空，已跳过。来源: 国家基层高血压防治管理手册2025版.pdf
2026-05-05 14:45:59,482 - app.core.rag - WARNING - 知识片段清洗后为空，已跳过。来源: 天体物理学.docx
2026-05-05 14:45:59,482 - app.core.rag - WARNING - 知识片段清洗后为空，已跳过。来源: 天体物理学.docx
2026-05-05 14:45:59,482 - app.core.rag - WARNING - 知识片段清洗后为空，已跳过。来源: 天体物理学.docx
2026-05-05 14:45:59,482 - app.core.rag - WARNING - 知识片段清洗后为空，已跳过。来源: 天体物理学.docx
2026-05-05 14:45:59,482 - app.core.rag - WARNING - 知识片段清洗后为空，已跳过。来源: 天体物理学.docx
2026-05-05 14:45:59,483 - app.core.rag - WARNING - 知识片段清洗后为空，已跳过。来源: 天体物理学.docx
2026-05-05 14:45:59,483 - app.core.rag - WARNING - 知识片段清洗后为空，已跳过。来源: 天体物理学.docx
2026-05-05 14:45:59,483 - app.core.rag - WARNING - 知识片段清洗后为空，已跳过。来源: 天体物理学.docx
2026-05-05 14:45:59,483 - app.core.rag - WARNING - 知识片段清洗后为空，已跳过。来源: 天体物理学.docx
2026-05-05 14:45:59,484 - app.core.rag - WARNING - 知识片段清洗后为空，已跳过。来源: 天体物理学.docx
2026-05-05 14:45:59,484 - app.core.rag - WARNING - 知识片段清洗后为空，已跳过。来源: 天体物理学.docx
2026-05-05 14:45:59,484 - app.core.rag - WARNING - 知识片段清洗后为空，已跳过。来源: 天体物理学.docx
2026-05-05 14:45:59,484 - app.core.rag - WARNING - 知识片段清洗后为空，已跳过。来源: 天体物理学.docx
2026-05-05 14:45:59,484 - app.core.rag - WARNING - 知识片段清洗后为空，已跳过。来源: 天体物理学.docx
2026-05-05 14:45:59,484 - app.core.rag - WARNING - 知识片段清洗后为空，已跳过。来源: 天体物理学.docx
2026-05-05 14:45:59,486 - app.core.rag - WARNING - 知识片段清洗后为空，已跳过。来源: 天体物理学.docx
2026-05-05 14:45:59,486 - app.core.rag - WARNING - 知识片段清洗后为空，已跳过。来源: 天体物理学.docx
2026-05-05 14:45:59,486 - app.core.rag - WARNING - 知识片段清洗后为空，已跳过。来源: 天体物理学.docx
2026-05-05 14:45:59,487 - app.core.rag - WARNING - 知识片段清洗后为空，已跳过。来源: 天体物理学.docx
2026-05-05 14:45:59,487 - app.core.rag - WARNING - 知识片段清洗后为空，已跳过。来源: 天体物理学.docx
2026-05-05 14:45:59,487 - app.core.rag - WARNING - 知识片段清洗后为空，已跳过。来源: 天体物理学.docx
2026-05-05 14:45:59,487 - app.core.rag - WARNING - 知识片段清洗后为空，已跳过。来源: 天体物理学.docx
2026-05-05 14:45:59,488 - app.core.rag - WARNING - 知识片段清洗后为空，已跳过。来源: 天体物理学.docx
2026-05-05 14:45:59,488 - app.core.rag - WARNING - 知识片段清洗后为空，已跳过。来源: 天体物理学.docx
2026-05-05 14:45:59,488 - app.core.rag - WARNING - 知识片段清洗后为空，已跳过。来源: 天体物理学.docx
2026-05-05 14:45:59,488 - app.core.rag - WARNING - 知识片段清洗后为空，已跳过。来源: 天体物理学.docx
2026-05-05 14:45:59,488 - app.core.rag - WARNING - 知识片段清洗后为空，已跳过。来源: 天体物理学.docx
2026-05-05 14:45:59,489 - app.core.rag - WARNING - 知识片段清洗后为空，已跳过。来源: 天体物理学.docx
2026-05-05 14:45:59,489 - app.core.rag - WARNING - 知识片段清洗后为空，已跳过。来源: 天体物理学.docx
2026-05-05 14:45:59,489 - app.core.rag - WARNING - 知识片段清洗后为空，已跳过。来源: 天体物理学.docx
2026-05-05 14:45:59,489 - app.core.rag - WARNING - 知识片段清洗后为空，已跳过。来源: 天体物理学.docx
2026-05-05 14:45:59,489 - app.core.rag - WARNING - 知识片段清洗后为空，已跳过。来源: 天体物理学.docx
2026-05-05 14:45:59,490 - app.core.rag - WARNING - 知识片段清洗后为空，已跳过。来源: 天体物理学.docx
2026-05-05 14:45:59,490 - app.core.rag - WARNING - 知识片段清洗后为空，已跳过。来源: 天体物理学.docx
2026-05-05 14:45:59,490 - app.core.rag - WARNING - 知识片段清洗后为空，已跳过。来源: 天体物理学.docx
2026-05-05 14:45:59,490 - app.core.rag - WARNING - 知识片段清洗后为空，已跳过。来源: 天体物理学.docx
2026-05-05 14:45:59,491 - app.core.rag - WARNING - 知识片段清洗后为空，已跳过。来源: 天体物理学.docx
2026-05-05 14:45:59,491 - app.core.rag - WARNING - 知识片段清洗后为空，已跳过。来源: 天体物理学.docx
2026-05-05 14:45:59,491 - app.core.rag - WARNING - 知识片段清洗后为空，已跳过。来源: 天体物理学.docx
2026-05-05 14:45:59,491 - app.core.rag - WARNING - 知识片段清洗后为空，已跳过。来源: 天体物理学.docx
2026-05-05 14:45:59,492 - app.core.rag - WARNING - 知识片段清洗后为空，已跳过。来源: 天体物理学.docx
2026-05-05 14:45:59,492 - app.core.rag - WARNING - 知识片段清洗后为空，已跳过。来源: 天体物理学.docx
2026-05-05 14:45:59,492 - app.core.rag - WARNING - 知识片段清洗后为空，已跳过。来源: 天体物理学.docx
2026-05-05 14:45:59,492 - app.core.rag - WARNING - 知识片段清洗后为空，已跳过。来源: 天体物理学.docx
2026-05-05 14:45:59,493 - app.core.rag - WARNING - 知识片段清洗后为空，已跳过。来源: 天体物理学.docx
2026-05-05 14:45:59,493 - app.core.rag - WARNING - 知识片段清洗后为空，已跳过。来源: 天体物理学.docx
2026-05-05 14:45:59,493 - app.core.rag - WARNING - 知识片段清洗后为空，已跳过。来源: 天体物理学.docx
2026-05-05 14:45:59,493 - app.core.rag - WARNING - 知识片段清洗后为空，已跳过。来源: 天体物理学.docx
2026-05-05 14:45:59,493 - app.core.rag - WARNING - 知识片段清洗后为空，已跳过。来源: 天体物理学.docx
2026-05-05 14:45:59,493 - app.core.rag - WARNING - 知识片段清洗后为空，已跳过。来源: 天体物理学.docx
2026-05-05 14:45:59,494 - app.core.rag - WARNING - 知识片段清洗后为空，已跳过。来源: 天体物理学.docx
2026-05-05 14:45:59,494 - app.core.rag - WARNING - 知识片段清洗后为空，已跳过。来源: 天体物理学.docx
2026-05-05 14:45:59,494 - app.core.rag - WARNING - 知识片段清洗后为空，已跳过。来源: 天体物理学.docx
2026-05-05 14:45:59,494 - app.core.rag - WARNING - 知识片段清洗后为空，已跳过。来源: 天体物理学.docx
2026-05-05 14:45:59,494 - app.core.rag - WARNING - 知识片段清洗后为空，已跳过。来源: 天体物理学.docx
2026-05-05 14:45:59,494 - app.core.rag - WARNING - 知识片段清洗后为空，已跳过。来源: 天体物理学.docx
2026-05-05 14:45:59,494 - app.core.rag - WARNING - 知识片段清洗后为空，已跳过。来源: 天体物理学.docx
2026-05-05 14:45:59,494 - app.core.rag - WARNING - 知识片段清洗后为空，已跳过。来源: 天体物理学.docx
2026-05-05 14:45:59,496 - app.core.rag - WARNING - 知识片段清洗后为空，已跳过。来源: 天体物理学.docx
2026-05-05 14:45:59,496 - app.core.rag - WARNING - 知识片段清洗后为空，已跳过。来源: 天体物理学.docx
2026-05-05 14:45:59,496 - app.core.rag - WARNING - 知识片段清洗后为空，已跳过。来源: 天体物理学.docx
2026-05-05 14:45:59,496 - app.core.rag - WARNING - 知识片段清洗后为空，已跳过。来源: 天体物理学.docx
2026-05-05 14:45:59,497 - app.core.rag - WARNING - 知识片段清洗后为空，已跳过。来源: 天体物理学.docx
2026-05-05 14:45:59,497 - app.core.rag - WARNING - 知识片段清洗后为空，已跳过。来源: 天体物理学.docx
2026-05-05 14:45:59,497 - app.core.rag - WARNING - 知识片段清洗后为空，已跳过。来源: 天体物理学.docx
2026-05-05 14:45:59,497 - app.core.rag - WARNING - 知识片段清洗后为空，已跳过。来源: 天体物理学.docx
2026-05-05 14:45:59,497 - app.core.rag - WARNING - 知识片段清洗后为空，已跳过。来源: 天体物理学.docx
2026-05-05 14:45:59,498 - app.core.rag - WARNING - 知识片段清洗后为空，已跳过。来源: 天体物理学.docx
2026-05-05 14:45:59,498 - app.core.rag - WARNING - 知识片段清洗后为空，已跳过。来源: 天体物理学.docx
2026-05-05 14:45:59,498 - app.core.rag - WARNING - 知识片段清洗后为空，已跳过。来源: 天体物理学.docx
2026-05-05 14:45:59,498 - app.core.rag - WARNING - 知识片段清洗后为空，已跳过。来源: 天体物理学.docx
2026-05-05 14:45:59,498 - app.core.rag - WARNING - 知识片段清洗后为空，已跳过。来源: 天体物理学.docx
2026-05-05 14:45:59,499 - app.core.rag - WARNING - 知识片段清洗后为空，已跳过。来源: 天体物理学.docx
2026-05-05 14:45:59,499 - app.core.rag - WARNING - 知识片段清洗后为空，已跳过。来源: 天体物理学.docx
2026-05-05 14:45:59,499 - app.core.rag - WARNING - 知识片段清洗后为空，已跳过。来源: 天体物理学.docx
2026-05-05 14:45:59,499 - app.core.rag - WARNING - 知识片段清洗后为空，已跳过。来源: 天体物理学.docx
2026-05-05 14:45:59,499 - app.core.rag - WARNING - 知识片段清洗后为空，已跳过。来源: 天体物理学.docx
2026-05-05 14:45:59,499 - app.core.rag - WARNING - 知识片段清洗后为空，已跳过。来源: 天体物理学.docx
2026-05-05 14:45:59,500 - app.core.rag - WARNING - 知识片段清洗后为空，已跳过。来源: 天体物理学.docx
2026-05-05 14:45:59,500 - app.core.rag - WARNING - 知识片段清洗后为空，已跳过。来源: 天体物理学.docx
2026-05-05 14:45:59,500 - app.core.rag - WARNING - 知识片段清洗后为空，已跳过。来源: 天体物理学.docx
2026-05-05 14:45:59,500 - app.core.rag - WARNING - 知识片段清洗后为空，已跳过。来源: 天体物理学.docx
2026-05-05 14:45:59,500 - app.core.rag - WARNING - 知识片段清洗后为空，已跳过。来源: 天体物理学.docx
2026-05-05 14:45:59,500 - app.core.rag - WARNING - 知识片段清洗后为空，已跳过。来源: 天体物理学.docx
2026-05-05 14:45:59,500 - app.core.rag - WARNING - 知识片段清洗后为空，已跳过。来源: 天体物理学.docx
2026-05-05 14:45:59,501 - app.core.rag - WARNING - 知识片段清洗后为空，已跳过。来源: 天体物理学.docx
2026-05-05 14:45:59,501 - app.core.rag - WARNING - 知识片段清洗后为空，已跳过。来源: 天体物理学.docx
2026-05-05 14:45:59,501 - app.core.rag - WARNING - 知识片段清洗后为空，已跳过。来源: 天体物理学.docx
2026-05-05 14:45:59,501 - app.core.rag - WARNING - 知识片段清洗后为空，已跳过。来源: 天体物理学.docx
2026-05-05 14:45:59,501 - app.core.rag - WARNING - 知识片段清洗后为空，已跳过。来源: 天体物理学.docx
2026-05-05 14:45:59,502 - app.core.rag - WARNING - 知识片段清洗后为空，已跳过。来源: 天体物理学.docx
2026-05-05 14:45:59,502 - app.core.rag - WARNING - 知识片段清洗后为空，已跳过。来源: 天体物理学.docx
2026-05-05 14:45:59,502 - app.core.rag - WARNING - 知识片段清洗后为空，已跳过。来源: 天体物理学.docx
2026-05-05 14:45:59,502 - app.core.rag - WARNING - 知识片段清洗后为空，已跳过。来源: 天体物理学.docx
2026-05-05 14:45:59,502 - app.core.rag - WARNING - 知识片段清洗后为空，已跳过。来源: 天体物理学.docx
2026-05-05 14:45:59,502 - app.core.rag - WARNING - 知识片段清洗后为空，已跳过。来源: 天体物理学.docx
2026-05-05 14:45:59,503 - app.core.rag - WARNING - 知识片段清洗后为空，已跳过。来源: 天体物理学.docx
2026-05-05 14:45:59,503 - app.core.rag - WARNING - 知识片段清洗后为空，已跳过。来源: 天体物理学.docx
2026-05-05 14:45:59,503 - app.core.rag - WARNING - 知识片段清洗后为空，已跳过。来源: 天体物理学.docx
2026-05-05 14:45:59,503 - app.core.rag - WARNING - 知识片段清洗后为空，已跳过。来源: 天体物理学.docx
2026-05-05 14:45:59,503 - app.core.rag - WARNING - 知识片段清洗后为空，已跳过。来源: 天体物理学.docx
2026-05-05 14:45:59,503 - app.core.rag - WARNING - 知识片段清洗后为空，已跳过。来源: 天体物理学.docx
2026-05-05 14:45:59,503 - app.core.rag - WARNING - 知识片段清洗后为空，已跳过。来源: 天体物理学.docx
2026-05-05 14:45:59,503 - app.core.rag - WARNING - 知识片段清洗后为空，已跳过。来源: 天体物理学.docx
2026-05-05 14:45:59,504 - app.core.rag - WARNING - 知识片段清洗后为空，已跳过。来源: 天体物理学.docx
2026-05-05 14:45:59,504 - app.core.rag - WARNING - 知识片段清洗后为空，已跳过。来源: 天体物理学.docx
2026-05-05 14:45:59,504 - app.core.rag - WARNING - 知识片段清洗后为空，已跳过。来源: 天体物理学.docx
2026-05-05 14:45:59,504 - app.core.rag - WARNING - 知识片段清洗后为空，已跳过。来源: 天体物理学.docx
2026-05-05 14:45:59,504 - app.core.rag - WARNING - 知识片段清洗后为空，已跳过。来源: 天体物理学.docx
2026-05-05 14:45:59,504 - app.core.rag - WARNING - 知识片段清洗后为空，已跳过。来源: 天体物理学.docx
2026-05-05 14:45:59,504 - app.core.rag - WARNING - 知识片段清洗后为空，已跳过。来源: 天体物理学.docx
2026-05-05 14:45:59,504 - app.core.rag - WARNING - 知识片段清洗后为空，已跳过。来源: 天体物理学.docx
2026-05-05 14:45:59,504 - app.core.rag - WARNING - 知识片段清洗后为空，已跳过。来源: 天体物理学.docx
2026-05-05 14:45:59,506 - app.core.rag - WARNING - 知识片段清洗后为空，已跳过。来源: 天体物理学.docx
2026-05-05 14:45:59,506 - app.core.rag - WARNING - 知识片段清洗后为空，已跳过。来源: 天体物理学.docx
2026-05-05 14:45:59,506 - app.core.rag - WARNING - 知识片段清洗后为空，已跳过。来源: 天体物理学.docx
2026-05-05 14:45:59,506 - app.core.rag - WARNING - 知识片段清洗后为空，已跳过。来源: 天体物理学.docx
2026-05-05 14:45:59,506 - app.core.rag - WARNING - 知识片段清洗后为空，已跳过。来源: 天体物理学.docx
2026-05-05 14:45:59,507 - app.core.rag - WARNING - 知识片段清洗后为空，已跳过。来源: 天体物理学.docx
2026-05-05 14:45:59,507 - app.core.rag - WARNING - 知识片段清洗后为空，已跳过。来源: 天体物理学.docx
2026-05-05 14:45:59,507 - app.core.rag - WARNING - 知识片段清洗后为空，已跳过。来源: 天体物理学.docx
2026-05-05 14:45:59,507 - app.core.rag - WARNING - 知识片段清洗后为空，已跳过。来源: 天体物理学.docx
2026-05-05 14:45:59,507 - app.core.rag - WARNING - 知识片段清洗后为空，已跳过。来源: 天体物理学.docx
2026-05-05 14:45:59,507 - app.core.rag - WARNING - 知识片段清洗后为空，已跳过。来源: 天体物理学.docx
2026-05-05 14:45:59,508 - app.core.rag - WARNING - 知识片段清洗后为空，已跳过。来源: 天体物理学.docx
2026-05-05 14:45:59,508 - app.core.rag - WARNING - 知识片段清洗后为空，已跳过。来源: 天体物理学.docx
2026-05-05 14:45:59,508 - app.core.rag - WARNING - 知识片段清洗后为空，已跳过。来源: 天体物理学.docx
2026-05-05 14:45:59,508 - app.core.rag - WARNING - 知识片段清洗后为空，已跳过。来源: 天体物理学.docx
2026-05-05 14:45:59,508 - app.core.rag - WARNING - 知识片段清洗后为空，已跳过。来源: 天体物理学.docx
2026-05-05 14:45:59,508 - app.core.rag - WARNING - 知识片段清洗后为空，已跳过。来源: 天体物理学.docx
2026-05-05 14:45:59,509 - app.core.rag - WARNING - 知识片段清洗后为空，已跳过。来源: 天体物理学.docx
2026-05-05 14:45:59,509 - app.core.rag - WARNING - 知识片段清洗后为空，已跳过。来源: 天体物理学.docx
2026-05-05 14:45:59,509 - app.core.rag - WARNING - 知识片段清洗后为空，已跳过。来源: 天体物理学.docx
2026-05-05 14:45:59,509 - app.core.rag - WARNING - 知识片段清洗后为空，已跳过。来源: 天体物理学.docx
2026-05-05 14:45:59,510 - app.core.rag - WARNING - 知识片段清洗后为空，已跳过。来源: 天体物理学.docx
2026-05-05 14:45:59,510 - app.core.rag - WARNING - 知识片段清洗后为空，已跳过。来源: 天体物理学.docx
2026-05-05 14:45:59,510 - app.core.rag - WARNING - 知识片段清洗后为空，已跳过。来源: 天体物理学.docx
2026-05-05 14:45:59,510 - app.core.rag - WARNING - 知识片段清洗后为空，已跳过。来源: 天体物理学.docx
2026-05-05 14:45:59,510 - app.core.rag - WARNING - 知识片段清洗后为空，已跳过。来源: 天体物理学.docx
2026-05-05 14:45:59,510 - app.core.rag - WARNING - 知识片段清洗后为空，已跳过。来源: 天体物理学.docx
2026-05-05 14:45:59,511 - app.core.rag - WARNING - 知识片段清洗后为空，已跳过。来源: 天体物理学.docx
2026-05-05 14:45:59,511 - app.core.rag - WARNING - 知识片段清洗后为空，已跳过。来源: 天体物理学.docx
2026-05-05 14:45:59,511 - app.core.rag - WARNING - 知识片段清洗后为空，已跳过。来源: 天体物理学.docx
2026-05-05 14:45:59,511 - app.core.rag - WARNING - 知识片段清洗后为空，已跳过。来源: 天体物理学.docx
2026-05-05 14:45:59,511 - app.core.rag - WARNING - 知识片段清洗后为空，已跳过。来源: 天体物理学.docx
2026-05-05 14:45:59,512 - app.core.rag - WARNING - 知识片段清洗后为空，已跳过。来源: 天体物理学.docx
2026-05-05 14:45:59,512 - app.core.rag - WARNING - 知识片段清洗后为空，已跳过。来源: 天体物理学.docx
2026-05-05 14:45:59,512 - app.core.rag - WARNING - 知识片段清洗后为空，已跳过。来源: 天体物理学.docx
2026-05-05 14:45:59,512 - app.core.rag - WARNING - 知识片段清洗后为空，已跳过。来源: 天体物理学.docx
2026-05-05 14:45:59,513 - app.core.rag - WARNING - 知识片段清洗后为空，已跳过。来源: 天体物理学.docx
2026-05-05 14:45:59,513 - app.core.rag - WARNING - 知识片段清洗后为空，已跳过。来源: 天体物理学.docx
2026-05-05 14:45:59,513 - app.core.rag - WARNING - 知识片段清洗后为空，已跳过。来源: 天体物理学.docx
2026-05-05 14:45:59,513 - app.core.rag - WARNING - 知识片段清洗后为空，已跳过。来源: 天体物理学.docx
2026-05-05 14:45:59,513 - app.core.rag - WARNING - 知识片段清洗后为空，已跳过。来源: 天体物理学.docx
2026-05-05 14:45:59,513 - app.core.rag - WARNING - 知识片段清洗后为空，已跳过。来源: 天体物理学.docx
2026-05-05 14:45:59,513 - app.core.rag - WARNING - 知识片段清洗后为空，已跳过。来源: 天体物理学.docx
2026-05-05 14:45:59,514 - app.core.rag - WARNING - 知识片段清洗后为空，已跳过。来源: 天体物理学.docx
2026-05-05 14:45:59,514 - app.core.rag - WARNING - 知识片段清洗后为空，已跳过。来源: 天体物理学.docx
2026-05-05 14:45:59,514 - app.core.rag - WARNING - 知识片段清洗后为空，已跳过。来源: 天体物理学.docx
2026-05-05 14:45:59,514 - app.core.rag - WARNING - 知识片段清洗后为空，已跳过。来源: 失明与视力受损.docx
2026-05-05 14:45:59,514 - app.core.rag - WARNING - 知识片段清洗后为空，已跳过。来源: 失明与视力受损.docx
2026-05-05 14:45:59,514 - app.core.rag - WARNING - 知识片段清洗后为空，已跳过。来源: 失明与视力受损.docx
2026-05-05 14:45:59,514 - app.core.rag - WARNING - 知识片段清洗后为空，已跳过。来源: 心理健康.docx
2026-05-05 14:45:59,514 - app.core.rag - WARNING - 知识片段清洗后为空，已跳过。来源: 心理健康.docx
2026-05-05 14:45:59,514 - app.core.rag - WARNING - 知识片段清洗后为空，已跳过。来源: 心理健康.docx
2026-05-05 14:45:59,516 - app.core.rag - WARNING - 知识片段清洗后为空，已跳过。来源: 心理治疗规范 （2013年版）.pdf
2026-05-05 14:45:59,516 - app.core.rag - WARNING - 知识片段清洗后为空，已跳过。来源: 心理治疗规范 （2013年版）.pdf
2026-05-05 14:45:59,516 - app.core.rag - WARNING - 知识片段清洗后为空，已跳过。来源: 心理治疗规范 （2013年版）.pdf
2026-05-05 14:45:59,516 - app.core.rag - WARNING - 知识片段清洗后为空，已跳过。来源: 心理治疗规范 （2013年版）.pdf
2026-05-05 14:45:59,516 - app.core.rag - WARNING - 知识片段清洗后为空，已跳过。来源: 心理治疗规范 （2013年版）.pdf
2026-05-05 14:45:59,516 - app.core.rag - WARNING - 知识片段清洗后为空，已跳过。来源: 心理治疗规范 （2013年版）.pdf
2026-05-05 14:45:59,517 - app.core.rag - WARNING - 知识片段清洗后为空，已跳过。来源: 心理治疗规范 （2013年版）.pdf
2026-05-05 14:45:59,517 - app.core.rag - WARNING - 知识片段清洗后为空，已跳过。来源: 心理治疗规范 （2013年版）.pdf
2026-05-05 14:45:59,517 - app.core.rag - WARNING - 知识片段清洗后为空，已跳过。来源: 心理治疗规范 （2013年版）.pdf
2026-05-05 14:45:59,517 - app.core.rag - WARNING - 知识片段清洗后为空，已跳过。来源: 心理治疗规范 （2013年版）.pdf
2026-05-05 14:45:59,517 - app.core.rag - WARNING - 知识片段清洗后为空，已跳过。来源: 心理治疗规范 （2013年版）.pdf
2026-05-05 14:45:59,518 - app.core.rag - WARNING - 知识片段清洗后为空，已跳过。来源: 心理治疗规范 （2013年版）.pdf
2026-05-05 14:45:59,518 - app.core.rag - WARNING - 知识片段清洗后为空，已跳过。来源: 心理治疗规范 （2013年版）.pdf
2026-05-05 14:45:59,518 - app.core.rag - WARNING - 知识片段清洗后为空，已跳过。来源: 心理治疗规范 （2013年版）.pdf
2026-05-05 14:45:59,518 - app.core.rag - WARNING - 知识片段清洗后为空，已跳过。来源: 心理治疗规范 （2013年版）.pdf
2026-05-05 14:45:59,519 - app.core.rag - WARNING - 知识片段清洗后为空，已跳过。来源: 心理治疗规范 （2013年版）.pdf
2026-05-05 14:45:59,519 - app.core.rag - WARNING - 知识片段清洗后为空，已跳过。来源: 流感（季节性）.docx
2026-05-05 14:45:59,519 - app.core.rag - WARNING - 知识片段清洗后为空，已跳过。来源: 流感（季节性）.docx
2026-05-05 14:45:59,519 - app.core.rag - WARNING - 知识片段清洗后为空，已跳过。来源: 流感（季节性）.docx
2026-05-05 14:45:59,519 - app.core.rag - WARNING - 知识片段清洗后为空，已跳过。来源: 狂犬病.docx
2026-05-05 14:45:59,519 - app.core.rag - WARNING - 知识片段清洗后为空，已跳过。来源: 狂犬病.docx
2026-05-05 14:45:59,520 - app.core.rag - WARNING - 知识片段清洗后为空，已跳过。来源: 狂犬病.docx
2026-05-05 14:45:59,520 - app.core.rag - WARNING - 知识片段清洗后为空，已跳过。来源: 狂犬病.docx
2026-05-05 14:45:59,520 - app.core.rag - WARNING - 知识片段清洗后为空，已跳过。来源: 理财规划行业报告2024.docx
2026-05-05 14:45:59,520 - app.core.rag - WARNING - 知识片段清洗后为空，已跳过。来源: 理财规划行业报告2024.docx
2026-05-05 14:45:59,520 - app.core.rag - WARNING - 知识片段清洗后为空，已跳过。来源: 理财规划行业报告2024.docx
2026-05-05 14:45:59,520 - app.core.rag - WARNING - 知识片段清洗后为空，已跳过。来源: 理财规划行业报告2024.docx
2026-05-05 14:45:59,520 - app.core.rag - WARNING - 知识片段清洗后为空，已跳过。来源: 禁止童工的条款.docx
2026-05-05 14:45:59,521 - app.core.rag - WARNING - 知识片段清洗后为空，已跳过。来源: 禁止童工的条款.docx
2026-05-05 14:45:59,521 - app.core.rag - WARNING - 知识片段清洗后为空，已跳过。来源: 禁止童工的条款.docx
2026-05-05 14:45:59,521 - app.core.rag - WARNING - 知识片段清洗后为空，已跳过。来源: 科技人力资源报告2023..docx
2026-05-05 14:45:59,521 - app.core.rag - WARNING - 知识片段清洗后为空，已跳过。来源: 科技人力资源报告2023..docx
2026-05-05 14:45:59,522 - app.core.rag - WARNING - 知识片段清洗后为空，已跳过。来源: 科技咨询服务规范2023国标.docx
2026-05-05 14:45:59,522 - app.core.rag - WARNING - 知识片段清洗后为空，已跳过。来源: 科技咨询服务规范2023国标.docx
2026-05-05 14:45:59,522 - app.core.rag - WARNING - 知识片段清洗后为空，已跳过。来源: 科技咨询服务规范2023国标.docx
2026-05-05 14:45:59,522 - app.core.rag - WARNING - 知识片段清洗后为空，已跳过。来源: 科技服务业发展报告2024.docx
2026-05-05 14:45:59,522 - app.core.rag - WARNING - 知识片段清洗后为空，已跳过。来源: 糖尿病.docx
2026-05-05 14:45:59,523 - app.core.rag - WARNING - 知识片段清洗后为空，已跳过。来源: 糖尿病.docx
2026-05-05 14:45:59,523 - app.core.rag - WARNING - 知识片段清洗后为空，已跳过。来源: 糖尿病.docx
2026-05-05 14:45:59,523 - app.core.rag - WARNING - 知识片段清洗后为空，已跳过。来源: 职场心理健康.docx
2026-05-05 14:45:59,523 - app.core.rag - WARNING - 知识片段清洗后为空，已跳过。来源: 职场心理健康.docx
2026-05-05 14:45:59,523 - app.core.rag - WARNING - 知识片段清洗后为空，已跳过。来源: 职场心理健康.docx
2026-05-05 14:45:59,523 - app.core.rag - WARNING - 知识片段清洗后为空，已跳过。来源: 腰痛.docx
2026-05-05 14:45:59,523 - app.core.rag - WARNING - 知识片段清洗后为空，已跳过。来源: 腰痛.docx
2026-05-05 14:45:59,524 - app.core.rag - WARNING - 知识片段清洗后为空，已跳过。来源: 腰痛.docx
2026-05-05 14:45:59,524 - app.core.rag - WARNING - 知识片段清洗后为空，已跳过。来源: 自闭症.docx
2026-05-05 14:45:59,524 - app.core.rag - WARNING - 知识片段清洗后为空，已跳过。来源: 自闭症.docx
2026-05-05 14:45:59,524 - app.core.rag - WARNING - 知识片段清洗后为空，已跳过。来源: 自闭症.docx
2026-05-05 14:45:59,524 - app.core.rag - WARNING - 知识片段清洗后为空，已跳过。来源: 虚拟朋友.docx
2026-05-05 14:45:59,525 - app.core.rag - WARNING - 知识片段清洗后为空，已跳过。来源: 虚拟朋友.docx
2026-05-05 14:45:59,525 - app.core.rag - WARNING - 知识片段清洗后为空，已跳过。来源: 虚拟朋友.docx
2026-05-05 14:45:59,525 - app.core.rag - WARNING - 知识片段清洗后为空，已跳过。来源: 虚拟朋友.docx
2026-05-05 14:45:59,526 - app.core.rag - WARNING - 知识片段清洗后为空，已跳过。来源: 证券分析师执业行为规范.docx
2026-05-05 14:45:59,526 - app.core.rag - WARNING - 知识片段清洗后为空，已跳过。来源: 证券分析师执业行为规范.docx
2026-05-05 14:45:59,526 - app.core.rag - WARNING - 知识片段清洗后为空，已跳过。来源: 证券分析师执业行为规范.docx
2026-05-05 14:45:59,526 - app.core.rag - WARNING - 知识片段清洗后为空，已跳过。来源: 证券投资顾问业务暂行规定.docx
2026-05-05 14:45:59,526 - app.core.rag - WARNING - 知识片段清洗后为空，已跳过。来源: 证券投资顾问业务暂行规定.docx
2026-05-05 14:45:59,526 - app.core.rag - WARNING - 知识片段清洗后为空，已跳过。来源: 证券投资顾问业务暂行规定.docx
2026-05-05 14:45:59,526 - app.core.rag - WARNING - 知识片段清洗后为空，已跳过。来源: 证券行业发展报告2023.docx
2026-05-05 14:45:59,526 - app.core.rag - WARNING - 知识片段清洗后为空，已跳过。来源: 证券行业发展报告2023.docx
2026-05-05 14:45:59,527 - app.core.rag - WARNING - 知识片段清洗后为空，已跳过。来源: 财富管理白皮书2024.docx
2026-05-05 14:45:59,527 - app.core.rag - WARNING - 知识片段清洗后为空，已跳过。来源: 财富管理白皮书2024.docx
2026-05-05 14:45:59,527 - app.core.rag - WARNING - 知识片段清洗后为空，已跳过。来源: 财富管理白皮书2024.docx
2026-05-05 14:45:59,527 - app.core.rag - WARNING - 知识片段清洗后为空，已跳过。来源: 财富管理白皮书2024.docx
2026-05-05 14:45:59,527 - app.core.rag - WARNING - 知识片段清洗后为空，已跳过。来源: 贫血.docx
2026-05-05 14:45:59,527 - app.core.rag - WARNING - 知识片段清洗后为空，已跳过。来源: 贫血.docx
2026-05-05 14:45:59,527 - app.core.rag - WARNING - 知识片段清洗后为空，已跳过。来源: 贫血.docx
2026-05-05 14:45:59,530 - app.core.rag - WARNING - 知识片段清洗后为空，已跳过。来源: 内置兜底知识
2026-05-05 14:45:59,530 - app.core.rag - WARNING - 知识片段清洗后为空，已跳过。来源: 内置兜底知识
2026-05-05 14:45:59,530 - app.core.rag - WARNING - 知识片段清洗后为空，已跳过。来源: 内置兜底知识
2026-05-05 14:45:59,530 - app.core.rag - WARNING - 知识片段清洗后为空，已跳过。来源: 内置兜底知识
2026-05-05 14:45:59,530 - app.core.rag - WARNING - 知识片段清洗后为空，已跳过。来源: 内置兜底知识
2026-05-05 14:45:59,531 - app.core.rag - WARNING - 知识片段清洗后为空，已跳过。来源: 内置兜底知识
2026-05-05 14:45:59,531 - app.core.rag - WARNING - 知识片段清洗后为空，已跳过。来源: 内置兜底知识
2026-05-05 14:45:59,531 - app.core.rag - WARNING - 知识片段清洗后为空，已跳过。来源: 内置兜底知识
2026-05-05 14:45:59,531 - app.core.rag - WARNING - 知识片段清洗后为空，已跳过。来源: 内置兜底知识
2026-05-05 14:45:59,531 - app.core.rag - WARNING - 知识片段清洗后为空，已跳过。来源: 内置兜底知识
2026-05-05 14:45:59,532 - app.core.rag - WARNING - 知识片段清洗后为空，已跳过。来源: 内置兜底知识
2026-05-05 14:45:59,532 - app.core.rag - WARNING - 知识片段清洗后为空，已跳过。来源: 内置兜底知识
2026-05-05 14:45:59,532 - app.core.rag - WARNING - 知识片段清洗后为空，已跳过。来源: 内置兜底知识
2026-05-05 14:45:59,532 - app.core.rag - WARNING - 知识库缓存为空，无法初始化 BM25 索引
2026-05-05 14:45:59,532 - app.core.rag - INFO - 知识库初始化完成: {'total': 37, 'processed': 0, 'failed': 0, 'from_cache': True, 'role_counts': {'1': 0, '2': 0, '3': 0, '4': 0, '5': 0, '6': 0, '7': 0, '8': 0, '9': 0}, 'processed_files': [], 'failed_files': []}
2026-05-05 14:47:16,833 - sentence_transformers.SentenceTransformer - INFO - Load pretrained SentenceTransformer: C:\Users\freedom\Desktop\专业\模型\bge-base-zh-v1.5
2026-05-05 14:47:17,105 - sentence_transformers.SentenceTransformer - INFO - Use pytorch device_name: cpu
2026-05-05 14:47:17,119 - app.core.rag - INFO - 成功初始化向量化模型
2026-05-05 14:47:17,119 - app.core.rag - INFO - 成功初始化在线大模型
2026-05-05 14:47:17,119 - app.core.rag - INFO - 成功初始化大模型
2026-05-05 14:47:17,119 - app.core.rag - INFO - 知识库目录: C:\Users\freedom\Desktop\多角色聊天机器人\app\knowledge\data
2026-05-05 14:47:17,424 - app.core.rag - WARNING - 知识片段清洗后为空，已跳过。来源: 中华人民共和国国务院组织法.docx
2026-05-05 14:47:17,424 - app.core.rag - WARNING - 知识片段清洗后为空，已跳过。来源: 中华人民共和国妇女权益保护法.docx
2026-05-05 14:47:17,424 - app.core.rag - WARNING - 知识片段清洗后为空，已跳过。来源: 中华人民共和国妇女权益保护法.docx
2026-05-05 14:47:17,424 - app.core.rag - WARNING - 知识片段清洗后为空，已跳过。来源: 中华人民共和国妇女权益保护法.docx
2026-05-05 14:47:17,426 - app.core.rag - WARNING - 知识片段清洗后为空，已跳过。来源: 中华人民共和国妇女权益保护法.docx
2026-05-05 14:47:17,426 - app.core.rag - WARNING - 知识片段清洗后为空，已跳过。来源: 中华人民共和国妇女权益保护法.docx
2026-05-05 14:47:17,426 - app.core.rag - WARNING - 知识片段清洗后为空，已跳过。来源: 中华人民共和国宪法.docx
2026-05-05 14:47:17,426 - app.core.rag - WARNING - 知识片段清洗后为空，已跳过。来源: 中华人民共和国宪法.docx
2026-05-05 14:47:17,426 - app.core.rag - WARNING - 知识片段清洗后为空，已跳过。来源: 中华人民共和国宪法.docx
2026-05-05 14:47:17,426 - app.core.rag - WARNING - 知识片段清洗后为空，已跳过。来源: 中华人民共和国宪法.docx
2026-05-05 14:47:17,426 - app.core.rag - WARNING - 知识片段清洗后为空，已跳过。来源: 中华人民共和国宪法.docx
2026-05-05 14:47:17,427 - app.core.rag - WARNING - 知识片段清洗后为空，已跳过。来源: 中华人民共和国宪法.docx
2026-05-05 14:47:17,427 - app.core.rag - WARNING - 知识片段清洗后为空，已跳过。来源: 中华人民共和国宪法.docx
2026-05-05 14:47:17,427 - app.core.rag - WARNING - 知识片段清洗后为空，已跳过。来源: 中华人民共和国宪法.docx
2026-05-05 14:47:17,427 - app.core.rag - WARNING - 知识片段清洗后为空，已跳过。来源: 中华人民共和国宪法.docx
2026-05-05 14:47:17,427 - app.core.rag - WARNING - 知识片段清洗后为空，已跳过。来源: 中华人民共和国宪法.docx
2026-05-05 14:47:17,428 - app.core.rag - WARNING - 知识片段清洗后为空，已跳过。来源: 中华人民共和国宪法.docx
2026-05-05 14:47:17,428 - app.core.rag - WARNING - 知识片段清洗后为空，已跳过。来源: 中华人民共和国宪法.docx
2026-05-05 14:47:17,428 - app.core.rag - WARNING - 知识片段清洗后为空，已跳过。来源: 中华人民共和国宪法.docx
2026-05-05 14:47:17,428 - app.core.rag - WARNING - 知识片段清洗后为空，已跳过。来源: 中华人民共和国宪法.docx
2026-05-05 14:47:17,428 - app.core.rag - WARNING - 知识片段清洗后为空，已跳过。来源: 中华人民共和国宪法.docx
2026-05-05 14:47:17,429 - app.core.rag - WARNING - 知识片段清洗后为空，已跳过。来源: 中华人民共和国宪法.docx
2026-05-05 14:47:17,429 - app.core.rag - WARNING - 知识片段清洗后为空，已跳过。来源: 中华人民共和国宪法.docx
2026-05-05 14:47:17,429 - app.core.rag - WARNING - 知识片段清洗后为空，已跳过。来源: 中华人民共和国宪法.docx
2026-05-05 14:47:17,429 - app.core.rag - WARNING - 知识片段清洗后为空，已跳过。来源: 中华人民共和国宪法.docx
2026-05-05 14:47:17,429 - app.core.rag - WARNING - 知识片段清洗后为空，已跳过。来源: 中华人民共和国宪法.docx
2026-05-05 14:47:17,429 - app.core.rag - WARNING - 知识片段清洗后为空，已跳过。来源: 中华人民共和国宪法.docx
2026-05-05 14:47:17,430 - app.core.rag - WARNING - 知识片段清洗后为空，已跳过。来源: 中华人民共和国宪法.docx
2026-05-05 14:47:17,430 - app.core.rag - WARNING - 知识片段清洗后为空，已跳过。来源: 中华人民共和国宪法.docx
2026-05-05 14:47:17,430 - app.core.rag - WARNING - 知识片段清洗后为空，已跳过。来源: 中华人民共和国工会法.docx
2026-05-05 14:47:17,430 - app.core.rag - WARNING - 知识片段清洗后为空，已跳过。来源: 中华人民共和国工会法.docx
2026-05-05 14:47:17,430 - app.core.rag - WARNING - 知识片段清洗后为空，已跳过。来源: 中华人民共和国工会法.docx
2026-05-05 14:47:17,430 - app.core.rag - WARNING - 知识片段清洗后为空，已跳过。来源: 中华人民共和国工会法.docx
2026-05-05 14:47:17,430 - app.core.rag - WARNING - 知识片段清洗后为空，已跳过。来源: 中华人民共和国工会法.docx
2026-05-05 14:47:17,430 - app.core.rag - WARNING - 知识片段清洗后为空，已跳过。来源: 中华人民共和国工会法.docx
2026-05-05 14:47:17,431 - app.core.rag - WARNING - 知识片段清洗后为空，已跳过。来源: 中华人民共和国工会法.docx
2026-05-05 14:47:17,431 - app.core.rag - WARNING - 知识片段清洗后为空，已跳过。来源: 中华人民共和国未成年人保护法.docx
2026-05-05 14:47:17,431 - app.core.rag - WARNING - 知识片段清洗后为空，已跳过。来源: 中华人民共和国未成年人保护法.docx
2026-05-05 14:47:17,431 - app.core.rag - WARNING - 知识片段清洗后为空，已跳过。来源: 中华人民共和国未成年人保护法.docx
2026-05-05 14:47:17,431 - app.core.rag - WARNING - 知识片段清洗后为空，已跳过。来源: 中华人民共和国未成年人保护法.docx
2026-05-05 14:47:17,431 - app.core.rag - WARNING - 知识片段清洗后为空，已跳过。来源: 中华人民共和国未成年人保护法.docx
2026-05-05 14:47:17,431 - app.core.rag - WARNING - 知识片段清洗后为空，已跳过。来源: 中华人民共和国未成年人保护法.docx
2026-05-05 14:47:17,431 - app.core.rag - WARNING - 知识片段清洗后为空，已跳过。来源: 中华人民共和国未成年人保护法.docx
2026-05-05 14:47:17,432 - app.core.rag - WARNING - 知识片段清洗后为空，已跳过。来源: 中华人民共和国未成年人保护法.docx
2026-05-05 14:47:17,432 - app.core.rag - WARNING - 知识片段清洗后为空，已跳过。来源: 中华人民共和国民法典_20200528.docx
2026-05-05 14:47:17,432 - app.core.rag - WARNING - 知识片段清洗后为空，已跳过。来源: 中华人民共和国民法典_20200528.docx
2026-05-05 14:47:17,432 - app.core.rag - WARNING - 知识片段清洗后为空，已跳过。来源: 中华人民共和国民法典_20200528.docx
2026-05-05 14:47:17,432 - app.core.rag - WARNING - 知识片段清洗后为空，已跳过。来源: 中华人民共和国民法典_20200528.docx
2026-05-05 14:47:17,433 - app.core.rag - WARNING - 知识片段清洗后为空，已跳过。来源: 中华人民共和国民法典_20200528.docx
2026-05-05 14:47:17,433 - app.core.rag - WARNING - 知识片段清洗后为空，已跳过。来源: 中华人民共和国民法典_20200528.docx
2026-05-05 14:47:17,433 - app.core.rag - WARNING - 知识片段清洗后为空，已跳过。来源: 中华人民共和国民法典_20200528.docx
2026-05-05 14:47:17,433 - app.core.rag - WARNING - 知识片段清洗后为空，已跳过。来源: 中华人民共和国民法典_20200528.docx
2026-05-05 14:47:17,433 - app.core.rag - WARNING - 知识片段清洗后为空，已跳过。来源: 中华人民共和国民法典_20200528.docx
2026-05-05 14:47:17,433 - app.core.rag - WARNING - 知识片段清洗后为空，已跳过。来源: 中华人民共和国民法典_20200528.docx
2026-05-05 14:47:17,433 - app.core.rag - WARNING - 知识片段清洗后为空，已跳过。来源: 中华人民共和国民法典_20200528.docx
2026-05-05 14:47:17,434 - app.core.rag - WARNING - 知识片段清洗后为空，已跳过。来源: 中华人民共和国民法典_20200528.docx
2026-05-05 14:47:17,434 - app.core.rag - WARNING - 知识片段清洗后为空，已跳过。来源: 中华人民共和国民法典_20200528.docx
2026-05-05 14:47:17,434 - app.core.rag - WARNING - 知识片段清洗后为空，已跳过。来源: 中华人民共和国民法典_20200528.docx
2026-05-05 14:47:17,434 - app.core.rag - WARNING - 知识片段清洗后为空，已跳过。来源: 中华人民共和国民法典_20200528.docx
2026-05-05 14:47:17,434 - app.core.rag - WARNING - 知识片段清洗后为空，已跳过。来源: 中华人民共和国民法典_20200528.docx
2026-05-05 14:47:17,434 - app.core.rag - WARNING - 知识片段清洗后为空，已跳过。来源: 中华人民共和国民法典_20200528.docx
2026-05-05 14:47:17,434 - app.core.rag - WARNING - 知识片段清洗后为空，已跳过。来源: 中华人民共和国民法典_20200528.docx
2026-05-05 14:47:17,434 - app.core.rag - WARNING - 知识片段清洗后为空，已跳过。来源: 中华人民共和国民法典_20200528.docx
2026-05-05 14:47:17,434 - app.core.rag - WARNING - 知识片段清洗后为空，已跳过。来源: 中华人民共和国民法典_20200528.docx
2026-05-05 14:47:17,436 - app.core.rag - WARNING - 知识片段清洗后为空，已跳过。来源: 中华人民共和国民法典_20200528.docx
2026-05-05 14:47:17,436 - app.core.rag - WARNING - 知识片段清洗后为空，已跳过。来源: 中华人民共和国民法典_20200528.docx
2026-05-05 14:47:17,436 - app.core.rag - WARNING - 知识片段清洗后为空，已跳过。来源: 中华人民共和国民法典_20200528.docx
2026-05-05 14:47:17,436 - app.core.rag - WARNING - 知识片段清洗后为空，已跳过。来源: 中华人民共和国民法典_20200528.docx
2026-05-05 14:47:17,436 - app.core.rag - WARNING - 知识片段清洗后为空，已跳过。来源: 中华人民共和国民法典_20200528.docx
2026-05-05 14:47:17,436 - app.core.rag - WARNING - 知识片段清洗后为空，已跳过。来源: 中华人民共和国民法典_20200528.docx
2026-05-05 14:47:17,437 - app.core.rag - WARNING - 知识片段清洗后为空，已跳过。来源: 中华人民共和国民法典_20200528.docx
2026-05-05 14:47:17,437 - app.core.rag - WARNING - 知识片段清洗后为空，已跳过。来源: 中华人民共和国民法典_20200528.docx
2026-05-05 14:47:17,437 - app.core.rag - WARNING - 知识片段清洗后为空，已跳过。来源: 中华人民共和国民法典_20200528.docx
2026-05-05 14:47:17,437 - app.core.rag - WARNING - 知识片段清洗后为空，已跳过。来源: 中华人民共和国民法典_20200528.docx
2026-05-05 14:47:17,437 - app.core.rag - WARNING - 知识片段清洗后为空，已跳过。来源: 中华人民共和国民法典_20200528.docx
2026-05-05 14:47:17,437 - app.core.rag - WARNING - 知识片段清洗后为空，已跳过。来源: 中华人民共和国民法典_20200528.docx
2026-05-05 14:47:17,437 - app.core.rag - WARNING - 知识片段清洗后为空，已跳过。来源: 中华人民共和国民法典_20200528.docx
2026-05-05 14:47:17,437 - app.core.rag - WARNING - 知识片段清洗后为空，已跳过。来源: 中华人民共和国民法典_20200528.docx
2026-05-05 14:47:17,438 - app.core.rag - WARNING - 知识片段清洗后为空，已跳过。来源: 中华人民共和国民法典_20200528.docx
2026-05-05 14:47:17,438 - app.core.rag - WARNING - 知识片段清洗后为空，已跳过。来源: 中华人民共和国民法典_20200528.docx
2026-05-05 14:47:17,438 - app.core.rag - WARNING - 知识片段清洗后为空，已跳过。来源: 中华人民共和国民法典_20200528.docx
2026-05-05 14:47:17,438 - app.core.rag - WARNING - 知识片段清洗后为空，已跳过。来源: 中华人民共和国民法典_20200528.docx
2026-05-05 14:47:17,438 - app.core.rag - WARNING - 知识片段清洗后为空，已跳过。来源: 中华人民共和国民法典_20200528.docx
2026-05-05 14:47:17,438 - app.core.rag - WARNING - 知识片段清洗后为空，已跳过。来源: 中华人民共和国民法典_20200528.docx
2026-05-05 14:47:17,438 - app.core.rag - WARNING - 知识片段清洗后为空，已跳过。来源: 中华人民共和国民法典_20200528.docx
2026-05-05 14:47:17,438 - app.core.rag - WARNING - 知识片段清洗后为空，已跳过。来源: 中华人民共和国民法典_20200528.docx
2026-05-05 14:47:17,439 - app.core.rag - WARNING - 知识片段清洗后为空，已跳过。来源: 中华人民共和国民法典_20200528.docx
2026-05-05 14:47:17,439 - app.core.rag - WARNING - 知识片段清洗后为空，已跳过。来源: 中华人民共和国民法典_20200528.docx
2026-05-05 14:47:17,439 - app.core.rag - WARNING - 知识片段清洗后为空，已跳过。来源: 中华人民共和国民法典_20200528.docx
2026-05-05 14:47:17,439 - app.core.rag - WARNING - 知识片段清洗后为空，已跳过。来源: 中华人民共和国民法典_20200528.docx
2026-05-05 14:47:17,439 - app.core.rag - WARNING - 知识片段清洗后为空，已跳过。来源: 中华人民共和国民法典_20200528.docx
2026-05-05 14:47:17,439 - app.core.rag - WARNING - 知识片段清洗后为空，已跳过。来源: 中华人民共和国民法典_20200528.docx
2026-05-05 14:47:17,439 - app.core.rag - WARNING - 知识片段清洗后为空，已跳过。来源: 中华人民共和国民法典_20200528.docx
2026-05-05 14:47:17,440 - app.core.rag - WARNING - 知识片段清洗后为空，已跳过。来源: 中华人民共和国民法典_20200528.docx
2026-05-05 14:47:17,440 - app.core.rag - WARNING - 知识片段清洗后为空，已跳过。来源: 中华人民共和国民法典_20200528.docx
2026-05-05 14:47:17,440 - app.core.rag - WARNING - 知识片段清洗后为空，已跳过。来源: 中华人民共和国民法典_20200528.docx
2026-05-05 14:47:17,440 - app.core.rag - WARNING - 知识片段清洗后为空，已跳过。来源: 中华人民共和国民法典_20200528.docx
2026-05-05 14:47:17,440 - app.core.rag - WARNING - 知识片段清洗后为空，已跳过。来源: 中华人民共和国民法典_20200528.docx
2026-05-05 14:47:17,440 - app.core.rag - WARNING - 知识片段清洗后为空，已跳过。来源: 中华人民共和国民法典_20200528.docx
2026-05-05 14:47:17,440 - app.core.rag - WARNING - 知识片段清洗后为空，已跳过。来源: 中华人民共和国民法典_20200528.docx
2026-05-05 14:47:17,440 - app.core.rag - WARNING - 知识片段清洗后为空，已跳过。来源: 中华人民共和国民法典_20200528.docx
2026-05-05 14:47:17,440 - app.core.rag - WARNING - 知识片段清洗后为空，已跳过。来源: 中华人民共和国民法典_20200528.docx
2026-05-05 14:47:17,441 - app.core.rag - WARNING - 知识片段清洗后为空，已跳过。来源: 中华人民共和国民法典_20200528.docx
2026-05-05 14:47:17,441 - app.core.rag - WARNING - 知识片段清洗后为空，已跳过。来源: 中华人民共和国民法典_20200528.docx
2026-05-05 14:47:17,441 - app.core.rag - WARNING - 知识片段清洗后为空，已跳过。来源: 中华人民共和国民法典_20200528.docx
2026-05-05 14:47:17,441 - app.core.rag - WARNING - 知识片段清洗后为空，已跳过。来源: 中华人民共和国民法典_20200528.docx
2026-05-05 14:47:17,441 - app.core.rag - WARNING - 知识片段清洗后为空，已跳过。来源: 中华人民共和国民法典_20200528.docx
2026-05-05 14:47:17,441 - app.core.rag - WARNING - 知识片段清洗后为空，已跳过。来源: 中华人民共和国民法典_20200528.docx
2026-05-05 14:47:17,441 - app.core.rag - WARNING - 知识片段清洗后为空，已跳过。来源: 中华人民共和国民法典_20200528.docx
2026-05-05 14:47:17,441 - app.core.rag - WARNING - 知识片段清洗后为空，已跳过。来源: 中华人民共和国民法典_20200528.docx
2026-05-05 14:47:17,442 - app.core.rag - WARNING - 知识片段清洗后为空，已跳过。来源: 中华人民共和国民法典_20200528.docx
2026-05-05 14:47:17,442 - app.core.rag - WARNING - 知识片段清洗后为空，已跳过。来源: 中华人民共和国民法典_20200528.docx
2026-05-05 14:47:17,442 - app.core.rag - WARNING - 知识片段清洗后为空，已跳过。来源: 中华人民共和国民法典_20200528.docx
2026-05-05 14:47:17,442 - app.core.rag - WARNING - 知识片段清洗后为空，已跳过。来源: 中华人民共和国民法典_20200528.docx
2026-05-05 14:47:17,442 - app.core.rag - WARNING - 知识片段清洗后为空，已跳过。来源: 中华人民共和国民法典_20200528.docx
2026-05-05 14:47:17,442 - app.core.rag - WARNING - 知识片段清洗后为空，已跳过。来源: 中华人民共和国民法典_20200528.docx
2026-05-05 14:47:17,442 - app.core.rag - WARNING - 知识片段清洗后为空，已跳过。来源: 中华人民共和国民法典_20200528.docx
2026-05-05 14:47:17,442 - app.core.rag - WARNING - 知识片段清洗后为空，已跳过。来源: 中华人民共和国民法典_20200528.docx
2026-05-05 14:47:17,443 - app.core.rag - WARNING - 知识片段清洗后为空，已跳过。来源: 中华人民共和国民法典_20200528.docx
2026-05-05 14:47:17,443 - app.core.rag - WARNING - 知识片段清洗后为空，已跳过。来源: 中华人民共和国民法典_20200528.docx
2026-05-05 14:47:17,443 - app.core.rag - WARNING - 知识片段清洗后为空，已跳过。来源: 中华人民共和国民法典_20200528.docx
2026-05-05 14:47:17,443 - app.core.rag - WARNING - 知识片段清洗后为空，已跳过。来源: 中华人民共和国民法典_20200528.docx
2026-05-05 14:47:17,443 - app.core.rag - WARNING - 知识片段清洗后为空，已跳过。来源: 中华人民共和国民法典_20200528.docx
2026-05-05 14:47:17,443 - app.core.rag - WARNING - 知识片段清洗后为空，已跳过。来源: 中华人民共和国民法典_20200528.docx
2026-05-05 14:47:17,443 - app.core.rag - WARNING - 知识片段清洗后为空，已跳过。来源: 中华人民共和国民法典_20200528.docx
2026-05-05 14:47:17,443 - app.core.rag - WARNING - 知识片段清洗后为空，已跳过。来源: 中华人民共和国民法典_20200528.docx
2026-05-05 14:47:17,444 - app.core.rag - WARNING - 知识片段清洗后为空，已跳过。来源: 中华人民共和国民法典_20200528.docx
2026-05-05 14:47:17,444 - app.core.rag - WARNING - 知识片段清洗后为空，已跳过。来源: 中华人民共和国民法典_20200528.docx
2026-05-05 14:47:17,444 - app.core.rag - WARNING - 知识片段清洗后为空，已跳过。来源: 中华人民共和国民法典_20200528.docx
2026-05-05 14:47:17,444 - app.core.rag - WARNING - 知识片段清洗后为空，已跳过。来源: 中华人民共和国民法典_20200528.docx
2026-05-05 14:47:17,444 - app.core.rag - WARNING - 知识片段清洗后为空，已跳过。来源: 中华人民共和国民法典_20200528.docx
2026-05-05 14:47:17,444 - app.core.rag - WARNING - 知识片段清洗后为空，已跳过。来源: 中华人民共和国民法典_20200528.docx
2026-05-05 14:47:17,444 - app.core.rag - WARNING - 知识片段清洗后为空，已跳过。来源: 中华人民共和国民法典_20200528.docx
2026-05-05 14:47:17,445 - app.core.rag - WARNING - 知识片段清洗后为空，已跳过。来源: 中华人民共和国民法典_20200528.docx
2026-05-05 14:47:17,445 - app.core.rag - WARNING - 知识片段清洗后为空，已跳过。来源: 中华人民共和国民法典_20200528.docx
2026-05-05 14:47:17,445 - app.core.rag - WARNING - 知识片段清洗后为空，已跳过。来源: 中华人民共和国民法典_20200528.docx
2026-05-05 14:47:17,445 - app.core.rag - WARNING - 知识片段清洗后为空，已跳过。来源: 中华人民共和国民法典_20200528.docx
2026-05-05 14:47:17,445 - app.core.rag - WARNING - 知识片段清洗后为空，已跳过。来源: 中华人民共和国民法典_20200528.docx
2026-05-05 14:47:17,445 - app.core.rag - WARNING - 知识片段清洗后为空，已跳过。来源: 中华人民共和国民法典_20200528.docx
2026-05-05 14:47:17,445 - app.core.rag - WARNING - 知识片段清洗后为空，已跳过。来源: 中华人民共和国民法典_20200528.docx
2026-05-05 14:47:17,446 - app.core.rag - WARNING - 知识片段清洗后为空，已跳过。来源: 中华人民共和国民法典_20200528.docx
2026-05-05 14:47:17,446 - app.core.rag - WARNING - 知识片段清洗后为空，已跳过。来源: 中华人民共和国民法典_20200528.docx
2026-05-05 14:47:17,446 - app.core.rag - WARNING - 知识片段清洗后为空，已跳过。来源: 中华人民共和国民法典_20200528.docx
2026-05-05 14:47:17,446 - app.core.rag - WARNING - 知识片段清洗后为空，已跳过。来源: 中华人民共和国民法典_20200528.docx
2026-05-05 14:47:17,446 - app.core.rag - WARNING - 知识片段清洗后为空，已跳过。来源: 中华人民共和国民法典_20200528.docx
2026-05-05 14:47:17,446 - app.core.rag - WARNING - 知识片段清洗后为空，已跳过。来源: 中华人民共和国民法典_20200528.docx
2026-05-05 14:47:17,446 - app.core.rag - WARNING - 知识片段清洗后为空，已跳过。来源: 中华人民共和国民法典_20200528.docx
2026-05-05 14:47:17,446 - app.core.rag - WARNING - 知识片段清洗后为空，已跳过。来源: 中华人民共和国民法典_20200528.docx
2026-05-05 14:47:17,446 - app.core.rag - WARNING - 知识片段清洗后为空，已跳过。来源: 中华人民共和国民法典_20200528.docx
2026-05-05 14:47:17,447 - app.core.rag - WARNING - 知识片段清洗后为空，已跳过。来源: 中华人民共和国民法典_20200528.docx
2026-05-05 14:47:17,447 - app.core.rag - WARNING - 知识片段清洗后为空，已跳过。来源: 中华人民共和国民法典_20200528.docx
2026-05-05 14:47:17,447 - app.core.rag - WARNING - 知识片段清洗后为空，已跳过。来源: 中华人民共和国民法典_20200528.docx
2026-05-05 14:47:17,447 - app.core.rag - WARNING - 知识片段清洗后为空，已跳过。来源: 中华人民共和国民法典_20200528.docx
2026-05-05 14:47:17,447 - app.core.rag - WARNING - 知识片段清洗后为空，已跳过。来源: 中华人民共和国民法典_20200528.docx
2026-05-05 14:47:17,447 - app.core.rag - WARNING - 知识片段清洗后为空，已跳过。来源: 中华人民共和国民法典_20200528.docx
2026-05-05 14:47:17,447 - app.core.rag - WARNING - 知识片段清洗后为空，已跳过。来源: 中华人民共和国民法典_20200528.docx
2026-05-05 14:47:17,448 - app.core.rag - WARNING - 知识片段清洗后为空，已跳过。来源: 中华人民共和国民法典_20200528.docx
2026-05-05 14:47:17,448 - app.core.rag - WARNING - 知识片段清洗后为空，已跳过。来源: 中华人民共和国民法典_20200528.docx
2026-05-05 14:47:17,448 - app.core.rag - WARNING - 知识片段清洗后为空，已跳过。来源: 中华人民共和国民法典_20200528.docx
2026-05-05 14:47:17,448 - app.core.rag - WARNING - 知识片段清洗后为空，已跳过。来源: 中华全国律师协会律师执业行为规范（2024 修订）.docx
2026-05-05 14:47:17,448 - app.core.rag - WARNING - 知识片段清洗后为空，已跳过。来源: 中华全国律师协会律师执业行为规范（2024 修订）.docx
2026-05-05 14:47:17,448 - app.core.rag - WARNING - 知识片段清洗后为空，已跳过。来源: 中华全国律师协会律师执业行为规范（2024 修订）.docx
2026-05-05 14:47:17,448 - app.core.rag - WARNING - 知识片段清洗后为空，已跳过。来源: 中华全国律师协会律师执业行为规范（2024 修订）.docx
2026-05-05 14:47:17,449 - app.core.rag - WARNING - 知识片段清洗后为空，已跳过。来源: 中华全国律师协会律师执业行为规范（2024 修订）.docx
2026-05-05 14:47:17,449 - app.core.rag - WARNING - 知识片段清洗后为空，已跳过。来源: 中华全国律师协会律师执业行为规范（2024 修订）.docx
2026-05-05 14:47:17,449 - app.core.rag - WARNING - 知识片段清洗后为空，已跳过。来源: 中华全国律师协会律师执业行为规范（2024 修订）.docx
2026-05-05 14:47:17,449 - app.core.rag - WARNING - 知识片段清洗后为空，已跳过。来源: 中华全国律师协会律师执业行为规范（2024 修订）.docx
2026-05-05 14:47:17,450 - app.core.rag - WARNING - 知识片段清洗后为空，已跳过。来源: 乳腺癌.docx
2026-05-05 14:47:17,450 - app.core.rag - WARNING - 知识片段清洗后为空，已跳过。来源: 乳腺癌.docx
2026-05-05 14:47:17,450 - app.core.rag - WARNING - 知识片段清洗后为空，已跳过。来源: 乳腺癌.docx
2026-05-05 14:47:17,450 - app.core.rag - WARNING - 知识片段清洗后为空，已跳过。来源: 乳腺癌.docx
2026-05-05 14:47:17,450 - app.core.rag - WARNING - 知识片段清洗后为空，已跳过。来源: 哮喘.docx
2026-05-05 14:47:17,451 - app.core.rag - WARNING - 知识片段清洗后为空，已跳过。来源: 哮喘.docx
2026-05-05 14:47:17,451 - app.core.rag - WARNING - 知识片段清洗后为空，已跳过。来源: 哮喘.docx
2026-05-05 14:47:17,451 - app.core.rag - WARNING - 知识片段清洗后为空，已跳过。来源: 商业银行理财管理办法2024.docx
2026-05-05 14:47:17,451 - app.core.rag - WARNING - 知识片段清洗后为空，已跳过。来源: 商业银行理财管理办法2024.docx
2026-05-05 14:47:17,451 - app.core.rag - WARNING - 知识片段清洗后为空，已跳过。来源: 国家基层高血压防治管理手册2025版.pdf
2026-05-05 14:47:17,451 - app.core.rag - WARNING - 知识片段清洗后为空，已跳过。来源: 国家基层高血压防治管理手册2025版.pdf
2026-05-05 14:47:17,452 - app.core.rag - WARNING - 知识片段清洗后为空，已跳过。来源: 国家基层高血压防治管理手册2025版.pdf
2026-05-05 14:47:17,452 - app.core.rag - WARNING - 知识片段清洗后为空，已跳过。来源: 国家基层高血压防治管理手册2025版.pdf
2026-05-05 14:47:17,452 - app.core.rag - WARNING - 知识片段清洗后为空，已跳过。来源: 国家基层高血压防治管理手册2025版.pdf
2026-05-05 14:47:17,452 - app.core.rag - WARNING - 知识片段清洗后为空，已跳过。来源: 国家基层高血压防治管理手册2025版.pdf
2026-05-05 14:47:17,452 - app.core.rag - WARNING - 知识片段清洗后为空，已跳过。来源: 国家基层高血压防治管理手册2025版.pdf
2026-05-05 14:47:17,452 - app.core.rag - WARNING - 知识片段清洗后为空，已跳过。来源: 国家基层高血压防治管理手册2025版.pdf
2026-05-05 14:47:17,452 - app.core.rag - WARNING - 知识片段清洗后为空，已跳过。来源: 国家基层高血压防治管理手册2025版.pdf
2026-05-05 14:47:17,452 - app.core.rag - WARNING - 知识片段清洗后为空，已跳过。来源: 国家基层高血压防治管理手册2025版.pdf
2026-05-05 14:47:17,453 - app.core.rag - WARNING - 知识片段清洗后为空，已跳过。来源: 国家基层高血压防治管理手册2025版.pdf
2026-05-05 14:47:17,453 - app.core.rag - WARNING - 知识片段清洗后为空，已跳过。来源: 国家基层高血压防治管理手册2025版.pdf
2026-05-05 14:47:17,453 - app.core.rag - WARNING - 知识片段清洗后为空，已跳过。来源: 国家基层高血压防治管理手册2025版.pdf
2026-05-05 14:47:17,453 - app.core.rag - WARNING - 知识片段清洗后为空，已跳过。来源: 国家基层高血压防治管理手册2025版.pdf
2026-05-05 14:47:17,453 - app.core.rag - WARNING - 知识片段清洗后为空，已跳过。来源: 国家基层高血压防治管理手册2025版.pdf
2026-05-05 14:47:17,453 - app.core.rag - WARNING - 知识片段清洗后为空，已跳过。来源: 国家基层高血压防治管理手册2025版.pdf
2026-05-05 14:47:17,453 - app.core.rag - WARNING - 知识片段清洗后为空，已跳过。来源: 国家基层高血压防治管理手册2025版.pdf
2026-05-05 14:47:17,453 - app.core.rag - WARNING - 知识片段清洗后为空，已跳过。来源: 国家基层高血压防治管理手册2025版.pdf
2026-05-05 14:47:17,454 - app.core.rag - WARNING - 知识片段清洗后为空，已跳过。来源: 国家基层高血压防治管理手册2025版.pdf
2026-05-05 14:47:17,454 - app.core.rag - WARNING - 知识片段清洗后为空，已跳过。来源: 国家基层高血压防治管理手册2025版.pdf
2026-05-05 14:47:17,454 - app.core.rag - WARNING - 知识片段清洗后为空，已跳过。来源: 国家基层高血压防治管理手册2025版.pdf
2026-05-05 14:47:17,454 - app.core.rag - WARNING - 知识片段清洗后为空，已跳过。来源: 国家基层高血压防治管理手册2025版.pdf
2026-05-05 14:47:17,454 - app.core.rag - WARNING - 知识片段清洗后为空，已跳过。来源: 国家基层高血压防治管理手册2025版.pdf
2026-05-05 14:47:17,454 - app.core.rag - WARNING - 知识片段清洗后为空，已跳过。来源: 国家基层高血压防治管理手册2025版.pdf
2026-05-05 14:47:17,454 - app.core.rag - WARNING - 知识片段清洗后为空，已跳过。来源: 国家基层高血压防治管理手册2025版.pdf
2026-05-05 14:47:17,454 - app.core.rag - WARNING - 知识片段清洗后为空，已跳过。来源: 国家基层高血压防治管理手册2025版.pdf
2026-05-05 14:47:17,454 - app.core.rag - WARNING - 知识片段清洗后为空，已跳过。来源: 国家基层高血压防治管理手册2025版.pdf
2026-05-05 14:47:17,454 - app.core.rag - WARNING - 知识片段清洗后为空，已跳过。来源: 国家基层高血压防治管理手册2025版.pdf
2026-05-05 14:47:17,454 - app.core.rag - WARNING - 知识片段清洗后为空，已跳过。来源: 国家基层高血压防治管理手册2025版.pdf
2026-05-05 14:47:17,454 - app.core.rag - WARNING - 知识片段清洗后为空，已跳过。来源: 国家基层高血压防治管理手册2025版.pdf
2026-05-05 14:47:17,454 - app.core.rag - WARNING - 知识片段清洗后为空，已跳过。来源: 国家基层高血压防治管理手册2025版.pdf
2026-05-05 14:47:17,454 - app.core.rag - WARNING - 知识片段清洗后为空，已跳过。来源: 国家基层高血压防治管理手册2025版.pdf
2026-05-05 14:47:17,455 - app.core.rag - WARNING - 知识片段清洗后为空，已跳过。来源: 国家基层高血压防治管理手册2025版.pdf
2026-05-05 14:47:17,455 - app.core.rag - WARNING - 知识片段清洗后为空，已跳过。来源: 国家基层高血压防治管理手册2025版.pdf
2026-05-05 14:47:17,455 - app.core.rag - WARNING - 知识片段清洗后为空，已跳过。来源: 国家基层高血压防治管理手册2025版.pdf
2026-05-05 14:47:17,455 - app.core.rag - WARNING - 知识片段清洗后为空，已跳过。来源: 国家基层高血压防治管理手册2025版.pdf
2026-05-05 14:47:17,455 - app.core.rag - WARNING - 知识片段清洗后为空，已跳过。来源: 天体物理学.docx
2026-05-05 14:47:17,455 - app.core.rag - WARNING - 知识片段清洗后为空，已跳过。来源: 天体物理学.docx
2026-05-05 14:47:17,455 - app.core.rag - WARNING - 知识片段清洗后为空，已跳过。来源: 天体物理学.docx
2026-05-05 14:47:17,455 - app.core.rag - WARNING - 知识片段清洗后为空，已跳过。来源: 天体物理学.docx
2026-05-05 14:47:17,455 - app.core.rag - WARNING - 知识片段清洗后为空，已跳过。来源: 天体物理学.docx
2026-05-05 14:47:17,455 - app.core.rag - WARNING - 知识片段清洗后为空，已跳过。来源: 天体物理学.docx
2026-05-05 14:47:17,455 - app.core.rag - WARNING - 知识片段清洗后为空，已跳过。来源: 天体物理学.docx
2026-05-05 14:47:17,457 - app.core.rag - WARNING - 知识片段清洗后为空，已跳过。来源: 天体物理学.docx
2026-05-05 14:47:17,457 - app.core.rag - WARNING - 知识片段清洗后为空，已跳过。来源: 天体物理学.docx
2026-05-05 14:47:17,457 - app.core.rag - WARNING - 知识片段清洗后为空，已跳过。来源: 天体物理学.docx
2026-05-05 14:47:17,457 - app.core.rag - WARNING - 知识片段清洗后为空，已跳过。来源: 天体物理学.docx
2026-05-05 14:47:17,457 - app.core.rag - WARNING - 知识片段清洗后为空，已跳过。来源: 天体物理学.docx
2026-05-05 14:47:17,457 - app.core.rag - WARNING - 知识片段清洗后为空，已跳过。来源: 天体物理学.docx
2026-05-05 14:47:17,457 - app.core.rag - WARNING - 知识片段清洗后为空，已跳过。来源: 天体物理学.docx
2026-05-05 14:47:17,458 - app.core.rag - WARNING - 知识片段清洗后为空，已跳过。来源: 天体物理学.docx
2026-05-05 14:47:17,458 - app.core.rag - WARNING - 知识片段清洗后为空，已跳过。来源: 天体物理学.docx
2026-05-05 14:47:17,458 - app.core.rag - WARNING - 知识片段清洗后为空，已跳过。来源: 天体物理学.docx
2026-05-05 14:47:17,458 - app.core.rag - WARNING - 知识片段清洗后为空，已跳过。来源: 天体物理学.docx
2026-05-05 14:47:17,458 - app.core.rag - WARNING - 知识片段清洗后为空，已跳过。来源: 天体物理学.docx
2026-05-05 14:47:17,458 - app.core.rag - WARNING - 知识片段清洗后为空，已跳过。来源: 天体物理学.docx
2026-05-05 14:47:17,458 - app.core.rag - WARNING - 知识片段清洗后为空，已跳过。来源: 天体物理学.docx
2026-05-05 14:47:17,459 - app.core.rag - WARNING - 知识片段清洗后为空，已跳过。来源: 天体物理学.docx
2026-05-05 14:47:17,459 - app.core.rag - WARNING - 知识片段清洗后为空，已跳过。来源: 天体物理学.docx
2026-05-05 14:47:17,459 - app.core.rag - WARNING - 知识片段清洗后为空，已跳过。来源: 天体物理学.docx
2026-05-05 14:47:17,459 - app.core.rag - WARNING - 知识片段清洗后为空，已跳过。来源: 天体物理学.docx
2026-05-05 14:47:17,459 - app.core.rag - WARNING - 知识片段清洗后为空，已跳过。来源: 天体物理学.docx
2026-05-05 14:47:17,459 - app.core.rag - WARNING - 知识片段清洗后为空，已跳过。来源: 天体物理学.docx
2026-05-05 14:47:17,459 - app.core.rag - WARNING - 知识片段清洗后为空，已跳过。来源: 天体物理学.docx
2026-05-05 14:47:17,459 - app.core.rag - WARNING - 知识片段清洗后为空，已跳过。来源: 天体物理学.docx
2026-05-05 14:47:17,459 - app.core.rag - WARNING - 知识片段清洗后为空，已跳过。来源: 天体物理学.docx
2026-05-05 14:47:17,460 - app.core.rag - WARNING - 知识片段清洗后为空，已跳过。来源: 天体物理学.docx
2026-05-05 14:47:17,460 - app.core.rag - WARNING - 知识片段清洗后为空，已跳过。来源: 天体物理学.docx
2026-05-05 14:47:17,460 - app.core.rag - WARNING - 知识片段清洗后为空，已跳过。来源: 天体物理学.docx
2026-05-05 14:47:17,460 - app.core.rag - WARNING - 知识片段清洗后为空，已跳过。来源: 天体物理学.docx
2026-05-05 14:47:17,460 - app.core.rag - WARNING - 知识片段清洗后为空，已跳过。来源: 天体物理学.docx
2026-05-05 14:47:17,460 - app.core.rag - WARNING - 知识片段清洗后为空，已跳过。来源: 天体物理学.docx
2026-05-05 14:47:17,460 - app.core.rag - WARNING - 知识片段清洗后为空，已跳过。来源: 天体物理学.docx
2026-05-05 14:47:17,461 - app.core.rag - WARNING - 知识片段清洗后为空，已跳过。来源: 天体物理学.docx
2026-05-05 14:47:17,461 - app.core.rag - WARNING - 知识片段清洗后为空，已跳过。来源: 天体物理学.docx
2026-05-05 14:47:17,461 - app.core.rag - WARNING - 知识片段清洗后为空，已跳过。来源: 天体物理学.docx
2026-05-05 14:47:17,461 - app.core.rag - WARNING - 知识片段清洗后为空，已跳过。来源: 天体物理学.docx
2026-05-05 14:47:17,461 - app.core.rag - WARNING - 知识片段清洗后为空，已跳过。来源: 天体物理学.docx
2026-05-05 14:47:17,461 - app.core.rag - WARNING - 知识片段清洗后为空，已跳过。来源: 天体物理学.docx
2026-05-05 14:47:17,461 - app.core.rag - WARNING - 知识片段清洗后为空，已跳过。来源: 天体物理学.docx
2026-05-05 14:47:17,462 - app.core.rag - WARNING - 知识片段清洗后为空，已跳过。来源: 天体物理学.docx
2026-05-05 14:47:17,462 - app.core.rag - WARNING - 知识片段清洗后为空，已跳过。来源: 天体物理学.docx
2026-05-05 14:47:17,462 - app.core.rag - WARNING - 知识片段清洗后为空，已跳过。来源: 天体物理学.docx
2026-05-05 14:47:17,462 - app.core.rag - WARNING - 知识片段清洗后为空，已跳过。来源: 天体物理学.docx
2026-05-05 14:47:17,462 - app.core.rag - WARNING - 知识片段清洗后为空，已跳过。来源: 天体物理学.docx
2026-05-05 14:47:17,462 - app.core.rag - WARNING - 知识片段清洗后为空，已跳过。来源: 天体物理学.docx
2026-05-05 14:47:17,462 - app.core.rag - WARNING - 知识片段清洗后为空，已跳过。来源: 天体物理学.docx
2026-05-05 14:47:17,463 - app.core.rag - WARNING - 知识片段清洗后为空，已跳过。来源: 天体物理学.docx
2026-05-05 14:47:17,463 - app.core.rag - WARNING - 知识片段清洗后为空，已跳过。来源: 天体物理学.docx
2026-05-05 14:47:17,463 - app.core.rag - WARNING - 知识片段清洗后为空，已跳过。来源: 天体物理学.docx
2026-05-05 14:47:17,463 - app.core.rag - WARNING - 知识片段清洗后为空，已跳过。来源: 天体物理学.docx
2026-05-05 14:47:17,463 - app.core.rag - WARNING - 知识片段清洗后为空，已跳过。来源: 天体物理学.docx
2026-05-05 14:47:17,463 - app.core.rag - WARNING - 知识片段清洗后为空，已跳过。来源: 天体物理学.docx
2026-05-05 14:47:17,463 - app.core.rag - WARNING - 知识片段清洗后为空，已跳过。来源: 天体物理学.docx
2026-05-05 14:47:17,463 - app.core.rag - WARNING - 知识片段清洗后为空，已跳过。来源: 天体物理学.docx
2026-05-05 14:47:17,464 - app.core.rag - WARNING - 知识片段清洗后为空，已跳过。来源: 天体物理学.docx
2026-05-05 14:47:17,464 - app.core.rag - WARNING - 知识片段清洗后为空，已跳过。来源: 天体物理学.docx
2026-05-05 14:47:17,464 - app.core.rag - WARNING - 知识片段清洗后为空，已跳过。来源: 天体物理学.docx
2026-05-05 14:47:17,464 - app.core.rag - WARNING - 知识片段清洗后为空，已跳过。来源: 天体物理学.docx
2026-05-05 14:47:17,464 - app.core.rag - WARNING - 知识片段清洗后为空，已跳过。来源: 天体物理学.docx
2026-05-05 14:47:17,465 - app.core.rag - WARNING - 知识片段清洗后为空，已跳过。来源: 天体物理学.docx
2026-05-05 14:47:17,465 - app.core.rag - WARNING - 知识片段清洗后为空，已跳过。来源: 天体物理学.docx
2026-05-05 14:47:17,465 - app.core.rag - WARNING - 知识片段清洗后为空，已跳过。来源: 天体物理学.docx
2026-05-05 14:47:17,465 - app.core.rag - WARNING - 知识片段清洗后为空，已跳过。来源: 天体物理学.docx
2026-05-05 14:47:17,465 - app.core.rag - WARNING - 知识片段清洗后为空，已跳过。来源: 天体物理学.docx
2026-05-05 14:47:17,465 - app.core.rag - WARNING - 知识片段清洗后为空，已跳过。来源: 天体物理学.docx
2026-05-05 14:47:17,465 - app.core.rag - WARNING - 知识片段清洗后为空，已跳过。来源: 天体物理学.docx
2026-05-05 14:47:17,465 - app.core.rag - WARNING - 知识片段清洗后为空，已跳过。来源: 天体物理学.docx
2026-05-05 14:47:17,466 - app.core.rag - WARNING - 知识片段清洗后为空，已跳过。来源: 天体物理学.docx
2026-05-05 14:47:17,466 - app.core.rag - WARNING - 知识片段清洗后为空，已跳过。来源: 天体物理学.docx
2026-05-05 14:47:17,466 - app.core.rag - WARNING - 知识片段清洗后为空，已跳过。来源: 天体物理学.docx
2026-05-05 14:47:17,466 - app.core.rag - WARNING - 知识片段清洗后为空，已跳过。来源: 天体物理学.docx
2026-05-05 14:47:17,466 - app.core.rag - WARNING - 知识片段清洗后为空，已跳过。来源: 天体物理学.docx
2026-05-05 14:47:17,466 - app.core.rag - WARNING - 知识片段清洗后为空，已跳过。来源: 天体物理学.docx
2026-05-05 14:47:17,466 - app.core.rag - WARNING - 知识片段清洗后为空，已跳过。来源: 天体物理学.docx
2026-05-05 14:47:17,466 - app.core.rag - WARNING - 知识片段清洗后为空，已跳过。来源: 天体物理学.docx
2026-05-05 14:47:17,466 - app.core.rag - WARNING - 知识片段清洗后为空，已跳过。来源: 天体物理学.docx
2026-05-05 14:47:17,466 - app.core.rag - WARNING - 知识片段清洗后为空，已跳过。来源: 天体物理学.docx
2026-05-05 14:47:17,466 - app.core.rag - WARNING - 知识片段清洗后为空，已跳过。来源: 天体物理学.docx
2026-05-05 14:47:17,466 - app.core.rag - WARNING - 知识片段清洗后为空，已跳过。来源: 天体物理学.docx
2026-05-05 14:47:17,466 - app.core.rag - WARNING - 知识片段清洗后为空，已跳过。来源: 天体物理学.docx
2026-05-05 14:47:17,467 - app.core.rag - WARNING - 知识片段清洗后为空，已跳过。来源: 天体物理学.docx
2026-05-05 14:47:17,467 - app.core.rag - WARNING - 知识片段清洗后为空，已跳过。来源: 天体物理学.docx
2026-05-05 14:47:17,467 - app.core.rag - WARNING - 知识片段清洗后为空，已跳过。来源: 天体物理学.docx
2026-05-05 14:47:17,467 - app.core.rag - WARNING - 知识片段清洗后为空，已跳过。来源: 天体物理学.docx
2026-05-05 14:47:17,467 - app.core.rag - WARNING - 知识片段清洗后为空，已跳过。来源: 天体物理学.docx
2026-05-05 14:47:17,467 - app.core.rag - WARNING - 知识片段清洗后为空，已跳过。来源: 天体物理学.docx
2026-05-05 14:47:17,467 - app.core.rag - WARNING - 知识片段清洗后为空，已跳过。来源: 天体物理学.docx
2026-05-05 14:47:17,467 - app.core.rag - WARNING - 知识片段清洗后为空，已跳过。来源: 天体物理学.docx
2026-05-05 14:47:17,467 - app.core.rag - WARNING - 知识片段清洗后为空，已跳过。来源: 天体物理学.docx
2026-05-05 14:47:17,468 - app.core.rag - WARNING - 知识片段清洗后为空，已跳过。来源: 天体物理学.docx
2026-05-05 14:47:17,468 - app.core.rag - WARNING - 知识片段清洗后为空，已跳过。来源: 天体物理学.docx
2026-05-05 14:47:17,468 - app.core.rag - WARNING - 知识片段清洗后为空，已跳过。来源: 天体物理学.docx
2026-05-05 14:47:17,468 - app.core.rag - WARNING - 知识片段清洗后为空，已跳过。来源: 天体物理学.docx
2026-05-05 14:47:17,468 - app.core.rag - WARNING - 知识片段清洗后为空，已跳过。来源: 天体物理学.docx
2026-05-05 14:47:17,468 - app.core.rag - WARNING - 知识片段清洗后为空，已跳过。来源: 天体物理学.docx
2026-05-05 14:47:17,468 - app.core.rag - WARNING - 知识片段清洗后为空，已跳过。来源: 天体物理学.docx
2026-05-05 14:47:17,468 - app.core.rag - WARNING - 知识片段清洗后为空，已跳过。来源: 天体物理学.docx
2026-05-05 14:47:17,469 - app.core.rag - WARNING - 知识片段清洗后为空，已跳过。来源: 天体物理学.docx
2026-05-05 14:47:17,469 - app.core.rag - WARNING - 知识片段清洗后为空，已跳过。来源: 天体物理学.docx
2026-05-05 14:47:17,469 - app.core.rag - WARNING - 知识片段清洗后为空，已跳过。来源: 天体物理学.docx
2026-05-05 14:47:17,469 - app.core.rag - WARNING - 知识片段清洗后为空，已跳过。来源: 天体物理学.docx
2026-05-05 14:47:17,469 - app.core.rag - WARNING - 知识片段清洗后为空，已跳过。来源: 天体物理学.docx
2026-05-05 14:47:17,469 - app.core.rag - WARNING - 知识片段清洗后为空，已跳过。来源: 天体物理学.docx
2026-05-05 14:47:17,469 - app.core.rag - WARNING - 知识片段清洗后为空，已跳过。来源: 天体物理学.docx
2026-05-05 14:47:17,469 - app.core.rag - WARNING - 知识片段清洗后为空，已跳过。来源: 天体物理学.docx
2026-05-05 14:47:17,469 - app.core.rag - WARNING - 知识片段清洗后为空，已跳过。来源: 天体物理学.docx
2026-05-05 14:47:17,470 - app.core.rag - WARNING - 知识片段清洗后为空，已跳过。来源: 天体物理学.docx
2026-05-05 14:47:17,470 - app.core.rag - WARNING - 知识片段清洗后为空，已跳过。来源: 天体物理学.docx
2026-05-05 14:47:17,470 - app.core.rag - WARNING - 知识片段清洗后为空，已跳过。来源: 天体物理学.docx
2026-05-05 14:47:17,470 - app.core.rag - WARNING - 知识片段清洗后为空，已跳过。来源: 天体物理学.docx
2026-05-05 14:47:17,470 - app.core.rag - WARNING - 知识片段清洗后为空，已跳过。来源: 天体物理学.docx
2026-05-05 14:47:17,470 - app.core.rag - WARNING - 知识片段清洗后为空，已跳过。来源: 天体物理学.docx
2026-05-05 14:47:17,470 - app.core.rag - WARNING - 知识片段清洗后为空，已跳过。来源: 天体物理学.docx
2026-05-05 14:47:17,470 - app.core.rag - WARNING - 知识片段清洗后为空，已跳过。来源: 天体物理学.docx
2026-05-05 14:47:17,471 - app.core.rag - WARNING - 知识片段清洗后为空，已跳过。来源: 天体物理学.docx
2026-05-05 14:47:17,471 - app.core.rag - WARNING - 知识片段清洗后为空，已跳过。来源: 天体物理学.docx
2026-05-05 14:47:17,471 - app.core.rag - WARNING - 知识片段清洗后为空，已跳过。来源: 天体物理学.docx
2026-05-05 14:47:17,471 - app.core.rag - WARNING - 知识片段清洗后为空，已跳过。来源: 天体物理学.docx
2026-05-05 14:47:17,471 - app.core.rag - WARNING - 知识片段清洗后为空，已跳过。来源: 天体物理学.docx
2026-05-05 14:47:17,471 - app.core.rag - WARNING - 知识片段清洗后为空，已跳过。来源: 天体物理学.docx
2026-05-05 14:47:17,471 - app.core.rag - WARNING - 知识片段清洗后为空，已跳过。来源: 天体物理学.docx
2026-05-05 14:47:17,471 - app.core.rag - WARNING - 知识片段清洗后为空，已跳过。来源: 天体物理学.docx
2026-05-05 14:47:17,471 - app.core.rag - WARNING - 知识片段清洗后为空，已跳过。来源: 天体物理学.docx
2026-05-05 14:47:17,472 - app.core.rag - WARNING - 知识片段清洗后为空，已跳过。来源: 天体物理学.docx
2026-05-05 14:47:17,472 - app.core.rag - WARNING - 知识片段清洗后为空，已跳过。来源: 天体物理学.docx
2026-05-05 14:47:17,472 - app.core.rag - WARNING - 知识片段清洗后为空，已跳过。来源: 天体物理学.docx
2026-05-05 14:47:17,472 - app.core.rag - WARNING - 知识片段清洗后为空，已跳过。来源: 天体物理学.docx
2026-05-05 14:47:17,472 - app.core.rag - WARNING - 知识片段清洗后为空，已跳过。来源: 天体物理学.docx
2026-05-05 14:47:17,472 - app.core.rag - WARNING - 知识片段清洗后为空，已跳过。来源: 天体物理学.docx
2026-05-05 14:47:17,472 - app.core.rag - WARNING - 知识片段清洗后为空，已跳过。来源: 天体物理学.docx
2026-05-05 14:47:17,472 - app.core.rag - WARNING - 知识片段清洗后为空，已跳过。来源: 天体物理学.docx
2026-05-05 14:47:17,472 - app.core.rag - WARNING - 知识片段清洗后为空，已跳过。来源: 天体物理学.docx
2026-05-05 14:47:17,472 - app.core.rag - WARNING - 知识片段清洗后为空，已跳过。来源: 天体物理学.docx
2026-05-05 14:47:17,473 - app.core.rag - WARNING - 知识片段清洗后为空，已跳过。来源: 天体物理学.docx
2026-05-05 14:47:17,473 - app.core.rag - WARNING - 知识片段清洗后为空，已跳过。来源: 天体物理学.docx
2026-05-05 14:47:17,473 - app.core.rag - WARNING - 知识片段清洗后为空，已跳过。来源: 天体物理学.docx
2026-05-05 14:47:17,473 - app.core.rag - WARNING - 知识片段清洗后为空，已跳过。来源: 天体物理学.docx
2026-05-05 14:47:17,473 - app.core.rag - WARNING - 知识片段清洗后为空，已跳过。来源: 天体物理学.docx
2026-05-05 14:47:17,473 - app.core.rag - WARNING - 知识片段清洗后为空，已跳过。来源: 天体物理学.docx
2026-05-05 14:47:17,473 - app.core.rag - WARNING - 知识片段清洗后为空，已跳过。来源: 天体物理学.docx
2026-05-05 14:47:17,474 - app.core.rag - WARNING - 知识片段清洗后为空，已跳过。来源: 天体物理学.docx
2026-05-05 14:47:17,474 - app.core.rag - WARNING - 知识片段清洗后为空，已跳过。来源: 天体物理学.docx
2026-05-05 14:47:17,474 - app.core.rag - WARNING - 知识片段清洗后为空，已跳过。来源: 天体物理学.docx
2026-05-05 14:47:17,474 - app.core.rag - WARNING - 知识片段清洗后为空，已跳过。来源: 天体物理学.docx
2026-05-05 14:47:17,474 - app.core.rag - WARNING - 知识片段清洗后为空，已跳过。来源: 天体物理学.docx
2026-05-05 14:47:17,474 - app.core.rag - WARNING - 知识片段清洗后为空，已跳过。来源: 天体物理学.docx
2026-05-05 14:47:17,474 - app.core.rag - WARNING - 知识片段清洗后为空，已跳过。来源: 天体物理学.docx
2026-05-05 14:47:17,474 - app.core.rag - WARNING - 知识片段清洗后为空，已跳过。来源: 天体物理学.docx
2026-05-05 14:47:17,474 - app.core.rag - WARNING - 知识片段清洗后为空，已跳过。来源: 天体物理学.docx
2026-05-05 14:47:17,474 - app.core.rag - WARNING - 知识片段清洗后为空，已跳过。来源: 天体物理学.docx
2026-05-05 14:47:17,474 - app.core.rag - WARNING - 知识片段清洗后为空，已跳过。来源: 天体物理学.docx
2026-05-05 14:47:17,474 - app.core.rag - WARNING - 知识片段清洗后为空，已跳过。来源: 天体物理学.docx
2026-05-05 14:47:17,474 - app.core.rag - WARNING - 知识片段清洗后为空，已跳过。来源: 天体物理学.docx
2026-05-05 14:47:17,476 - app.core.rag - WARNING - 知识片段清洗后为空，已跳过。来源: 天体物理学.docx
2026-05-05 14:47:17,476 - app.core.rag - WARNING - 知识片段清洗后为空，已跳过。来源: 失明与视力受损.docx
2026-05-05 14:47:17,476 - app.core.rag - WARNING - 知识片段清洗后为空，已跳过。来源: 失明与视力受损.docx
2026-05-05 14:47:17,476 - app.core.rag - WARNING - 知识片段清洗后为空，已跳过。来源: 失明与视力受损.docx
2026-05-05 14:47:17,476 - app.core.rag - WARNING - 知识片段清洗后为空，已跳过。来源: 心理健康.docx
2026-05-05 14:47:17,476 - app.core.rag - WARNING - 知识片段清洗后为空，已跳过。来源: 心理健康.docx
2026-05-05 14:47:17,476 - app.core.rag - WARNING - 知识片段清洗后为空，已跳过。来源: 心理健康.docx
2026-05-05 14:47:17,476 - app.core.rag - WARNING - 知识片段清洗后为空，已跳过。来源: 心理治疗规范 （2013年版）.pdf
2026-05-05 14:47:17,476 - app.core.rag - WARNING - 知识片段清洗后为空，已跳过。来源: 心理治疗规范 （2013年版）.pdf
2026-05-05 14:47:17,476 - app.core.rag - WARNING - 知识片段清洗后为空，已跳过。来源: 心理治疗规范 （2013年版）.pdf
2026-05-05 14:47:17,477 - app.core.rag - WARNING - 知识片段清洗后为空，已跳过。来源: 心理治疗规范 （2013年版）.pdf
2026-05-05 14:47:17,477 - app.core.rag - WARNING - 知识片段清洗后为空，已跳过。来源: 心理治疗规范 （2013年版）.pdf
2026-05-05 14:47:17,477 - app.core.rag - WARNING - 知识片段清洗后为空，已跳过。来源: 心理治疗规范 （2013年版）.pdf
2026-05-05 14:47:17,477 - app.core.rag - WARNING - 知识片段清洗后为空，已跳过。来源: 心理治疗规范 （2013年版）.pdf
2026-05-05 14:47:17,477 - app.core.rag - WARNING - 知识片段清洗后为空，已跳过。来源: 心理治疗规范 （2013年版）.pdf
2026-05-05 14:47:17,477 - app.core.rag - WARNING - 知识片段清洗后为空，已跳过。来源: 心理治疗规范 （2013年版）.pdf
2026-05-05 14:47:17,477 - app.core.rag - WARNING - 知识片段清洗后为空，已跳过。来源: 心理治疗规范 （2013年版）.pdf
2026-05-05 14:47:17,477 - app.core.rag - WARNING - 知识片段清洗后为空，已跳过。来源: 心理治疗规范 （2013年版）.pdf
2026-05-05 14:47:17,478 - app.core.rag - WARNING - 知识片段清洗后为空，已跳过。来源: 心理治疗规范 （2013年版）.pdf
2026-05-05 14:47:17,478 - app.core.rag - WARNING - 知识片段清洗后为空，已跳过。来源: 心理治疗规范 （2013年版）.pdf
2026-05-05 14:47:17,478 - app.core.rag - WARNING - 知识片段清洗后为空，已跳过。来源: 心理治疗规范 （2013年版）.pdf
2026-05-05 14:47:17,478 - app.core.rag - WARNING - 知识片段清洗后为空，已跳过。来源: 心理治疗规范 （2013年版）.pdf
2026-05-05 14:47:17,478 - app.core.rag - WARNING - 知识片段清洗后为空，已跳过。来源: 心理治疗规范 （2013年版）.pdf
2026-05-05 14:47:17,478 - app.core.rag - WARNING - 知识片段清洗后为空，已跳过。来源: 流感（季节性）.docx
2026-05-05 14:47:17,478 - app.core.rag - WARNING - 知识片段清洗后为空，已跳过。来源: 流感（季节性）.docx
2026-05-05 14:47:17,478 - app.core.rag - WARNING - 知识片段清洗后为空，已跳过。来源: 流感（季节性）.docx
2026-05-05 14:47:17,478 - app.core.rag - WARNING - 知识片段清洗后为空，已跳过。来源: 狂犬病.docx
2026-05-05 14:47:17,479 - app.core.rag - WARNING - 知识片段清洗后为空，已跳过。来源: 狂犬病.docx
2026-05-05 14:47:17,479 - app.core.rag - WARNING - 知识片段清洗后为空，已跳过。来源: 狂犬病.docx
2026-05-05 14:47:17,479 - app.core.rag - WARNING - 知识片段清洗后为空，已跳过。来源: 狂犬病.docx
2026-05-05 14:47:17,479 - app.core.rag - WARNING - 知识片段清洗后为空，已跳过。来源: 理财规划行业报告2024.docx
2026-05-05 14:47:17,479 - app.core.rag - WARNING - 知识片段清洗后为空，已跳过。来源: 理财规划行业报告2024.docx
2026-05-05 14:47:17,479 - app.core.rag - WARNING - 知识片段清洗后为空，已跳过。来源: 理财规划行业报告2024.docx
2026-05-05 14:47:17,479 - app.core.rag - WARNING - 知识片段清洗后为空，已跳过。来源: 理财规划行业报告2024.docx
2026-05-05 14:47:17,479 - app.core.rag - WARNING - 知识片段清洗后为空，已跳过。来源: 禁止童工的条款.docx
2026-05-05 14:47:17,479 - app.core.rag - WARNING - 知识片段清洗后为空，已跳过。来源: 禁止童工的条款.docx
2026-05-05 14:47:17,480 - app.core.rag - WARNING - 知识片段清洗后为空，已跳过。来源: 禁止童工的条款.docx
2026-05-05 14:47:17,480 - app.core.rag - WARNING - 知识片段清洗后为空，已跳过。来源: 科技人力资源报告2023..docx
2026-05-05 14:47:17,480 - app.core.rag - WARNING - 知识片段清洗后为空，已跳过。来源: 科技人力资源报告2023..docx
2026-05-05 14:47:17,480 - app.core.rag - WARNING - 知识片段清洗后为空，已跳过。来源: 科技咨询服务规范2023国标.docx
2026-05-05 14:47:17,480 - app.core.rag - WARNING - 知识片段清洗后为空，已跳过。来源: 科技咨询服务规范2023国标.docx
2026-05-05 14:47:17,480 - app.core.rag - WARNING - 知识片段清洗后为空，已跳过。来源: 科技咨询服务规范2023国标.docx
2026-05-05 14:47:17,481 - app.core.rag - WARNING - 知识片段清洗后为空，已跳过。来源: 科技服务业发展报告2024.docx
2026-05-05 14:47:17,481 - app.core.rag - WARNING - 知识片段清洗后为空，已跳过。来源: 糖尿病.docx
2026-05-05 14:47:17,481 - app.core.rag - WARNING - 知识片段清洗后为空，已跳过。来源: 糖尿病.docx
2026-05-05 14:47:17,481 - app.core.rag - WARNING - 知识片段清洗后为空，已跳过。来源: 糖尿病.docx
2026-05-05 14:47:17,481 - app.core.rag - WARNING - 知识片段清洗后为空，已跳过。来源: 职场心理健康.docx
2026-05-05 14:47:17,481 - app.core.rag - WARNING - 知识片段清洗后为空，已跳过。来源: 职场心理健康.docx
2026-05-05 14:47:17,481 - app.core.rag - WARNING - 知识片段清洗后为空，已跳过。来源: 职场心理健康.docx
2026-05-05 14:47:17,481 - app.core.rag - WARNING - 知识片段清洗后为空，已跳过。来源: 腰痛.docx
2026-05-05 14:47:17,482 - app.core.rag - WARNING - 知识片段清洗后为空，已跳过。来源: 腰痛.docx
2026-05-05 14:47:17,482 - app.core.rag - WARNING - 知识片段清洗后为空，已跳过。来源: 腰痛.docx
2026-05-05 14:47:17,482 - app.core.rag - WARNING - 知识片段清洗后为空，已跳过。来源: 自闭症.docx
2026-05-05 14:47:17,482 - app.core.rag - WARNING - 知识片段清洗后为空，已跳过。来源: 自闭症.docx
2026-05-05 14:47:17,482 - app.core.rag - WARNING - 知识片段清洗后为空，已跳过。来源: 自闭症.docx
2026-05-05 14:47:17,482 - app.core.rag - WARNING - 知识片段清洗后为空，已跳过。来源: 虚拟朋友.docx
2026-05-05 14:47:17,482 - app.core.rag - WARNING - 知识片段清洗后为空，已跳过。来源: 虚拟朋友.docx
2026-05-05 14:47:17,482 - app.core.rag - WARNING - 知识片段清洗后为空，已跳过。来源: 虚拟朋友.docx
2026-05-05 14:47:17,482 - app.core.rag - WARNING - 知识片段清洗后为空，已跳过。来源: 虚拟朋友.docx
2026-05-05 14:47:17,483 - app.core.rag - WARNING - 知识片段清洗后为空，已跳过。来源: 证券分析师执业行为规范.docx
2026-05-05 14:47:17,483 - app.core.rag - WARNING - 知识片段清洗后为空，已跳过。来源: 证券分析师执业行为规范.docx
2026-05-05 14:47:17,483 - app.core.rag - WARNING - 知识片段清洗后为空，已跳过。来源: 证券分析师执业行为规范.docx
2026-05-05 14:47:17,483 - app.core.rag - WARNING - 知识片段清洗后为空，已跳过。来源: 证券投资顾问业务暂行规定.docx
2026-05-05 14:47:17,483 - app.core.rag - WARNING - 知识片段清洗后为空，已跳过。来源: 证券投资顾问业务暂行规定.docx
2026-05-05 14:47:17,483 - app.core.rag - WARNING - 知识片段清洗后为空，已跳过。来源: 证券投资顾问业务暂行规定.docx
2026-05-05 14:47:17,483 - app.core.rag - WARNING - 知识片段清洗后为空，已跳过。来源: 证券行业发展报告2023.docx
2026-05-05 14:47:17,484 - app.core.rag - WARNING - 知识片段清洗后为空，已跳过。来源: 证券行业发展报告2023.docx
2026-05-05 14:47:17,484 - app.core.rag - WARNING - 知识片段清洗后为空，已跳过。来源: 财富管理白皮书2024.docx
2026-05-05 14:47:17,484 - app.core.rag - WARNING - 知识片段清洗后为空，已跳过。来源: 财富管理白皮书2024.docx
2026-05-05 14:47:17,484 - app.core.rag - WARNING - 知识片段清洗后为空，已跳过。来源: 财富管理白皮书2024.docx
2026-05-05 14:47:17,484 - app.core.rag - WARNING - 知识片段清洗后为空，已跳过。来源: 财富管理白皮书2024.docx
2026-05-05 14:47:17,484 - app.core.rag - WARNING - 知识片段清洗后为空，已跳过。来源: 贫血.docx
2026-05-05 14:47:17,484 - app.core.rag - WARNING - 知识片段清洗后为空，已跳过。来源: 贫血.docx
2026-05-05 14:47:17,484 - app.core.rag - WARNING - 知识片段清洗后为空，已跳过。来源: 贫血.docx
2026-05-05 14:47:17,486 - app.core.rag - WARNING - 知识片段清洗后为空，已跳过。来源: 内置兜底知识
2026-05-05 14:47:17,486 - app.core.rag - WARNING - 知识片段清洗后为空，已跳过。来源: 内置兜底知识
2026-05-05 14:47:17,486 - app.core.rag - WARNING - 知识片段清洗后为空，已跳过。来源: 内置兜底知识
2026-05-05 14:47:17,486 - app.core.rag - WARNING - 知识片段清洗后为空，已跳过。来源: 内置兜底知识
2026-05-05 14:47:17,486 - app.core.rag - WARNING - 知识片段清洗后为空，已跳过。来源: 内置兜底知识
2026-05-05 14:47:17,486 - app.core.rag - WARNING - 知识片段清洗后为空，已跳过。来源: 内置兜底知识
2026-05-05 14:47:17,486 - app.core.rag - WARNING - 知识片段清洗后为空，已跳过。来源: 内置兜底知识
2026-05-05 14:47:17,486 - app.core.rag - WARNING - 知识片段清洗后为空，已跳过。来源: 内置兜底知识
2026-05-05 14:47:17,486 - app.core.rag - WARNING - 知识片段清洗后为空，已跳过。来源: 内置兜底知识
2026-05-05 14:47:17,486 - app.core.rag - WARNING - 知识片段清洗后为空，已跳过。来源: 内置兜底知识
2026-05-05 14:47:17,486 - app.core.rag - WARNING - 知识片段清洗后为空，已跳过。来源: 内置兜底知识
2026-05-05 14:47:17,486 - app.core.rag - WARNING - 知识片段清洗后为空，已跳过。来源: 内置兜底知识
2026-05-05 14:47:17,486 - app.core.rag - WARNING - 知识片段清洗后为空，已跳过。来源: 内置兜底知识
2026-05-05 14:47:17,487 - app.core.rag - WARNING - 知识库缓存为空，无法初始化 BM25 索引
2026-05-05 14:47:17,487 - app.core.rag - INFO - 知识库初始化完成: {'total': 37, 'processed': 0, 'failed': 0, 'from_cache': True, 'role_counts': {'1': 0, '2': 0, '3': 0, '4': 0, '5': 0, '6': 0, '7': 0, '8': 0, '9': 0}, 'processed_files': [], 'failed_files': []}
2026-05-05 14:47:17,642 - sentence_transformers.SentenceTransformer - INFO - Load pretrained SentenceTransformer: C:\Users\freedom\Desktop\专业\模型\bge-base-zh-v1.5
2026-05-05 14:47:17,947 - sentence_transformers.SentenceTransformer - INFO - Use pytorch device_name: cpu
2026-05-05 14:47:17,984 - app.core.rag - INFO - 成功初始化向量化模型
2026-05-05 14:47:17,986 - app.core.rag - INFO - 成功初始化在线大模型
2026-05-05 14:47:17,986 - app.core.rag - INFO - 成功初始化大模型
2026-05-05 14:47:17,987 - app.core.rag - INFO - 知识库目录: C:\Users\freedom\Desktop\多角色聊天机器人\app\knowledge\data
2026-05-05 14:47:18,302 - app.core.rag - WARNING - 知识片段清洗后为空，已跳过。来源: 中华人民共和国国务院组织法.docx
2026-05-05 14:47:18,302 - app.core.rag - WARNING - 知识片段清洗后为空，已跳过。来源: 中华人民共和国妇女权益保护法.docx
2026-05-05 14:47:18,303 - app.core.rag - WARNING - 知识片段清洗后为空，已跳过。来源: 中华人民共和国妇女权益保护法.docx
2026-05-05 14:47:18,303 - app.core.rag - WARNING - 知识片段清洗后为空，已跳过。来源: 中华人民共和国妇女权益保护法.docx
2026-05-05 14:47:18,303 - app.core.rag - WARNING - 知识片段清洗后为空，已跳过。来源: 中华人民共和国妇女权益保护法.docx
2026-05-05 14:47:18,303 - app.core.rag - WARNING - 知识片段清洗后为空，已跳过。来源: 中华人民共和国妇女权益保护法.docx
2026-05-05 14:47:18,304 - app.core.rag - WARNING - 知识片段清洗后为空，已跳过。来源: 中华人民共和国宪法.docx
2026-05-05 14:47:18,304 - app.core.rag - WARNING - 知识片段清洗后为空，已跳过。来源: 中华人民共和国宪法.docx
2026-05-05 14:47:18,304 - app.core.rag - WARNING - 知识片段清洗后为空，已跳过。来源: 中华人民共和国宪法.docx
2026-05-05 14:47:18,305 - app.core.rag - WARNING - 知识片段清洗后为空，已跳过。来源: 中华人民共和国宪法.docx
2026-05-05 14:47:18,305 - app.core.rag - WARNING - 知识片段清洗后为空，已跳过。来源: 中华人民共和国宪法.docx
2026-05-05 14:47:18,305 - app.core.rag - WARNING - 知识片段清洗后为空，已跳过。来源: 中华人民共和国宪法.docx
2026-05-05 14:47:18,305 - app.core.rag - WARNING - 知识片段清洗后为空，已跳过。来源: 中华人民共和国宪法.docx
2026-05-05 14:47:18,306 - app.core.rag - WARNING - 知识片段清洗后为空，已跳过。来源: 中华人民共和国宪法.docx
2026-05-05 14:47:18,306 - app.core.rag - WARNING - 知识片段清洗后为空，已跳过。来源: 中华人民共和国宪法.docx
2026-05-05 14:47:18,306 - app.core.rag - WARNING - 知识片段清洗后为空，已跳过。来源: 中华人民共和国宪法.docx
2026-05-05 14:47:18,306 - app.core.rag - WARNING - 知识片段清洗后为空，已跳过。来源: 中华人民共和国宪法.docx
2026-05-05 14:47:18,307 - app.core.rag - WARNING - 知识片段清洗后为空，已跳过。来源: 中华人民共和国宪法.docx
2026-05-05 14:47:18,307 - app.core.rag - WARNING - 知识片段清洗后为空，已跳过。来源: 中华人民共和国宪法.docx
2026-05-05 14:47:18,307 - app.core.rag - WARNING - 知识片段清洗后为空，已跳过。来源: 中华人民共和国宪法.docx
2026-05-05 14:47:18,307 - app.core.rag - WARNING - 知识片段清洗后为空，已跳过。来源: 中华人民共和国宪法.docx
2026-05-05 14:47:18,307 - app.core.rag - WARNING - 知识片段清洗后为空，已跳过。来源: 中华人民共和国宪法.docx
2026-05-05 14:47:18,307 - app.core.rag - WARNING - 知识片段清洗后为空，已跳过。来源: 中华人民共和国宪法.docx
2026-05-05 14:47:18,307 - app.core.rag - WARNING - 知识片段清洗后为空，已跳过。来源: 中华人民共和国宪法.docx
2026-05-05 14:47:18,308 - app.core.rag - WARNING - 知识片段清洗后为空，已跳过。来源: 中华人民共和国宪法.docx
2026-05-05 14:47:18,308 - app.core.rag - WARNING - 知识片段清洗后为空，已跳过。来源: 中华人民共和国宪法.docx
2026-05-05 14:47:18,308 - app.core.rag - WARNING - 知识片段清洗后为空，已跳过。来源: 中华人民共和国宪法.docx
2026-05-05 14:47:18,308 - app.core.rag - WARNING - 知识片段清洗后为空，已跳过。来源: 中华人民共和国宪法.docx
2026-05-05 14:47:18,308 - app.core.rag - WARNING - 知识片段清洗后为空，已跳过。来源: 中华人民共和国宪法.docx
2026-05-05 14:47:18,308 - app.core.rag - WARNING - 知识片段清洗后为空，已跳过。来源: 中华人民共和国工会法.docx
2026-05-05 14:47:18,308 - app.core.rag - WARNING - 知识片段清洗后为空，已跳过。来源: 中华人民共和国工会法.docx
2026-05-05 14:47:18,309 - app.core.rag - WARNING - 知识片段清洗后为空，已跳过。来源: 中华人民共和国工会法.docx
2026-05-05 14:47:18,309 - app.core.rag - WARNING - 知识片段清洗后为空，已跳过。来源: 中华人民共和国工会法.docx
2026-05-05 14:47:18,309 - app.core.rag - WARNING - 知识片段清洗后为空，已跳过。来源: 中华人民共和国工会法.docx
2026-05-05 14:47:18,309 - app.core.rag - WARNING - 知识片段清洗后为空，已跳过。来源: 中华人民共和国工会法.docx
2026-05-05 14:47:18,309 - app.core.rag - WARNING - 知识片段清洗后为空，已跳过。来源: 中华人民共和国工会法.docx
2026-05-05 14:47:18,309 - app.core.rag - WARNING - 知识片段清洗后为空，已跳过。来源: 中华人民共和国未成年人保护法.docx
2026-05-05 14:47:18,309 - app.core.rag - WARNING - 知识片段清洗后为空，已跳过。来源: 中华人民共和国未成年人保护法.docx
2026-05-05 14:47:18,310 - app.core.rag - WARNING - 知识片段清洗后为空，已跳过。来源: 中华人民共和国未成年人保护法.docx
2026-05-05 14:47:18,310 - app.core.rag - WARNING - 知识片段清洗后为空，已跳过。来源: 中华人民共和国未成年人保护法.docx
2026-05-05 14:47:18,310 - app.core.rag - WARNING - 知识片段清洗后为空，已跳过。来源: 中华人民共和国未成年人保护法.docx
2026-05-05 14:47:18,310 - app.core.rag - WARNING - 知识片段清洗后为空，已跳过。来源: 中华人民共和国未成年人保护法.docx
2026-05-05 14:47:18,310 - app.core.rag - WARNING - 知识片段清洗后为空，已跳过。来源: 中华人民共和国未成年人保护法.docx
2026-05-05 14:47:18,310 - app.core.rag - WARNING - 知识片段清洗后为空，已跳过。来源: 中华人民共和国未成年人保护法.docx
2026-05-05 14:47:18,310 - app.core.rag - WARNING - 知识片段清洗后为空，已跳过。来源: 中华人民共和国民法典_20200528.docx
2026-05-05 14:47:18,312 - app.core.rag - WARNING - 知识片段清洗后为空，已跳过。来源: 中华人民共和国民法典_20200528.docx
2026-05-05 14:47:18,314 - app.core.rag - WARNING - 知识片段清洗后为空，已跳过。来源: 中华人民共和国民法典_20200528.docx
2026-05-05 14:47:18,314 - app.core.rag - WARNING - 知识片段清洗后为空，已跳过。来源: 中华人民共和国民法典_20200528.docx
2026-05-05 14:47:18,314 - app.core.rag - WARNING - 知识片段清洗后为空，已跳过。来源: 中华人民共和国民法典_20200528.docx
2026-05-05 14:47:18,314 - app.core.rag - WARNING - 知识片段清洗后为空，已跳过。来源: 中华人民共和国民法典_20200528.docx
2026-05-05 14:47:18,314 - app.core.rag - WARNING - 知识片段清洗后为空，已跳过。来源: 中华人民共和国民法典_20200528.docx
2026-05-05 14:47:18,314 - app.core.rag - WARNING - 知识片段清洗后为空，已跳过。来源: 中华人民共和国民法典_20200528.docx
2026-05-05 14:47:18,314 - app.core.rag - WARNING - 知识片段清洗后为空，已跳过。来源: 中华人民共和国民法典_20200528.docx
2026-05-05 14:47:18,314 - app.core.rag - WARNING - 知识片段清洗后为空，已跳过。来源: 中华人民共和国民法典_20200528.docx
2026-05-05 14:47:18,314 - app.core.rag - WARNING - 知识片段清洗后为空，已跳过。来源: 中华人民共和国民法典_20200528.docx
2026-05-05 14:47:18,314 - app.core.rag - WARNING - 知识片段清洗后为空，已跳过。来源: 中华人民共和国民法典_20200528.docx
2026-05-05 14:47:18,314 - app.core.rag - WARNING - 知识片段清洗后为空，已跳过。来源: 中华人民共和国民法典_20200528.docx
2026-05-05 14:47:18,314 - app.core.rag - WARNING - 知识片段清洗后为空，已跳过。来源: 中华人民共和国民法典_20200528.docx
2026-05-05 14:47:18,314 - app.core.rag - WARNING - 知识片段清洗后为空，已跳过。来源: 中华人民共和国民法典_20200528.docx
2026-05-05 14:47:18,314 - app.core.rag - WARNING - 知识片段清洗后为空，已跳过。来源: 中华人民共和国民法典_20200528.docx
2026-05-05 14:47:18,316 - app.core.rag - WARNING - 知识片段清洗后为空，已跳过。来源: 中华人民共和国民法典_20200528.docx
2026-05-05 14:47:18,316 - app.core.rag - WARNING - 知识片段清洗后为空，已跳过。来源: 中华人民共和国民法典_20200528.docx
2026-05-05 14:47:18,316 - app.core.rag - WARNING - 知识片段清洗后为空，已跳过。来源: 中华人民共和国民法典_20200528.docx
2026-05-05 14:47:18,316 - app.core.rag - WARNING - 知识片段清洗后为空，已跳过。来源: 中华人民共和国民法典_20200528.docx
2026-05-05 14:47:18,317 - app.core.rag - WARNING - 知识片段清洗后为空，已跳过。来源: 中华人民共和国民法典_20200528.docx
2026-05-05 14:47:18,317 - app.core.rag - WARNING - 知识片段清洗后为空，已跳过。来源: 中华人民共和国民法典_20200528.docx
2026-05-05 14:47:18,317 - app.core.rag - WARNING - 知识片段清洗后为空，已跳过。来源: 中华人民共和国民法典_20200528.docx
2026-05-05 14:47:18,317 - app.core.rag - WARNING - 知识片段清洗后为空，已跳过。来源: 中华人民共和国民法典_20200528.docx
2026-05-05 14:47:18,317 - app.core.rag - WARNING - 知识片段清洗后为空，已跳过。来源: 中华人民共和国民法典_20200528.docx
2026-05-05 14:47:18,317 - app.core.rag - WARNING - 知识片段清洗后为空，已跳过。来源: 中华人民共和国民法典_20200528.docx
2026-05-05 14:47:18,318 - app.core.rag - WARNING - 知识片段清洗后为空，已跳过。来源: 中华人民共和国民法典_20200528.docx
2026-05-05 14:47:18,318 - app.core.rag - WARNING - 知识片段清洗后为空，已跳过。来源: 中华人民共和国民法典_20200528.docx
2026-05-05 14:47:18,318 - app.core.rag - WARNING - 知识片段清洗后为空，已跳过。来源: 中华人民共和国民法典_20200528.docx
2026-05-05 14:47:18,318 - app.core.rag - WARNING - 知识片段清洗后为空，已跳过。来源: 中华人民共和国民法典_20200528.docx
2026-05-05 14:47:18,318 - app.core.rag - WARNING - 知识片段清洗后为空，已跳过。来源: 中华人民共和国民法典_20200528.docx
2026-05-05 14:47:18,318 - app.core.rag - WARNING - 知识片段清洗后为空，已跳过。来源: 中华人民共和国民法典_20200528.docx
2026-05-05 14:47:18,318 - app.core.rag - WARNING - 知识片段清洗后为空，已跳过。来源: 中华人民共和国民法典_20200528.docx
2026-05-05 14:47:18,318 - app.core.rag - WARNING - 知识片段清洗后为空，已跳过。来源: 中华人民共和国民法典_20200528.docx
2026-05-05 14:47:18,319 - app.core.rag - WARNING - 知识片段清洗后为空，已跳过。来源: 中华人民共和国民法典_20200528.docx
2026-05-05 14:47:18,319 - app.core.rag - WARNING - 知识片段清洗后为空，已跳过。来源: 中华人民共和国民法典_20200528.docx
2026-05-05 14:47:18,319 - app.core.rag - WARNING - 知识片段清洗后为空，已跳过。来源: 中华人民共和国民法典_20200528.docx
2026-05-05 14:47:18,319 - app.core.rag - WARNING - 知识片段清洗后为空，已跳过。来源: 中华人民共和国民法典_20200528.docx
2026-05-05 14:47:18,320 - app.core.rag - WARNING - 知识片段清洗后为空，已跳过。来源: 中华人民共和国民法典_20200528.docx
2026-05-05 14:47:18,320 - app.core.rag - WARNING - 知识片段清洗后为空，已跳过。来源: 中华人民共和国民法典_20200528.docx
2026-05-05 14:47:18,320 - app.core.rag - WARNING - 知识片段清洗后为空，已跳过。来源: 中华人民共和国民法典_20200528.docx
2026-05-05 14:47:18,320 - app.core.rag - WARNING - 知识片段清洗后为空，已跳过。来源: 中华人民共和国民法典_20200528.docx
2026-05-05 14:47:18,320 - app.core.rag - WARNING - 知识片段清洗后为空，已跳过。来源: 中华人民共和国民法典_20200528.docx
2026-05-05 14:47:18,320 - app.core.rag - WARNING - 知识片段清洗后为空，已跳过。来源: 中华人民共和国民法典_20200528.docx
2026-05-05 14:47:18,322 - app.core.rag - WARNING - 知识片段清洗后为空，已跳过。来源: 中华人民共和国民法典_20200528.docx
2026-05-05 14:47:18,322 - app.core.rag - WARNING - 知识片段清洗后为空，已跳过。来源: 中华人民共和国民法典_20200528.docx
2026-05-05 14:47:18,322 - app.core.rag - WARNING - 知识片段清洗后为空，已跳过。来源: 中华人民共和国民法典_20200528.docx
2026-05-05 14:47:18,322 - app.core.rag - WARNING - 知识片段清洗后为空，已跳过。来源: 中华人民共和国民法典_20200528.docx
2026-05-05 14:47:18,322 - app.core.rag - WARNING - 知识片段清洗后为空，已跳过。来源: 中华人民共和国民法典_20200528.docx
2026-05-05 14:47:18,322 - app.core.rag - WARNING - 知识片段清洗后为空，已跳过。来源: 中华人民共和国民法典_20200528.docx
2026-05-05 14:47:18,322 - app.core.rag - WARNING - 知识片段清洗后为空，已跳过。来源: 中华人民共和国民法典_20200528.docx
2026-05-05 14:47:18,323 - app.core.rag - WARNING - 知识片段清洗后为空，已跳过。来源: 中华人民共和国民法典_20200528.docx
2026-05-05 14:47:18,323 - app.core.rag - WARNING - 知识片段清洗后为空，已跳过。来源: 中华人民共和国民法典_20200528.docx
2026-05-05 14:47:18,323 - app.core.rag - WARNING - 知识片段清洗后为空，已跳过。来源: 中华人民共和国民法典_20200528.docx
2026-05-05 14:47:18,323 - app.core.rag - WARNING - 知识片段清洗后为空，已跳过。来源: 中华人民共和国民法典_20200528.docx
2026-05-05 14:47:18,323 - app.core.rag - WARNING - 知识片段清洗后为空，已跳过。来源: 中华人民共和国民法典_20200528.docx
2026-05-05 14:47:18,323 - app.core.rag - WARNING - 知识片段清洗后为空，已跳过。来源: 中华人民共和国民法典_20200528.docx
2026-05-05 14:47:18,324 - app.core.rag - WARNING - 知识片段清洗后为空，已跳过。来源: 中华人民共和国民法典_20200528.docx
2026-05-05 14:47:18,324 - app.core.rag - WARNING - 知识片段清洗后为空，已跳过。来源: 中华人民共和国民法典_20200528.docx
2026-05-05 14:47:18,324 - app.core.rag - WARNING - 知识片段清洗后为空，已跳过。来源: 中华人民共和国民法典_20200528.docx
2026-05-05 14:47:18,324 - app.core.rag - WARNING - 知识片段清洗后为空，已跳过。来源: 中华人民共和国民法典_20200528.docx
2026-05-05 14:47:18,324 - app.core.rag - WARNING - 知识片段清洗后为空，已跳过。来源: 中华人民共和国民法典_20200528.docx
2026-05-05 14:47:18,324 - app.core.rag - WARNING - 知识片段清洗后为空，已跳过。来源: 中华人民共和国民法典_20200528.docx
2026-05-05 14:47:18,325 - app.core.rag - WARNING - 知识片段清洗后为空，已跳过。来源: 中华人民共和国民法典_20200528.docx
2026-05-05 14:47:18,325 - app.core.rag - WARNING - 知识片段清洗后为空，已跳过。来源: 中华人民共和国民法典_20200528.docx
2026-05-05 14:47:18,325 - app.core.rag - WARNING - 知识片段清洗后为空，已跳过。来源: 中华人民共和国民法典_20200528.docx
2026-05-05 14:47:18,325 - app.core.rag - WARNING - 知识片段清洗后为空，已跳过。来源: 中华人民共和国民法典_20200528.docx
2026-05-05 14:47:18,325 - app.core.rag - WARNING - 知识片段清洗后为空，已跳过。来源: 中华人民共和国民法典_20200528.docx
2026-05-05 14:47:18,326 - app.core.rag - WARNING - 知识片段清洗后为空，已跳过。来源: 中华人民共和国民法典_20200528.docx
2026-05-05 14:47:18,326 - app.core.rag - WARNING - 知识片段清洗后为空，已跳过。来源: 中华人民共和国民法典_20200528.docx
2026-05-05 14:47:18,326 - app.core.rag - WARNING - 知识片段清洗后为空，已跳过。来源: 中华人民共和国民法典_20200528.docx
2026-05-05 14:47:18,326 - app.core.rag - WARNING - 知识片段清洗后为空，已跳过。来源: 中华人民共和国民法典_20200528.docx
2026-05-05 14:47:18,326 - app.core.rag - WARNING - 知识片段清洗后为空，已跳过。来源: 中华人民共和国民法典_20200528.docx
2026-05-05 14:47:18,326 - app.core.rag - WARNING - 知识片段清洗后为空，已跳过。来源: 中华人民共和国民法典_20200528.docx
2026-05-05 14:47:18,326 - app.core.rag - WARNING - 知识片段清洗后为空，已跳过。来源: 中华人民共和国民法典_20200528.docx
2026-05-05 14:47:18,327 - app.core.rag - WARNING - 知识片段清洗后为空，已跳过。来源: 中华人民共和国民法典_20200528.docx
2026-05-05 14:47:18,327 - app.core.rag - WARNING - 知识片段清洗后为空，已跳过。来源: 中华人民共和国民法典_20200528.docx
2026-05-05 14:47:18,327 - app.core.rag - WARNING - 知识片段清洗后为空，已跳过。来源: 中华人民共和国民法典_20200528.docx
2026-05-05 14:47:18,327 - app.core.rag - WARNING - 知识片段清洗后为空，已跳过。来源: 中华人民共和国民法典_20200528.docx
2026-05-05 14:47:18,328 - app.core.rag - WARNING - 知识片段清洗后为空，已跳过。来源: 中华人民共和国民法典_20200528.docx
2026-05-05 14:47:18,328 - app.core.rag - WARNING - 知识片段清洗后为空，已跳过。来源: 中华人民共和国民法典_20200528.docx
2026-05-05 14:47:18,328 - app.core.rag - WARNING - 知识片段清洗后为空，已跳过。来源: 中华人民共和国民法典_20200528.docx
2026-05-05 14:47:18,328 - app.core.rag - WARNING - 知识片段清洗后为空，已跳过。来源: 中华人民共和国民法典_20200528.docx
2026-05-05 14:47:18,328 - app.core.rag - WARNING - 知识片段清洗后为空，已跳过。来源: 中华人民共和国民法典_20200528.docx
2026-05-05 14:47:18,328 - app.core.rag - WARNING - 知识片段清洗后为空，已跳过。来源: 中华人民共和国民法典_20200528.docx
2026-05-05 14:47:18,328 - app.core.rag - WARNING - 知识片段清洗后为空，已跳过。来源: 中华人民共和国民法典_20200528.docx
2026-05-05 14:47:18,329 - app.core.rag - WARNING - 知识片段清洗后为空，已跳过。来源: 中华人民共和国民法典_20200528.docx
2026-05-05 14:47:18,329 - app.core.rag - WARNING - 知识片段清洗后为空，已跳过。来源: 中华人民共和国民法典_20200528.docx
2026-05-05 14:47:18,329 - app.core.rag - WARNING - 知识片段清洗后为空，已跳过。来源: 中华人民共和国民法典_20200528.docx
2026-05-05 14:47:18,329 - app.core.rag - WARNING - 知识片段清洗后为空，已跳过。来源: 中华人民共和国民法典_20200528.docx
2026-05-05 14:47:18,329 - app.core.rag - WARNING - 知识片段清洗后为空，已跳过。来源: 中华人民共和国民法典_20200528.docx
2026-05-05 14:47:18,329 - app.core.rag - WARNING - 知识片段清洗后为空，已跳过。来源: 中华人民共和国民法典_20200528.docx
2026-05-05 14:47:18,330 - app.core.rag - WARNING - 知识片段清洗后为空，已跳过。来源: 中华人民共和国民法典_20200528.docx
2026-05-05 14:47:18,330 - app.core.rag - WARNING - 知识片段清洗后为空，已跳过。来源: 中华人民共和国民法典_20200528.docx
2026-05-05 14:47:18,330 - app.core.rag - WARNING - 知识片段清洗后为空，已跳过。来源: 中华人民共和国民法典_20200528.docx
2026-05-05 14:47:18,330 - app.core.rag - WARNING - 知识片段清洗后为空，已跳过。来源: 中华人民共和国民法典_20200528.docx
2026-05-05 14:47:18,330 - app.core.rag - WARNING - 知识片段清洗后为空，已跳过。来源: 中华人民共和国民法典_20200528.docx
2026-05-05 14:47:18,330 - app.core.rag - WARNING - 知识片段清洗后为空，已跳过。来源: 中华人民共和国民法典_20200528.docx
2026-05-05 14:47:18,331 - app.core.rag - WARNING - 知识片段清洗后为空，已跳过。来源: 中华人民共和国民法典_20200528.docx
2026-05-05 14:47:18,331 - app.core.rag - WARNING - 知识片段清洗后为空，已跳过。来源: 中华人民共和国民法典_20200528.docx
2026-05-05 14:47:18,331 - app.core.rag - WARNING - 知识片段清洗后为空，已跳过。来源: 中华人民共和国民法典_20200528.docx
2026-05-05 14:47:18,331 - app.core.rag - WARNING - 知识片段清洗后为空，已跳过。来源: 中华人民共和国民法典_20200528.docx
2026-05-05 14:47:18,331 - app.core.rag - WARNING - 知识片段清洗后为空，已跳过。来源: 中华人民共和国民法典_20200528.docx
2026-05-05 14:47:18,331 - app.core.rag - WARNING - 知识片段清洗后为空，已跳过。来源: 中华人民共和国民法典_20200528.docx
2026-05-05 14:47:18,332 - app.core.rag - WARNING - 知识片段清洗后为空，已跳过。来源: 中华人民共和国民法典_20200528.docx
2026-05-05 14:47:18,332 - app.core.rag - WARNING - 知识片段清洗后为空，已跳过。来源: 中华人民共和国民法典_20200528.docx
2026-05-05 14:47:18,332 - app.core.rag - WARNING - 知识片段清洗后为空，已跳过。来源: 中华人民共和国民法典_20200528.docx
2026-05-05 14:47:18,332 - app.core.rag - WARNING - 知识片段清洗后为空，已跳过。来源: 中华人民共和国民法典_20200528.docx
2026-05-05 14:47:18,332 - app.core.rag - WARNING - 知识片段清洗后为空，已跳过。来源: 中华人民共和国民法典_20200528.docx
2026-05-05 14:47:18,333 - app.core.rag - WARNING - 知识片段清洗后为空，已跳过。来源: 中华人民共和国民法典_20200528.docx
2026-05-05 14:47:18,333 - app.core.rag - WARNING - 知识片段清洗后为空，已跳过。来源: 中华人民共和国民法典_20200528.docx
2026-05-05 14:47:18,333 - app.core.rag - WARNING - 知识片段清洗后为空，已跳过。来源: 中华人民共和国民法典_20200528.docx
2026-05-05 14:47:18,333 - app.core.rag - WARNING - 知识片段清洗后为空，已跳过。来源: 中华人民共和国民法典_20200528.docx
2026-05-05 14:47:18,333 - app.core.rag - WARNING - 知识片段清洗后为空，已跳过。来源: 中华人民共和国民法典_20200528.docx
2026-05-05 14:47:18,333 - app.core.rag - WARNING - 知识片段清洗后为空，已跳过。来源: 中华人民共和国民法典_20200528.docx
2026-05-05 14:47:18,333 - app.core.rag - WARNING - 知识片段清洗后为空，已跳过。来源: 中华全国律师协会律师执业行为规范（2024 修订）.docx
2026-05-05 14:47:18,334 - app.core.rag - WARNING - 知识片段清洗后为空，已跳过。来源: 中华全国律师协会律师执业行为规范（2024 修订）.docx
2026-05-05 14:47:18,334 - app.core.rag - WARNING - 知识片段清洗后为空，已跳过。来源: 中华全国律师协会律师执业行为规范（2024 修订）.docx
2026-05-05 14:47:18,334 - app.core.rag - WARNING - 知识片段清洗后为空，已跳过。来源: 中华全国律师协会律师执业行为规范（2024 修订）.docx
2026-05-05 14:47:18,334 - app.core.rag - WARNING - 知识片段清洗后为空，已跳过。来源: 中华全国律师协会律师执业行为规范（2024 修订）.docx
2026-05-05 14:47:18,334 - app.core.rag - WARNING - 知识片段清洗后为空，已跳过。来源: 中华全国律师协会律师执业行为规范（2024 修订）.docx
2026-05-05 14:47:18,334 - app.core.rag - WARNING - 知识片段清洗后为空，已跳过。来源: 中华全国律师协会律师执业行为规范（2024 修订）.docx
2026-05-05 14:47:18,334 - app.core.rag - WARNING - 知识片段清洗后为空，已跳过。来源: 中华全国律师协会律师执业行为规范（2024 修订）.docx
2026-05-05 14:47:18,336 - app.core.rag - WARNING - 知识片段清洗后为空，已跳过。来源: 乳腺癌.docx
2026-05-05 14:47:18,336 - app.core.rag - WARNING - 知识片段清洗后为空，已跳过。来源: 乳腺癌.docx
2026-05-05 14:47:18,336 - app.core.rag - WARNING - 知识片段清洗后为空，已跳过。来源: 乳腺癌.docx
2026-05-05 14:47:18,336 - app.core.rag - WARNING - 知识片段清洗后为空，已跳过。来源: 乳腺癌.docx
2026-05-05 14:47:18,337 - app.core.rag - WARNING - 知识片段清洗后为空，已跳过。来源: 哮喘.docx
2026-05-05 14:47:18,337 - app.core.rag - WARNING - 知识片段清洗后为空，已跳过。来源: 哮喘.docx
2026-05-05 14:47:18,337 - app.core.rag - WARNING - 知识片段清洗后为空，已跳过。来源: 哮喘.docx
2026-05-05 14:47:18,337 - app.core.rag - WARNING - 知识片段清洗后为空，已跳过。来源: 商业银行理财管理办法2024.docx
2026-05-05 14:47:18,338 - app.core.rag - WARNING - 知识片段清洗后为空，已跳过。来源: 商业银行理财管理办法2024.docx
2026-05-05 14:47:18,338 - app.core.rag - WARNING - 知识片段清洗后为空，已跳过。来源: 国家基层高血压防治管理手册2025版.pdf
2026-05-05 14:47:18,338 - app.core.rag - WARNING - 知识片段清洗后为空，已跳过。来源: 国家基层高血压防治管理手册2025版.pdf
2026-05-05 14:47:18,338 - app.core.rag - WARNING - 知识片段清洗后为空，已跳过。来源: 国家基层高血压防治管理手册2025版.pdf
2026-05-05 14:47:18,338 - app.core.rag - WARNING - 知识片段清洗后为空，已跳过。来源: 国家基层高血压防治管理手册2025版.pdf
2026-05-05 14:47:18,339 - app.core.rag - WARNING - 知识片段清洗后为空，已跳过。来源: 国家基层高血压防治管理手册2025版.pdf
2026-05-05 14:47:18,339 - app.core.rag - WARNING - 知识片段清洗后为空，已跳过。来源: 国家基层高血压防治管理手册2025版.pdf
2026-05-05 14:47:18,339 - app.core.rag - WARNING - 知识片段清洗后为空，已跳过。来源: 国家基层高血压防治管理手册2025版.pdf
2026-05-05 14:47:18,339 - app.core.rag - WARNING - 知识片段清洗后为空，已跳过。来源: 国家基层高血压防治管理手册2025版.pdf
2026-05-05 14:47:18,340 - app.core.rag - WARNING - 知识片段清洗后为空，已跳过。来源: 国家基层高血压防治管理手册2025版.pdf
2026-05-05 14:47:18,340 - app.core.rag - WARNING - 知识片段清洗后为空，已跳过。来源: 国家基层高血压防治管理手册2025版.pdf
2026-05-05 14:47:18,340 - app.core.rag - WARNING - 知识片段清洗后为空，已跳过。来源: 国家基层高血压防治管理手册2025版.pdf
2026-05-05 14:47:18,340 - app.core.rag - WARNING - 知识片段清洗后为空，已跳过。来源: 国家基层高血压防治管理手册2025版.pdf
2026-05-05 14:47:18,340 - app.core.rag - WARNING - 知识片段清洗后为空，已跳过。来源: 国家基层高血压防治管理手册2025版.pdf
2026-05-05 14:47:18,340 - app.core.rag - WARNING - 知识片段清洗后为空，已跳过。来源: 国家基层高血压防治管理手册2025版.pdf
2026-05-05 14:47:18,341 - app.core.rag - WARNING - 知识片段清洗后为空，已跳过。来源: 国家基层高血压防治管理手册2025版.pdf
2026-05-05 14:47:18,341 - app.core.rag - WARNING - 知识片段清洗后为空，已跳过。来源: 国家基层高血压防治管理手册2025版.pdf
2026-05-05 14:47:18,341 - app.core.rag - WARNING - 知识片段清洗后为空，已跳过。来源: 国家基层高血压防治管理手册2025版.pdf
2026-05-05 14:47:18,341 - app.core.rag - WARNING - 知识片段清洗后为空，已跳过。来源: 国家基层高血压防治管理手册2025版.pdf
2026-05-05 14:47:18,341 - app.core.rag - WARNING - 知识片段清洗后为空，已跳过。来源: 国家基层高血压防治管理手册2025版.pdf
2026-05-05 14:47:18,341 - app.core.rag - WARNING - 知识片段清洗后为空，已跳过。来源: 国家基层高血压防治管理手册2025版.pdf
2026-05-05 14:47:18,341 - app.core.rag - WARNING - 知识片段清洗后为空，已跳过。来源: 国家基层高血压防治管理手册2025版.pdf
2026-05-05 14:47:18,341 - app.core.rag - WARNING - 知识片段清洗后为空，已跳过。来源: 国家基层高血压防治管理手册2025版.pdf
2026-05-05 14:47:18,342 - app.core.rag - WARNING - 知识片段清洗后为空，已跳过。来源: 国家基层高血压防治管理手册2025版.pdf
2026-05-05 14:47:18,342 - app.core.rag - WARNING - 知识片段清洗后为空，已跳过。来源: 国家基层高血压防治管理手册2025版.pdf
2026-05-05 14:47:18,342 - app.core.rag - WARNING - 知识片段清洗后为空，已跳过。来源: 国家基层高血压防治管理手册2025版.pdf
2026-05-05 14:47:18,342 - app.core.rag - WARNING - 知识片段清洗后为空，已跳过。来源: 国家基层高血压防治管理手册2025版.pdf
2026-05-05 14:47:18,342 - app.core.rag - WARNING - 知识片段清洗后为空，已跳过。来源: 国家基层高血压防治管理手册2025版.pdf
2026-05-05 14:47:18,342 - app.core.rag - WARNING - 知识片段清洗后为空，已跳过。来源: 国家基层高血压防治管理手册2025版.pdf
2026-05-05 14:47:18,342 - app.core.rag - WARNING - 知识片段清洗后为空，已跳过。来源: 国家基层高血压防治管理手册2025版.pdf
2026-05-05 14:47:18,343 - app.core.rag - WARNING - 知识片段清洗后为空，已跳过。来源: 国家基层高血压防治管理手册2025版.pdf
2026-05-05 14:47:18,343 - app.core.rag - WARNING - 知识片段清洗后为空，已跳过。来源: 国家基层高血压防治管理手册2025版.pdf
2026-05-05 14:47:18,343 - app.core.rag - WARNING - 知识片段清洗后为空，已跳过。来源: 国家基层高血压防治管理手册2025版.pdf
2026-05-05 14:47:18,343 - app.core.rag - WARNING - 知识片段清洗后为空，已跳过。来源: 国家基层高血压防治管理手册2025版.pdf
2026-05-05 14:47:18,343 - app.core.rag - WARNING - 知识片段清洗后为空，已跳过。来源: 国家基层高血压防治管理手册2025版.pdf
2026-05-05 14:47:18,343 - app.core.rag - WARNING - 知识片段清洗后为空，已跳过。来源: 国家基层高血压防治管理手册2025版.pdf
2026-05-05 14:47:18,344 - app.core.rag - WARNING - 知识片段清洗后为空，已跳过。来源: 国家基层高血压防治管理手册2025版.pdf
2026-05-05 14:47:18,344 - app.core.rag - WARNING - 知识片段清洗后为空，已跳过。来源: 天体物理学.docx
2026-05-05 14:47:18,344 - app.core.rag - WARNING - 知识片段清洗后为空，已跳过。来源: 天体物理学.docx
2026-05-05 14:47:18,344 - app.core.rag - WARNING - 知识片段清洗后为空，已跳过。来源: 天体物理学.docx
2026-05-05 14:47:18,344 - app.core.rag - WARNING - 知识片段清洗后为空，已跳过。来源: 天体物理学.docx
2026-05-05 14:47:18,344 - app.core.rag - WARNING - 知识片段清洗后为空，已跳过。来源: 天体物理学.docx
2026-05-05 14:47:18,344 - app.core.rag - WARNING - 知识片段清洗后为空，已跳过。来源: 天体物理学.docx
2026-05-05 14:47:18,345 - app.core.rag - WARNING - 知识片段清洗后为空，已跳过。来源: 天体物理学.docx
2026-05-05 14:47:18,345 - app.core.rag - WARNING - 知识片段清洗后为空，已跳过。来源: 天体物理学.docx
2026-05-05 14:47:18,345 - app.core.rag - WARNING - 知识片段清洗后为空，已跳过。来源: 天体物理学.docx
2026-05-05 14:47:18,345 - app.core.rag - WARNING - 知识片段清洗后为空，已跳过。来源: 天体物理学.docx
2026-05-05 14:47:18,345 - app.core.rag - WARNING - 知识片段清洗后为空，已跳过。来源: 天体物理学.docx
2026-05-05 14:47:18,345 - app.core.rag - WARNING - 知识片段清洗后为空，已跳过。来源: 天体物理学.docx
2026-05-05 14:47:18,345 - app.core.rag - WARNING - 知识片段清洗后为空，已跳过。来源: 天体物理学.docx
2026-05-05 14:47:18,345 - app.core.rag - WARNING - 知识片段清洗后为空，已跳过。来源: 天体物理学.docx
2026-05-05 14:47:18,346 - app.core.rag - WARNING - 知识片段清洗后为空，已跳过。来源: 天体物理学.docx
2026-05-05 14:47:18,346 - app.core.rag - WARNING - 知识片段清洗后为空，已跳过。来源: 天体物理学.docx
2026-05-05 14:47:18,346 - app.core.rag - WARNING - 知识片段清洗后为空，已跳过。来源: 天体物理学.docx
2026-05-05 14:47:18,346 - app.core.rag - WARNING - 知识片段清洗后为空，已跳过。来源: 天体物理学.docx
2026-05-05 14:47:18,346 - app.core.rag - WARNING - 知识片段清洗后为空，已跳过。来源: 天体物理学.docx
2026-05-05 14:47:18,346 - app.core.rag - WARNING - 知识片段清洗后为空，已跳过。来源: 天体物理学.docx
2026-05-05 14:47:18,346 - app.core.rag - WARNING - 知识片段清洗后为空，已跳过。来源: 天体物理学.docx
2026-05-05 14:47:18,346 - app.core.rag - WARNING - 知识片段清洗后为空，已跳过。来源: 天体物理学.docx
2026-05-05 14:47:18,347 - app.core.rag - WARNING - 知识片段清洗后为空，已跳过。来源: 天体物理学.docx
2026-05-05 14:47:18,347 - app.core.rag - WARNING - 知识片段清洗后为空，已跳过。来源: 天体物理学.docx
2026-05-05 14:47:18,347 - app.core.rag - WARNING - 知识片段清洗后为空，已跳过。来源: 天体物理学.docx
2026-05-05 14:47:18,347 - app.core.rag - WARNING - 知识片段清洗后为空，已跳过。来源: 天体物理学.docx
2026-05-05 14:47:18,347 - app.core.rag - WARNING - 知识片段清洗后为空，已跳过。来源: 天体物理学.docx
2026-05-05 14:47:18,347 - app.core.rag - WARNING - 知识片段清洗后为空，已跳过。来源: 天体物理学.docx
2026-05-05 14:47:18,348 - app.core.rag - WARNING - 知识片段清洗后为空，已跳过。来源: 天体物理学.docx
2026-05-05 14:47:18,348 - app.core.rag - WARNING - 知识片段清洗后为空，已跳过。来源: 天体物理学.docx
2026-05-05 14:47:18,348 - app.core.rag - WARNING - 知识片段清洗后为空，已跳过。来源: 天体物理学.docx
2026-05-05 14:47:18,348 - app.core.rag - WARNING - 知识片段清洗后为空，已跳过。来源: 天体物理学.docx
2026-05-05 14:47:18,348 - app.core.rag - WARNING - 知识片段清洗后为空，已跳过。来源: 天体物理学.docx
2026-05-05 14:47:18,348 - app.core.rag - WARNING - 知识片段清洗后为空，已跳过。来源: 天体物理学.docx
2026-05-05 14:47:18,349 - app.core.rag - WARNING - 知识片段清洗后为空，已跳过。来源: 天体物理学.docx
2026-05-05 14:47:18,349 - app.core.rag - WARNING - 知识片段清洗后为空，已跳过。来源: 天体物理学.docx
2026-05-05 14:47:18,349 - app.core.rag - WARNING - 知识片段清洗后为空，已跳过。来源: 天体物理学.docx
2026-05-05 14:47:18,349 - app.core.rag - WARNING - 知识片段清洗后为空，已跳过。来源: 天体物理学.docx
2026-05-05 14:47:18,350 - app.core.rag - WARNING - 知识片段清洗后为空，已跳过。来源: 天体物理学.docx
2026-05-05 14:47:18,350 - app.core.rag - WARNING - 知识片段清洗后为空，已跳过。来源: 天体物理学.docx
2026-05-05 14:47:18,350 - app.core.rag - WARNING - 知识片段清洗后为空，已跳过。来源: 天体物理学.docx
2026-05-05 14:47:18,350 - app.core.rag - WARNING - 知识片段清洗后为空，已跳过。来源: 天体物理学.docx
2026-05-05 14:47:18,351 - app.core.rag - WARNING - 知识片段清洗后为空，已跳过。来源: 天体物理学.docx
2026-05-05 14:47:18,351 - app.core.rag - WARNING - 知识片段清洗后为空，已跳过。来源: 天体物理学.docx
2026-05-05 14:47:18,352 - app.core.rag - WARNING - 知识片段清洗后为空，已跳过。来源: 天体物理学.docx
2026-05-05 14:47:18,352 - app.core.rag - WARNING - 知识片段清洗后为空，已跳过。来源: 天体物理学.docx
2026-05-05 14:47:18,352 - app.core.rag - WARNING - 知识片段清洗后为空，已跳过。来源: 天体物理学.docx
2026-05-05 14:47:18,352 - app.core.rag - WARNING - 知识片段清洗后为空，已跳过。来源: 天体物理学.docx
2026-05-05 14:47:18,352 - app.core.rag - WARNING - 知识片段清洗后为空，已跳过。来源: 天体物理学.docx
2026-05-05 14:47:18,353 - app.core.rag - WARNING - 知识片段清洗后为空，已跳过。来源: 天体物理学.docx
2026-05-05 14:47:18,353 - app.core.rag - WARNING - 知识片段清洗后为空，已跳过。来源: 天体物理学.docx
2026-05-05 14:47:18,353 - app.core.rag - WARNING - 知识片段清洗后为空，已跳过。来源: 天体物理学.docx
2026-05-05 14:47:18,353 - app.core.rag - WARNING - 知识片段清洗后为空，已跳过。来源: 天体物理学.docx
2026-05-05 14:47:18,353 - app.core.rag - WARNING - 知识片段清洗后为空，已跳过。来源: 天体物理学.docx
2026-05-05 14:47:18,353 - app.core.rag - WARNING - 知识片段清洗后为空，已跳过。来源: 天体物理学.docx
2026-05-05 14:47:18,354 - app.core.rag - WARNING - 知识片段清洗后为空，已跳过。来源: 天体物理学.docx
2026-05-05 14:47:18,354 - app.core.rag - WARNING - 知识片段清洗后为空，已跳过。来源: 天体物理学.docx
2026-05-05 14:47:18,354 - app.core.rag - WARNING - 知识片段清洗后为空，已跳过。来源: 天体物理学.docx
2026-05-05 14:47:18,354 - app.core.rag - WARNING - 知识片段清洗后为空，已跳过。来源: 天体物理学.docx
2026-05-05 14:47:18,354 - app.core.rag - WARNING - 知识片段清洗后为空，已跳过。来源: 天体物理学.docx
2026-05-05 14:47:18,354 - app.core.rag - WARNING - 知识片段清洗后为空，已跳过。来源: 天体物理学.docx
2026-05-05 14:47:18,354 - app.core.rag - WARNING - 知识片段清洗后为空，已跳过。来源: 天体物理学.docx
2026-05-05 14:47:18,354 - app.core.rag - WARNING - 知识片段清洗后为空，已跳过。来源: 天体物理学.docx
2026-05-05 14:47:18,354 - app.core.rag - WARNING - 知识片段清洗后为空，已跳过。来源: 天体物理学.docx
2026-05-05 14:47:18,354 - app.core.rag - WARNING - 知识片段清洗后为空，已跳过。来源: 天体物理学.docx
2026-05-05 14:47:18,354 - app.core.rag - WARNING - 知识片段清洗后为空，已跳过。来源: 天体物理学.docx
2026-05-05 14:47:18,354 - app.core.rag - WARNING - 知识片段清洗后为空，已跳过。来源: 天体物理学.docx
2026-05-05 14:47:18,356 - app.core.rag - WARNING - 知识片段清洗后为空，已跳过。来源: 天体物理学.docx
2026-05-05 14:47:18,356 - app.core.rag - WARNING - 知识片段清洗后为空，已跳过。来源: 天体物理学.docx
2026-05-05 14:47:18,356 - app.core.rag - WARNING - 知识片段清洗后为空，已跳过。来源: 天体物理学.docx
2026-05-05 14:47:18,356 - app.core.rag - WARNING - 知识片段清洗后为空，已跳过。来源: 天体物理学.docx
2026-05-05 14:47:18,356 - app.core.rag - WARNING - 知识片段清洗后为空，已跳过。来源: 天体物理学.docx
2026-05-05 14:47:18,356 - app.core.rag - WARNING - 知识片段清洗后为空，已跳过。来源: 天体物理学.docx
2026-05-05 14:47:18,356 - app.core.rag - WARNING - 知识片段清洗后为空，已跳过。来源: 天体物理学.docx
2026-05-05 14:47:18,357 - app.core.rag - WARNING - 知识片段清洗后为空，已跳过。来源: 天体物理学.docx
2026-05-05 14:47:18,357 - app.core.rag - WARNING - 知识片段清洗后为空，已跳过。来源: 天体物理学.docx
2026-05-05 14:47:18,357 - app.core.rag - WARNING - 知识片段清洗后为空，已跳过。来源: 天体物理学.docx
2026-05-05 14:47:18,357 - app.core.rag - WARNING - 知识片段清洗后为空，已跳过。来源: 天体物理学.docx
2026-05-05 14:47:18,357 - app.core.rag - WARNING - 知识片段清洗后为空，已跳过。来源: 天体物理学.docx
2026-05-05 14:47:18,357 - app.core.rag - WARNING - 知识片段清洗后为空，已跳过。来源: 天体物理学.docx
2026-05-05 14:47:18,358 - app.core.rag - WARNING - 知识片段清洗后为空，已跳过。来源: 天体物理学.docx
2026-05-05 14:47:18,358 - app.core.rag - WARNING - 知识片段清洗后为空，已跳过。来源: 天体物理学.docx
2026-05-05 14:47:18,358 - app.core.rag - WARNING - 知识片段清洗后为空，已跳过。来源: 天体物理学.docx
2026-05-05 14:47:18,358 - app.core.rag - WARNING - 知识片段清洗后为空，已跳过。来源: 天体物理学.docx
2026-05-05 14:47:18,359 - app.core.rag - WARNING - 知识片段清洗后为空，已跳过。来源: 天体物理学.docx
2026-05-05 14:47:18,359 - app.core.rag - WARNING - 知识片段清洗后为空，已跳过。来源: 天体物理学.docx
2026-05-05 14:47:18,359 - app.core.rag - WARNING - 知识片段清洗后为空，已跳过。来源: 天体物理学.docx
2026-05-05 14:47:18,359 - app.core.rag - WARNING - 知识片段清洗后为空，已跳过。来源: 天体物理学.docx
2026-05-05 14:47:18,360 - app.core.rag - WARNING - 知识片段清洗后为空，已跳过。来源: 天体物理学.docx
2026-05-05 14:47:18,360 - app.core.rag - WARNING - 知识片段清洗后为空，已跳过。来源: 天体物理学.docx
2026-05-05 14:47:18,360 - app.core.rag - WARNING - 知识片段清洗后为空，已跳过。来源: 天体物理学.docx
2026-05-05 14:47:18,360 - app.core.rag - WARNING - 知识片段清洗后为空，已跳过。来源: 天体物理学.docx
2026-05-05 14:47:18,361 - app.core.rag - WARNING - 知识片段清洗后为空，已跳过。来源: 天体物理学.docx
2026-05-05 14:47:18,361 - app.core.rag - WARNING - 知识片段清洗后为空，已跳过。来源: 天体物理学.docx
2026-05-05 14:47:18,361 - app.core.rag - WARNING - 知识片段清洗后为空，已跳过。来源: 天体物理学.docx
2026-05-05 14:47:18,361 - app.core.rag - WARNING - 知识片段清洗后为空，已跳过。来源: 天体物理学.docx
2026-05-05 14:47:18,361 - app.core.rag - WARNING - 知识片段清洗后为空，已跳过。来源: 天体物理学.docx
2026-05-05 14:47:18,361 - app.core.rag - WARNING - 知识片段清洗后为空，已跳过。来源: 天体物理学.docx
2026-05-05 14:47:18,361 - app.core.rag - WARNING - 知识片段清洗后为空，已跳过。来源: 天体物理学.docx
2026-05-05 14:47:18,362 - app.core.rag - WARNING - 知识片段清洗后为空，已跳过。来源: 天体物理学.docx
2026-05-05 14:47:18,362 - app.core.rag - WARNING - 知识片段清洗后为空，已跳过。来源: 天体物理学.docx
2026-05-05 14:47:18,362 - app.core.rag - WARNING - 知识片段清洗后为空，已跳过。来源: 天体物理学.docx
2026-05-05 14:47:18,362 - app.core.rag - WARNING - 知识片段清洗后为空，已跳过。来源: 天体物理学.docx
2026-05-05 14:47:18,362 - app.core.rag - WARNING - 知识片段清洗后为空，已跳过。来源: 天体物理学.docx
2026-05-05 14:47:18,362 - app.core.rag - WARNING - 知识片段清洗后为空，已跳过。来源: 天体物理学.docx
2026-05-05 14:47:18,362 - app.core.rag - WARNING - 知识片段清洗后为空，已跳过。来源: 天体物理学.docx
2026-05-05 14:47:18,362 - app.core.rag - WARNING - 知识片段清洗后为空，已跳过。来源: 天体物理学.docx
2026-05-05 14:47:18,363 - app.core.rag - WARNING - 知识片段清洗后为空，已跳过。来源: 天体物理学.docx
2026-05-05 14:47:18,363 - app.core.rag - WARNING - 知识片段清洗后为空，已跳过。来源: 天体物理学.docx
2026-05-05 14:47:18,363 - app.core.rag - WARNING - 知识片段清洗后为空，已跳过。来源: 天体物理学.docx
2026-05-05 14:47:18,363 - app.core.rag - WARNING - 知识片段清洗后为空，已跳过。来源: 天体物理学.docx
2026-05-05 14:47:18,363 - app.core.rag - WARNING - 知识片段清洗后为空，已跳过。来源: 天体物理学.docx
2026-05-05 14:47:18,363 - app.core.rag - WARNING - 知识片段清洗后为空，已跳过。来源: 天体物理学.docx
2026-05-05 14:47:18,364 - app.core.rag - WARNING - 知识片段清洗后为空，已跳过。来源: 天体物理学.docx
2026-05-05 14:47:18,364 - app.core.rag - WARNING - 知识片段清洗后为空，已跳过。来源: 天体物理学.docx
2026-05-05 14:47:18,364 - app.core.rag - WARNING - 知识片段清洗后为空，已跳过。来源: 天体物理学.docx
2026-05-05 14:47:18,364 - app.core.rag - WARNING - 知识片段清洗后为空，已跳过。来源: 天体物理学.docx
2026-05-05 14:47:18,364 - app.core.rag - WARNING - 知识片段清洗后为空，已跳过。来源: 天体物理学.docx
2026-05-05 14:47:18,365 - app.core.rag - WARNING - 知识片段清洗后为空，已跳过。来源: 天体物理学.docx
2026-05-05 14:47:18,365 - app.core.rag - WARNING - 知识片段清洗后为空，已跳过。来源: 天体物理学.docx
2026-05-05 14:47:18,365 - app.core.rag - WARNING - 知识片段清洗后为空，已跳过。来源: 天体物理学.docx
2026-05-05 14:47:18,365 - app.core.rag - WARNING - 知识片段清洗后为空，已跳过。来源: 天体物理学.docx
2026-05-05 14:47:18,366 - app.core.rag - WARNING - 知识片段清洗后为空，已跳过。来源: 天体物理学.docx
2026-05-05 14:47:18,366 - app.core.rag - WARNING - 知识片段清洗后为空，已跳过。来源: 天体物理学.docx
2026-05-05 14:47:18,366 - app.core.rag - WARNING - 知识片段清洗后为空，已跳过。来源: 天体物理学.docx
2026-05-05 14:47:18,366 - app.core.rag - WARNING - 知识片段清洗后为空，已跳过。来源: 天体物理学.docx
2026-05-05 14:47:18,366 - app.core.rag - WARNING - 知识片段清洗后为空，已跳过。来源: 天体物理学.docx
2026-05-05 14:47:18,366 - app.core.rag - WARNING - 知识片段清洗后为空，已跳过。来源: 天体物理学.docx
2026-05-05 14:47:18,366 - app.core.rag - WARNING - 知识片段清洗后为空，已跳过。来源: 天体物理学.docx
2026-05-05 14:47:18,367 - app.core.rag - WARNING - 知识片段清洗后为空，已跳过。来源: 天体物理学.docx
2026-05-05 14:47:18,367 - app.core.rag - WARNING - 知识片段清洗后为空，已跳过。来源: 天体物理学.docx
2026-05-05 14:47:18,367 - app.core.rag - WARNING - 知识片段清洗后为空，已跳过。来源: 天体物理学.docx
2026-05-05 14:47:18,367 - app.core.rag - WARNING - 知识片段清洗后为空，已跳过。来源: 天体物理学.docx
2026-05-05 14:47:18,367 - app.core.rag - WARNING - 知识片段清洗后为空，已跳过。来源: 天体物理学.docx
2026-05-05 14:47:18,368 - app.core.rag - WARNING - 知识片段清洗后为空，已跳过。来源: 天体物理学.docx
2026-05-05 14:47:18,368 - app.core.rag - WARNING - 知识片段清洗后为空，已跳过。来源: 天体物理学.docx
2026-05-05 14:47:18,368 - app.core.rag - WARNING - 知识片段清洗后为空，已跳过。来源: 天体物理学.docx
2026-05-05 14:47:18,368 - app.core.rag - WARNING - 知识片段清洗后为空，已跳过。来源: 天体物理学.docx
2026-05-05 14:47:18,368 - app.core.rag - WARNING - 知识片段清洗后为空，已跳过。来源: 天体物理学.docx
2026-05-05 14:47:18,368 - app.core.rag - WARNING - 知识片段清洗后为空，已跳过。来源: 天体物理学.docx
2026-05-05 14:47:18,368 - app.core.rag - WARNING - 知识片段清洗后为空，已跳过。来源: 天体物理学.docx
2026-05-05 14:47:18,369 - app.core.rag - WARNING - 知识片段清洗后为空，已跳过。来源: 天体物理学.docx
2026-05-05 14:47:18,369 - app.core.rag - WARNING - 知识片段清洗后为空，已跳过。来源: 天体物理学.docx
2026-05-05 14:47:18,369 - app.core.rag - WARNING - 知识片段清洗后为空，已跳过。来源: 天体物理学.docx
2026-05-05 14:47:18,369 - app.core.rag - WARNING - 知识片段清洗后为空，已跳过。来源: 天体物理学.docx
2026-05-05 14:47:18,369 - app.core.rag - WARNING - 知识片段清洗后为空，已跳过。来源: 天体物理学.docx
2026-05-05 14:47:18,369 - app.core.rag - WARNING - 知识片段清洗后为空，已跳过。来源: 天体物理学.docx
2026-05-05 14:47:18,369 - app.core.rag - WARNING - 知识片段清洗后为空，已跳过。来源: 天体物理学.docx
2026-05-05 14:47:18,369 - app.core.rag - WARNING - 知识片段清洗后为空，已跳过。来源: 天体物理学.docx
2026-05-05 14:47:18,370 - app.core.rag - WARNING - 知识片段清洗后为空，已跳过。来源: 天体物理学.docx
2026-05-05 14:47:18,370 - app.core.rag - WARNING - 知识片段清洗后为空，已跳过。来源: 天体物理学.docx
2026-05-05 14:47:18,370 - app.core.rag - WARNING - 知识片段清洗后为空，已跳过。来源: 天体物理学.docx
2026-05-05 14:47:18,370 - app.core.rag - WARNING - 知识片段清洗后为空，已跳过。来源: 天体物理学.docx
2026-05-05 14:47:18,370 - app.core.rag - WARNING - 知识片段清洗后为空，已跳过。来源: 天体物理学.docx
2026-05-05 14:47:18,370 - app.core.rag - WARNING - 知识片段清洗后为空，已跳过。来源: 天体物理学.docx
2026-05-05 14:47:18,370 - app.core.rag - WARNING - 知识片段清洗后为空，已跳过。来源: 天体物理学.docx
2026-05-05 14:47:18,370 - app.core.rag - WARNING - 知识片段清洗后为空，已跳过。来源: 天体物理学.docx
2026-05-05 14:47:18,371 - app.core.rag - WARNING - 知识片段清洗后为空，已跳过。来源: 天体物理学.docx
2026-05-05 14:47:18,371 - app.core.rag - WARNING - 知识片段清洗后为空，已跳过。来源: 天体物理学.docx
2026-05-05 14:47:18,371 - app.core.rag - WARNING - 知识片段清洗后为空，已跳过。来源: 失明与视力受损.docx
2026-05-05 14:47:18,371 - app.core.rag - WARNING - 知识片段清洗后为空，已跳过。来源: 失明与视力受损.docx
2026-05-05 14:47:18,371 - app.core.rag - WARNING - 知识片段清洗后为空，已跳过。来源: 失明与视力受损.docx
2026-05-05 14:47:18,371 - app.core.rag - WARNING - 知识片段清洗后为空，已跳过。来源: 心理健康.docx
2026-05-05 14:47:18,372 - app.core.rag - WARNING - 知识片段清洗后为空，已跳过。来源: 心理健康.docx
2026-05-05 14:47:18,372 - app.core.rag - WARNING - 知识片段清洗后为空，已跳过。来源: 心理健康.docx
2026-05-05 14:47:18,372 - app.core.rag - WARNING - 知识片段清洗后为空，已跳过。来源: 心理治疗规范 （2013年版）.pdf
2026-05-05 14:47:18,372 - app.core.rag - WARNING - 知识片段清洗后为空，已跳过。来源: 心理治疗规范 （2013年版）.pdf
2026-05-05 14:47:18,372 - app.core.rag - WARNING - 知识片段清洗后为空，已跳过。来源: 心理治疗规范 （2013年版）.pdf
2026-05-05 14:47:18,372 - app.core.rag - WARNING - 知识片段清洗后为空，已跳过。来源: 心理治疗规范 （2013年版）.pdf
2026-05-05 14:47:18,372 - app.core.rag - WARNING - 知识片段清洗后为空，已跳过。来源: 心理治疗规范 （2013年版）.pdf
2026-05-05 14:47:18,373 - app.core.rag - WARNING - 知识片段清洗后为空，已跳过。来源: 心理治疗规范 （2013年版）.pdf
2026-05-05 14:47:18,373 - app.core.rag - WARNING - 知识片段清洗后为空，已跳过。来源: 心理治疗规范 （2013年版）.pdf
2026-05-05 14:47:18,373 - app.core.rag - WARNING - 知识片段清洗后为空，已跳过。来源: 心理治疗规范 （2013年版）.pdf
2026-05-05 14:47:18,373 - app.core.rag - WARNING - 知识片段清洗后为空，已跳过。来源: 心理治疗规范 （2013年版）.pdf
2026-05-05 14:47:18,373 - app.core.rag - WARNING - 知识片段清洗后为空，已跳过。来源: 心理治疗规范 （2013年版）.pdf
2026-05-05 14:47:18,373 - app.core.rag - WARNING - 知识片段清洗后为空，已跳过。来源: 心理治疗规范 （2013年版）.pdf
2026-05-05 14:47:18,374 - app.core.rag - WARNING - 知识片段清洗后为空，已跳过。来源: 心理治疗规范 （2013年版）.pdf
2026-05-05 14:47:18,374 - app.core.rag - WARNING - 知识片段清洗后为空，已跳过。来源: 心理治疗规范 （2013年版）.pdf
2026-05-05 14:47:18,374 - app.core.rag - WARNING - 知识片段清洗后为空，已跳过。来源: 心理治疗规范 （2013年版）.pdf
2026-05-05 14:47:18,374 - app.core.rag - WARNING - 知识片段清洗后为空，已跳过。来源: 心理治疗规范 （2013年版）.pdf
2026-05-05 14:47:18,374 - app.core.rag - WARNING - 知识片段清洗后为空，已跳过。来源: 心理治疗规范 （2013年版）.pdf
2026-05-05 14:47:18,375 - app.core.rag - WARNING - 知识片段清洗后为空，已跳过。来源: 流感（季节性）.docx
2026-05-05 14:47:18,375 - app.core.rag - WARNING - 知识片段清洗后为空，已跳过。来源: 流感（季节性）.docx
2026-05-05 14:47:18,375 - app.core.rag - WARNING - 知识片段清洗后为空，已跳过。来源: 流感（季节性）.docx
2026-05-05 14:47:18,376 - app.core.rag - WARNING - 知识片段清洗后为空，已跳过。来源: 狂犬病.docx
2026-05-05 14:47:18,376 - app.core.rag - WARNING - 知识片段清洗后为空，已跳过。来源: 狂犬病.docx
2026-05-05 14:47:18,376 - app.core.rag - WARNING - 知识片段清洗后为空，已跳过。来源: 狂犬病.docx
2026-05-05 14:47:18,377 - app.core.rag - WARNING - 知识片段清洗后为空，已跳过。来源: 狂犬病.docx
2026-05-05 14:47:18,377 - app.core.rag - WARNING - 知识片段清洗后为空，已跳过。来源: 理财规划行业报告2024.docx
2026-05-05 14:47:18,377 - app.core.rag - WARNING - 知识片段清洗后为空，已跳过。来源: 理财规划行业报告2024.docx
2026-05-05 14:47:18,377 - app.core.rag - WARNING - 知识片段清洗后为空，已跳过。来源: 理财规划行业报告2024.docx
2026-05-05 14:47:18,378 - app.core.rag - WARNING - 知识片段清洗后为空，已跳过。来源: 理财规划行业报告2024.docx
2026-05-05 14:47:18,378 - app.core.rag - WARNING - 知识片段清洗后为空，已跳过。来源: 禁止童工的条款.docx
2026-05-05 14:47:18,378 - app.core.rag - WARNING - 知识片段清洗后为空，已跳过。来源: 禁止童工的条款.docx
2026-05-05 14:47:18,378 - app.core.rag - WARNING - 知识片段清洗后为空，已跳过。来源: 禁止童工的条款.docx
2026-05-05 14:47:18,378 - app.core.rag - WARNING - 知识片段清洗后为空，已跳过。来源: 科技人力资源报告2023..docx
2026-05-05 14:47:18,378 - app.core.rag - WARNING - 知识片段清洗后为空，已跳过。来源: 科技人力资源报告2023..docx
2026-05-05 14:47:18,379 - app.core.rag - WARNING - 知识片段清洗后为空，已跳过。来源: 科技咨询服务规范2023国标.docx
2026-05-05 14:47:18,379 - app.core.rag - WARNING - 知识片段清洗后为空，已跳过。来源: 科技咨询服务规范2023国标.docx
2026-05-05 14:47:18,379 - app.core.rag - WARNING - 知识片段清洗后为空，已跳过。来源: 科技咨询服务规范2023国标.docx
2026-05-05 14:47:18,379 - app.core.rag - WARNING - 知识片段清洗后为空，已跳过。来源: 科技服务业发展报告2024.docx
2026-05-05 14:47:18,379 - app.core.rag - WARNING - 知识片段清洗后为空，已跳过。来源: 糖尿病.docx
2026-05-05 14:47:18,379 - app.core.rag - WARNING - 知识片段清洗后为空，已跳过。来源: 糖尿病.docx
2026-05-05 14:47:18,379 - app.core.rag - WARNING - 知识片段清洗后为空，已跳过。来源: 糖尿病.docx
2026-05-05 14:47:18,379 - app.core.rag - WARNING - 知识片段清洗后为空，已跳过。来源: 职场心理健康.docx
2026-05-05 14:47:18,380 - app.core.rag - WARNING - 知识片段清洗后为空，已跳过。来源: 职场心理健康.docx
2026-05-05 14:47:18,380 - app.core.rag - WARNING - 知识片段清洗后为空，已跳过。来源: 职场心理健康.docx
2026-05-05 14:47:18,380 - app.core.rag - WARNING - 知识片段清洗后为空，已跳过。来源: 腰痛.docx
2026-05-05 14:47:18,380 - app.core.rag - WARNING - 知识片段清洗后为空，已跳过。来源: 腰痛.docx
2026-05-05 14:47:18,380 - app.core.rag - WARNING - 知识片段清洗后为空，已跳过。来源: 腰痛.docx
2026-05-05 14:47:18,380 - app.core.rag - WARNING - 知识片段清洗后为空，已跳过。来源: 自闭症.docx
2026-05-05 14:47:18,380 - app.core.rag - WARNING - 知识片段清洗后为空，已跳过。来源: 自闭症.docx
2026-05-05 14:47:18,380 - app.core.rag - WARNING - 知识片段清洗后为空，已跳过。来源: 自闭症.docx
2026-05-05 14:47:18,381 - app.core.rag - WARNING - 知识片段清洗后为空，已跳过。来源: 虚拟朋友.docx
2026-05-05 14:47:18,381 - app.core.rag - WARNING - 知识片段清洗后为空，已跳过。来源: 虚拟朋友.docx
2026-05-05 14:47:18,381 - app.core.rag - WARNING - 知识片段清洗后为空，已跳过。来源: 虚拟朋友.docx
2026-05-05 14:47:18,381 - app.core.rag - WARNING - 知识片段清洗后为空，已跳过。来源: 虚拟朋友.docx
2026-05-05 14:47:18,381 - app.core.rag - WARNING - 知识片段清洗后为空，已跳过。来源: 证券分析师执业行为规范.docx
2026-05-05 14:47:18,382 - app.core.rag - WARNING - 知识片段清洗后为空，已跳过。来源: 证券分析师执业行为规范.docx
2026-05-05 14:47:18,382 - app.core.rag - WARNING - 知识片段清洗后为空，已跳过。来源: 证券分析师执业行为规范.docx
2026-05-05 14:47:18,382 - app.core.rag - WARNING - 知识片段清洗后为空，已跳过。来源: 证券投资顾问业务暂行规定.docx
2026-05-05 14:47:18,382 - app.core.rag - WARNING - 知识片段清洗后为空，已跳过。来源: 证券投资顾问业务暂行规定.docx
2026-05-05 14:47:18,382 - app.core.rag - WARNING - 知识片段清洗后为空，已跳过。来源: 证券投资顾问业务暂行规定.docx
2026-05-05 14:47:18,383 - app.core.rag - WARNING - 知识片段清洗后为空，已跳过。来源: 证券行业发展报告2023.docx
2026-05-05 14:47:18,383 - app.core.rag - WARNING - 知识片段清洗后为空，已跳过。来源: 证券行业发展报告2023.docx
2026-05-05 14:47:18,383 - app.core.rag - WARNING - 知识片段清洗后为空，已跳过。来源: 财富管理白皮书2024.docx
2026-05-05 14:47:18,383 - app.core.rag - WARNING - 知识片段清洗后为空，已跳过。来源: 财富管理白皮书2024.docx
2026-05-05 14:47:18,384 - app.core.rag - WARNING - 知识片段清洗后为空，已跳过。来源: 财富管理白皮书2024.docx
2026-05-05 14:47:18,384 - app.core.rag - WARNING - 知识片段清洗后为空，已跳过。来源: 财富管理白皮书2024.docx
2026-05-05 14:47:18,384 - app.core.rag - WARNING - 知识片段清洗后为空，已跳过。来源: 贫血.docx
2026-05-05 14:47:18,384 - app.core.rag - WARNING - 知识片段清洗后为空，已跳过。来源: 贫血.docx
2026-05-05 14:47:18,384 - app.core.rag - WARNING - 知识片段清洗后为空，已跳过。来源: 贫血.docx
2026-05-05 14:47:18,385 - app.core.rag - WARNING - 知识片段清洗后为空，已跳过。来源: 内置兜底知识
2026-05-05 14:47:18,386 - app.core.rag - WARNING - 知识片段清洗后为空，已跳过。来源: 内置兜底知识
2026-05-05 14:47:18,386 - app.core.rag - WARNING - 知识片段清洗后为空，已跳过。来源: 内置兜底知识
2026-05-05 14:47:18,386 - app.core.rag - WARNING - 知识片段清洗后为空，已跳过。来源: 内置兜底知识
2026-05-05 14:47:18,386 - app.core.rag - WARNING - 知识片段清洗后为空，已跳过。来源: 内置兜底知识
2026-05-05 14:47:18,386 - app.core.rag - WARNING - 知识片段清洗后为空，已跳过。来源: 内置兜底知识
2026-05-05 14:47:18,386 - app.core.rag - WARNING - 知识片段清洗后为空，已跳过。来源: 内置兜底知识
2026-05-05 14:47:18,386 - app.core.rag - WARNING - 知识片段清洗后为空，已跳过。来源: 内置兜底知识
2026-05-05 14:47:18,386 - app.core.rag - WARNING - 知识片段清洗后为空，已跳过。来源: 内置兜底知识
2026-05-05 14:47:18,386 - app.core.rag - WARNING - 知识片段清洗后为空，已跳过。来源: 内置兜底知识
2026-05-05 14:47:18,386 - app.core.rag - WARNING - 知识片段清洗后为空，已跳过。来源: 内置兜底知识
2026-05-05 14:47:18,387 - app.core.rag - WARNING - 知识片段清洗后为空，已跳过。来源: 内置兜底知识
2026-05-05 14:47:18,387 - app.core.rag - WARNING - 知识片段清洗后为空，已跳过。来源: 内置兜底知识
2026-05-05 14:47:18,387 - app.core.rag - WARNING - 知识库缓存为空，无法初始化 BM25 索引
2026-05-05 14:47:18,387 - app.core.rag - INFO - 知识库初始化完成: {'total': 37, 'processed': 0, 'failed': 0, 'from_cache': True, 'role_counts': {'1': 0, '2': 0, '3': 0, '4': 0, '5': 0, '6': 0, '7': 0, '8': 0, '9': 0}, 'processed_files': [], 'failed_files': []}
2026-05-05 15:08:29,124 - sentence_transformers.SentenceTransformer - INFO - Load pretrained SentenceTransformer: C:\Users\freedom\Desktop\专业\模型\bge-base-zh-v1.5
2026-05-05 15:08:30,687 - sentence_transformers.SentenceTransformer - INFO - Use pytorch device: cpu
2026-05-05 15:08:30,711 - app.core.rag - INFO - 成功初始化向量化模型
2026-05-05 15:08:30,712 - app.core.rag - INFO - 成功初始化在线大模型
2026-05-05 15:08:30,713 - app.core.rag - INFO - 成功初始化大模型
2026-05-05 15:08:30,714 - app.core.rag - INFO - 知识库目录: C:\Users\freedom\Desktop\多角色聊天机器人\app\knowledge\data
2026-05-05 15:08:31,280 - app.core.rag - WARNING - 知识片段清洗后为空，已跳过。来源: 中华人民共和国国务院组织法.docx
2026-05-05 15:08:31,281 - app.core.rag - WARNING - 知识片段清洗后为空，已跳过。来源: 中华人民共和国妇女权益保护法.docx
2026-05-05 15:08:31,282 - app.core.rag - WARNING - 知识片段清洗后为空，已跳过。来源: 中华人民共和国妇女权益保护法.docx
2026-05-05 15:08:31,283 - app.core.rag - WARNING - 知识片段清洗后为空，已跳过。来源: 中华人民共和国妇女权益保护法.docx
2026-05-05 15:08:31,283 - app.core.rag - WARNING - 知识片段清洗后为空，已跳过。来源: 中华人民共和国妇女权益保护法.docx
2026-05-05 15:08:31,284 - app.core.rag - WARNING - 知识片段清洗后为空，已跳过。来源: 中华人民共和国妇女权益保护法.docx
2026-05-05 15:08:31,284 - app.core.rag - WARNING - 知识片段清洗后为空，已跳过。来源: 中华人民共和国宪法.docx
2026-05-05 15:08:31,286 - app.core.rag - WARNING - 知识片段清洗后为空，已跳过。来源: 中华人民共和国宪法.docx
2026-05-05 15:08:31,287 - app.core.rag - WARNING - 知识片段清洗后为空，已跳过。来源: 中华人民共和国宪法.docx
2026-05-05 15:08:31,288 - app.core.rag - WARNING - 知识片段清洗后为空，已跳过。来源: 中华人民共和国宪法.docx
2026-05-05 15:08:31,289 - app.core.rag - WARNING - 知识片段清洗后为空，已跳过。来源: 中华人民共和国宪法.docx
2026-05-05 15:08:31,290 - app.core.rag - WARNING - 知识片段清洗后为空，已跳过。来源: 中华人民共和国宪法.docx
2026-05-05 15:08:31,291 - app.core.rag - WARNING - 知识片段清洗后为空，已跳过。来源: 中华人民共和国宪法.docx
2026-05-05 15:08:31,292 - app.core.rag - WARNING - 知识片段清洗后为空，已跳过。来源: 中华人民共和国宪法.docx
2026-05-05 15:08:31,293 - app.core.rag - WARNING - 知识片段清洗后为空，已跳过。来源: 中华人民共和国宪法.docx
2026-05-05 15:08:31,294 - app.core.rag - WARNING - 知识片段清洗后为空，已跳过。来源: 中华人民共和国宪法.docx
2026-05-05 15:08:31,294 - app.core.rag - WARNING - 知识片段清洗后为空，已跳过。来源: 中华人民共和国宪法.docx
2026-05-05 15:08:31,295 - app.core.rag - WARNING - 知识片段清洗后为空，已跳过。来源: 中华人民共和国宪法.docx
2026-05-05 15:08:31,296 - app.core.rag - WARNING - 知识片段清洗后为空，已跳过。来源: 中华人民共和国宪法.docx
2026-05-05 15:08:31,297 - app.core.rag - WARNING - 知识片段清洗后为空，已跳过。来源: 中华人民共和国宪法.docx
2026-05-05 15:08:31,298 - app.core.rag - WARNING - 知识片段清洗后为空，已跳过。来源: 中华人民共和国宪法.docx
2026-05-05 15:08:31,299 - app.core.rag - WARNING - 知识片段清洗后为空，已跳过。来源: 中华人民共和国宪法.docx
2026-05-05 15:08:31,300 - app.core.rag - WARNING - 知识片段清洗后为空，已跳过。来源: 中华人民共和国宪法.docx
2026-05-05 15:08:31,300 - app.core.rag - WARNING - 知识片段清洗后为空，已跳过。来源: 中华人民共和国宪法.docx
2026-05-05 15:08:31,301 - app.core.rag - WARNING - 知识片段清洗后为空，已跳过。来源: 中华人民共和国宪法.docx
2026-05-05 15:08:31,302 - app.core.rag - WARNING - 知识片段清洗后为空，已跳过。来源: 中华人民共和国宪法.docx
2026-05-05 15:08:31,303 - app.core.rag - WARNING - 知识片段清洗后为空，已跳过。来源: 中华人民共和国宪法.docx
2026-05-05 15:08:31,304 - app.core.rag - WARNING - 知识片段清洗后为空，已跳过。来源: 中华人民共和国宪法.docx
2026-05-05 15:08:31,305 - app.core.rag - WARNING - 知识片段清洗后为空，已跳过。来源: 中华人民共和国宪法.docx
2026-05-05 15:08:31,306 - app.core.rag - WARNING - 知识片段清洗后为空，已跳过。来源: 中华人民共和国工会法.docx
2026-05-05 15:08:31,306 - app.core.rag - WARNING - 知识片段清洗后为空，已跳过。来源: 中华人民共和国工会法.docx
2026-05-05 15:08:31,307 - app.core.rag - WARNING - 知识片段清洗后为空，已跳过。来源: 中华人民共和国工会法.docx
2026-05-05 15:08:31,308 - app.core.rag - WARNING - 知识片段清洗后为空，已跳过。来源: 中华人民共和国工会法.docx
2026-05-05 15:08:31,309 - app.core.rag - WARNING - 知识片段清洗后为空，已跳过。来源: 中华人民共和国工会法.docx
2026-05-05 15:08:31,310 - app.core.rag - WARNING - 知识片段清洗后为空，已跳过。来源: 中华人民共和国工会法.docx
2026-05-05 15:08:31,311 - app.core.rag - WARNING - 知识片段清洗后为空，已跳过。来源: 中华人民共和国工会法.docx
2026-05-05 15:08:31,312 - app.core.rag - WARNING - 知识片段清洗后为空，已跳过。来源: 中华人民共和国未成年人保护法.docx
2026-05-05 15:08:31,313 - app.core.rag - WARNING - 知识片段清洗后为空，已跳过。来源: 中华人民共和国未成年人保护法.docx
2026-05-05 15:08:31,313 - app.core.rag - WARNING - 知识片段清洗后为空，已跳过。来源: 中华人民共和国未成年人保护法.docx
2026-05-05 15:08:31,314 - app.core.rag - WARNING - 知识片段清洗后为空，已跳过。来源: 中华人民共和国未成年人保护法.docx
2026-05-05 15:08:31,314 - app.core.rag - WARNING - 知识片段清洗后为空，已跳过。来源: 中华人民共和国未成年人保护法.docx
2026-05-05 15:08:31,316 - app.core.rag - WARNING - 知识片段清洗后为空，已跳过。来源: 中华人民共和国未成年人保护法.docx
2026-05-05 15:08:31,317 - app.core.rag - WARNING - 知识片段清洗后为空，已跳过。来源: 中华人民共和国未成年人保护法.docx
2026-05-05 15:08:31,317 - app.core.rag - WARNING - 知识片段清洗后为空，已跳过。来源: 中华人民共和国未成年人保护法.docx
2026-05-05 15:08:31,319 - app.core.rag - WARNING - 知识片段清洗后为空，已跳过。来源: 中华人民共和国民法典_20200528.docx
2026-05-05 15:08:31,320 - app.core.rag - WARNING - 知识片段清洗后为空，已跳过。来源: 中华人民共和国民法典_20200528.docx
2026-05-05 15:08:31,320 - app.core.rag - WARNING - 知识片段清洗后为空，已跳过。来源: 中华人民共和国民法典_20200528.docx
2026-05-05 15:08:31,321 - app.core.rag - WARNING - 知识片段清洗后为空，已跳过。来源: 中华人民共和国民法典_20200528.docx
2026-05-05 15:08:31,322 - app.core.rag - WARNING - 知识片段清洗后为空，已跳过。来源: 中华人民共和国民法典_20200528.docx
2026-05-05 15:08:31,323 - app.core.rag - WARNING - 知识片段清洗后为空，已跳过。来源: 中华人民共和国民法典_20200528.docx
2026-05-05 15:08:31,324 - app.core.rag - WARNING - 知识片段清洗后为空，已跳过。来源: 中华人民共和国民法典_20200528.docx
2026-05-05 15:08:31,324 - app.core.rag - WARNING - 知识片段清洗后为空，已跳过。来源: 中华人民共和国民法典_20200528.docx
2026-05-05 15:08:31,325 - app.core.rag - WARNING - 知识片段清洗后为空，已跳过。来源: 中华人民共和国民法典_20200528.docx
2026-05-05 15:08:31,326 - app.core.rag - WARNING - 知识片段清洗后为空，已跳过。来源: 中华人民共和国民法典_20200528.docx
2026-05-05 15:08:31,327 - app.core.rag - WARNING - 知识片段清洗后为空，已跳过。来源: 中华人民共和国民法典_20200528.docx
2026-05-05 15:08:31,327 - app.core.rag - WARNING - 知识片段清洗后为空，已跳过。来源: 中华人民共和国民法典_20200528.docx
2026-05-05 15:08:31,328 - app.core.rag - WARNING - 知识片段清洗后为空，已跳过。来源: 中华人民共和国民法典_20200528.docx
2026-05-05 15:08:31,329 - app.core.rag - WARNING - 知识片段清洗后为空，已跳过。来源: 中华人民共和国民法典_20200528.docx
2026-05-05 15:08:31,330 - app.core.rag - WARNING - 知识片段清洗后为空，已跳过。来源: 中华人民共和国民法典_20200528.docx
2026-05-05 15:08:31,331 - app.core.rag - WARNING - 知识片段清洗后为空，已跳过。来源: 中华人民共和国民法典_20200528.docx
2026-05-05 15:08:31,332 - app.core.rag - WARNING - 知识片段清洗后为空，已跳过。来源: 中华人民共和国民法典_20200528.docx
2026-05-05 15:08:31,333 - app.core.rag - WARNING - 知识片段清洗后为空，已跳过。来源: 中华人民共和国民法典_20200528.docx
2026-05-05 15:08:31,334 - app.core.rag - WARNING - 知识片段清洗后为空，已跳过。来源: 中华人民共和国民法典_20200528.docx
2026-05-05 15:08:31,334 - app.core.rag - WARNING - 知识片段清洗后为空，已跳过。来源: 中华人民共和国民法典_20200528.docx
2026-05-05 15:08:31,336 - app.core.rag - WARNING - 知识片段清洗后为空，已跳过。来源: 中华人民共和国民法典_20200528.docx
2026-05-05 15:08:31,337 - app.core.rag - WARNING - 知识片段清洗后为空，已跳过。来源: 中华人民共和国民法典_20200528.docx
2026-05-05 15:08:31,338 - app.core.rag - WARNING - 知识片段清洗后为空，已跳过。来源: 中华人民共和国民法典_20200528.docx
2026-05-05 15:08:31,339 - app.core.rag - WARNING - 知识片段清洗后为空，已跳过。来源: 中华人民共和国民法典_20200528.docx
2026-05-05 15:08:31,339 - app.core.rag - WARNING - 知识片段清洗后为空，已跳过。来源: 中华人民共和国民法典_20200528.docx
2026-05-05 15:08:31,340 - app.core.rag - WARNING - 知识片段清洗后为空，已跳过。来源: 中华人民共和国民法典_20200528.docx
2026-05-05 15:08:31,341 - app.core.rag - WARNING - 知识片段清洗后为空，已跳过。来源: 中华人民共和国民法典_20200528.docx
2026-05-05 15:08:31,342 - app.core.rag - WARNING - 知识片段清洗后为空，已跳过。来源: 中华人民共和国民法典_20200528.docx
2026-05-05 15:08:31,342 - app.core.rag - WARNING - 知识片段清洗后为空，已跳过。来源: 中华人民共和国民法典_20200528.docx
2026-05-05 15:08:31,343 - app.core.rag - WARNING - 知识片段清洗后为空，已跳过。来源: 中华人民共和国民法典_20200528.docx
2026-05-05 15:08:31,344 - app.core.rag - WARNING - 知识片段清洗后为空，已跳过。来源: 中华人民共和国民法典_20200528.docx
2026-05-05 15:08:31,344 - app.core.rag - WARNING - 知识片段清洗后为空，已跳过。来源: 中华人民共和国民法典_20200528.docx
2026-05-05 15:08:31,345 - app.core.rag - WARNING - 知识片段清洗后为空，已跳过。来源: 中华人民共和国民法典_20200528.docx
2026-05-05 15:08:31,346 - app.core.rag - WARNING - 知识片段清洗后为空，已跳过。来源: 中华人民共和国民法典_20200528.docx
2026-05-05 15:08:31,347 - app.core.rag - WARNING - 知识片段清洗后为空，已跳过。来源: 中华人民共和国民法典_20200528.docx
2026-05-05 15:08:31,348 - app.core.rag - WARNING - 知识片段清洗后为空，已跳过。来源: 中华人民共和国民法典_20200528.docx
2026-05-05 15:08:31,349 - app.core.rag - WARNING - 知识片段清洗后为空，已跳过。来源: 中华人民共和国民法典_20200528.docx
2026-05-05 15:08:31,349 - app.core.rag - WARNING - 知识片段清洗后为空，已跳过。来源: 中华人民共和国民法典_20200528.docx
2026-05-05 15:08:31,350 - app.core.rag - WARNING - 知识片段清洗后为空，已跳过。来源: 中华人民共和国民法典_20200528.docx
2026-05-05 15:08:31,351 - app.core.rag - WARNING - 知识片段清洗后为空，已跳过。来源: 中华人民共和国民法典_20200528.docx
2026-05-05 15:08:31,352 - app.core.rag - WARNING - 知识片段清洗后为空，已跳过。来源: 中华人民共和国民法典_20200528.docx
2026-05-05 15:08:31,353 - app.core.rag - WARNING - 知识片段清洗后为空，已跳过。来源: 中华人民共和国民法典_20200528.docx
2026-05-05 15:08:31,353 - app.core.rag - WARNING - 知识片段清洗后为空，已跳过。来源: 中华人民共和国民法典_20200528.docx
2026-05-05 15:08:31,354 - app.core.rag - WARNING - 知识片段清洗后为空，已跳过。来源: 中华人民共和国民法典_20200528.docx
2026-05-05 15:08:31,354 - app.core.rag - WARNING - 知识片段清洗后为空，已跳过。来源: 中华人民共和国民法典_20200528.docx
2026-05-05 15:08:31,356 - app.core.rag - WARNING - 知识片段清洗后为空，已跳过。来源: 中华人民共和国民法典_20200528.docx
2026-05-05 15:08:31,357 - app.core.rag - WARNING - 知识片段清洗后为空，已跳过。来源: 中华人民共和国民法典_20200528.docx
2026-05-05 15:08:31,359 - app.core.rag - WARNING - 知识片段清洗后为空，已跳过。来源: 中华人民共和国民法典_20200528.docx
2026-05-05 15:08:31,359 - app.core.rag - WARNING - 知识片段清洗后为空，已跳过。来源: 中华人民共和国民法典_20200528.docx
2026-05-05 15:08:31,360 - app.core.rag - WARNING - 知识片段清洗后为空，已跳过。来源: 中华人民共和国民法典_20200528.docx
2026-05-05 15:08:31,361 - app.core.rag - WARNING - 知识片段清洗后为空，已跳过。来源: 中华人民共和国民法典_20200528.docx
2026-05-05 15:08:31,361 - app.core.rag - WARNING - 知识片段清洗后为空，已跳过。来源: 中华人民共和国民法典_20200528.docx
2026-05-05 15:08:31,362 - app.core.rag - WARNING - 知识片段清洗后为空，已跳过。来源: 中华人民共和国民法典_20200528.docx
2026-05-05 15:08:31,363 - app.core.rag - WARNING - 知识片段清洗后为空，已跳过。来源: 中华人民共和国民法典_20200528.docx
2026-05-05 15:08:31,363 - app.core.rag - WARNING - 知识片段清洗后为空，已跳过。来源: 中华人民共和国民法典_20200528.docx
2026-05-05 15:08:31,364 - app.core.rag - WARNING - 知识片段清洗后为空，已跳过。来源: 中华人民共和国民法典_20200528.docx
2026-05-05 15:08:31,366 - app.core.rag - WARNING - 知识片段清洗后为空，已跳过。来源: 中华人民共和国民法典_20200528.docx
2026-05-05 15:08:31,366 - app.core.rag - WARNING - 知识片段清洗后为空，已跳过。来源: 中华人民共和国民法典_20200528.docx
2026-05-05 15:08:31,367 - app.core.rag - WARNING - 知识片段清洗后为空，已跳过。来源: 中华人民共和国民法典_20200528.docx
2026-05-05 15:08:31,368 - app.core.rag - WARNING - 知识片段清洗后为空，已跳过。来源: 中华人民共和国民法典_20200528.docx
2026-05-05 15:08:31,369 - app.core.rag - WARNING - 知识片段清洗后为空，已跳过。来源: 中华人民共和国民法典_20200528.docx
2026-05-05 15:08:31,370 - app.core.rag - WARNING - 知识片段清洗后为空，已跳过。来源: 中华人民共和国民法典_20200528.docx
2026-05-05 15:08:31,370 - app.core.rag - WARNING - 知识片段清洗后为空，已跳过。来源: 中华人民共和国民法典_20200528.docx
2026-05-05 15:08:31,371 - app.core.rag - WARNING - 知识片段清洗后为空，已跳过。来源: 中华人民共和国民法典_20200528.docx
2026-05-05 15:08:31,372 - app.core.rag - WARNING - 知识片段清洗后为空，已跳过。来源: 中华人民共和国民法典_20200528.docx
2026-05-05 15:08:31,373 - app.core.rag - WARNING - 知识片段清洗后为空，已跳过。来源: 中华人民共和国民法典_20200528.docx
2026-05-05 15:08:31,374 - app.core.rag - WARNING - 知识片段清洗后为空，已跳过。来源: 中华人民共和国民法典_20200528.docx
2026-05-05 15:08:31,375 - app.core.rag - WARNING - 知识片段清洗后为空，已跳过。来源: 中华人民共和国民法典_20200528.docx
2026-05-05 15:08:31,376 - app.core.rag - WARNING - 知识片段清洗后为空，已跳过。来源: 中华人民共和国民法典_20200528.docx
2026-05-05 15:08:31,376 - app.core.rag - WARNING - 知识片段清洗后为空，已跳过。来源: 中华人民共和国民法典_20200528.docx
2026-05-05 15:08:31,377 - app.core.rag - WARNING - 知识片段清洗后为空，已跳过。来源: 中华人民共和国民法典_20200528.docx
2026-05-05 15:08:31,378 - app.core.rag - WARNING - 知识片段清洗后为空，已跳过。来源: 中华人民共和国民法典_20200528.docx
2026-05-05 15:08:31,379 - app.core.rag - WARNING - 知识片段清洗后为空，已跳过。来源: 中华人民共和国民法典_20200528.docx
2026-05-05 15:08:31,380 - app.core.rag - WARNING - 知识片段清洗后为空，已跳过。来源: 中华人民共和国民法典_20200528.docx
2026-05-05 15:08:31,381 - app.core.rag - WARNING - 知识片段清洗后为空，已跳过。来源: 中华人民共和国民法典_20200528.docx
2026-05-05 15:08:31,381 - app.core.rag - WARNING - 知识片段清洗后为空，已跳过。来源: 中华人民共和国民法典_20200528.docx
2026-05-05 15:08:31,382 - app.core.rag - WARNING - 知识片段清洗后为空，已跳过。来源: 中华人民共和国民法典_20200528.docx
2026-05-05 15:08:31,383 - app.core.rag - WARNING - 知识片段清洗后为空，已跳过。来源: 中华人民共和国民法典_20200528.docx
2026-05-05 15:08:31,383 - app.core.rag - WARNING - 知识片段清洗后为空，已跳过。来源: 中华人民共和国民法典_20200528.docx
2026-05-05 15:08:31,384 - app.core.rag - WARNING - 知识片段清洗后为空，已跳过。来源: 中华人民共和国民法典_20200528.docx
2026-05-05 15:08:31,386 - app.core.rag - WARNING - 知识片段清洗后为空，已跳过。来源: 中华人民共和国民法典_20200528.docx
2026-05-05 15:08:31,386 - app.core.rag - WARNING - 知识片段清洗后为空，已跳过。来源: 中华人民共和国民法典_20200528.docx
2026-05-05 15:08:31,387 - app.core.rag - WARNING - 知识片段清洗后为空，已跳过。来源: 中华人民共和国民法典_20200528.docx
2026-05-05 15:08:31,388 - app.core.rag - WARNING - 知识片段清洗后为空，已跳过。来源: 中华人民共和国民法典_20200528.docx
2026-05-05 15:08:31,389 - app.core.rag - WARNING - 知识片段清洗后为空，已跳过。来源: 中华人民共和国民法典_20200528.docx
2026-05-05 15:08:31,390 - app.core.rag - WARNING - 知识片段清洗后为空，已跳过。来源: 中华人民共和国民法典_20200528.docx
2026-05-05 15:08:31,390 - app.core.rag - WARNING - 知识片段清洗后为空，已跳过。来源: 中华人民共和国民法典_20200528.docx
2026-05-05 15:08:31,391 - app.core.rag - WARNING - 知识片段清洗后为空，已跳过。来源: 中华人民共和国民法典_20200528.docx
2026-05-05 15:08:31,392 - app.core.rag - WARNING - 知识片段清洗后为空，已跳过。来源: 中华人民共和国民法典_20200528.docx
2026-05-05 15:08:31,393 - app.core.rag - WARNING - 知识片段清洗后为空，已跳过。来源: 中华人民共和国民法典_20200528.docx
2026-05-05 15:08:31,394 - app.core.rag - WARNING - 知识片段清洗后为空，已跳过。来源: 中华人民共和国民法典_20200528.docx
2026-05-05 15:08:31,395 - app.core.rag - WARNING - 知识片段清洗后为空，已跳过。来源: 中华人民共和国民法典_20200528.docx
2026-05-05 15:08:31,395 - app.core.rag - WARNING - 知识片段清洗后为空，已跳过。来源: 中华人民共和国民法典_20200528.docx
2026-05-05 15:08:31,396 - app.core.rag - WARNING - 知识片段清洗后为空，已跳过。来源: 中华人民共和国民法典_20200528.docx
2026-05-05 15:08:31,397 - app.core.rag - WARNING - 知识片段清洗后为空，已跳过。来源: 中华人民共和国民法典_20200528.docx
2026-05-05 15:08:31,398 - app.core.rag - WARNING - 知识片段清洗后为空，已跳过。来源: 中华人民共和国民法典_20200528.docx
2026-05-05 15:08:31,399 - app.core.rag - WARNING - 知识片段清洗后为空，已跳过。来源: 中华人民共和国民法典_20200528.docx
2026-05-05 15:08:31,400 - app.core.rag - WARNING - 知识片段清洗后为空，已跳过。来源: 中华人民共和国民法典_20200528.docx
2026-05-05 15:08:31,400 - app.core.rag - WARNING - 知识片段清洗后为空，已跳过。来源: 中华人民共和国民法典_20200528.docx
2026-05-05 15:08:31,402 - app.core.rag - WARNING - 知识片段清洗后为空，已跳过。来源: 中华人民共和国民法典_20200528.docx
2026-05-05 15:08:31,402 - app.core.rag - WARNING - 知识片段清洗后为空，已跳过。来源: 中华人民共和国民法典_20200528.docx
2026-05-05 15:08:31,403 - app.core.rag - WARNING - 知识片段清洗后为空，已跳过。来源: 中华人民共和国民法典_20200528.docx
2026-05-05 15:08:31,404 - app.core.rag - WARNING - 知识片段清洗后为空，已跳过。来源: 中华人民共和国民法典_20200528.docx
2026-05-05 15:08:31,404 - app.core.rag - WARNING - 知识片段清洗后为空，已跳过。来源: 中华人民共和国民法典_20200528.docx
2026-05-05 15:08:31,406 - app.core.rag - WARNING - 知识片段清洗后为空，已跳过。来源: 中华人民共和国民法典_20200528.docx
2026-05-05 15:08:31,407 - app.core.rag - WARNING - 知识片段清洗后为空，已跳过。来源: 中华人民共和国民法典_20200528.docx
2026-05-05 15:08:31,407 - app.core.rag - WARNING - 知识片段清洗后为空，已跳过。来源: 中华人民共和国民法典_20200528.docx
2026-05-05 15:08:31,408 - app.core.rag - WARNING - 知识片段清洗后为空，已跳过。来源: 中华人民共和国民法典_20200528.docx
2026-05-05 15:08:31,409 - app.core.rag - WARNING - 知识片段清洗后为空，已跳过。来源: 中华人民共和国民法典_20200528.docx
2026-05-05 15:08:31,410 - app.core.rag - WARNING - 知识片段清洗后为空，已跳过。来源: 中华人民共和国民法典_20200528.docx
2026-05-05 15:08:31,410 - app.core.rag - WARNING - 知识片段清洗后为空，已跳过。来源: 中华人民共和国民法典_20200528.docx
2026-05-05 15:08:31,411 - app.core.rag - WARNING - 知识片段清洗后为空，已跳过。来源: 中华人民共和国民法典_20200528.docx
2026-05-05 15:08:31,412 - app.core.rag - WARNING - 知识片段清洗后为空，已跳过。来源: 中华人民共和国民法典_20200528.docx
2026-05-05 15:08:31,413 - app.core.rag - WARNING - 知识片段清洗后为空，已跳过。来源: 中华人民共和国民法典_20200528.docx
2026-05-05 15:08:31,413 - app.core.rag - WARNING - 知识片段清洗后为空，已跳过。来源: 中华人民共和国民法典_20200528.docx
2026-05-05 15:08:31,414 - app.core.rag - WARNING - 知识片段清洗后为空，已跳过。来源: 中华全国律师协会律师执业行为规范（2024 修订）.docx
2026-05-05 15:08:31,415 - app.core.rag - WARNING - 知识片段清洗后为空，已跳过。来源: 中华全国律师协会律师执业行为规范（2024 修订）.docx
2026-05-05 15:08:31,416 - app.core.rag - WARNING - 知识片段清洗后为空，已跳过。来源: 中华全国律师协会律师执业行为规范（2024 修订）.docx
2026-05-05 15:08:31,417 - app.core.rag - WARNING - 知识片段清洗后为空，已跳过。来源: 中华全国律师协会律师执业行为规范（2024 修订）.docx
2026-05-05 15:08:31,418 - app.core.rag - WARNING - 知识片段清洗后为空，已跳过。来源: 中华全国律师协会律师执业行为规范（2024 修订）.docx
2026-05-05 15:08:31,419 - app.core.rag - WARNING - 知识片段清洗后为空，已跳过。来源: 中华全国律师协会律师执业行为规范（2024 修订）.docx
2026-05-05 15:08:31,419 - app.core.rag - WARNING - 知识片段清洗后为空，已跳过。来源: 中华全国律师协会律师执业行为规范（2024 修订）.docx
2026-05-05 15:08:31,420 - app.core.rag - WARNING - 知识片段清洗后为空，已跳过。来源: 中华全国律师协会律师执业行为规范（2024 修订）.docx
2026-05-05 15:08:31,421 - app.core.rag - WARNING - 知识片段清洗后为空，已跳过。来源: 乳腺癌.docx
2026-05-05 15:08:31,422 - app.core.rag - WARNING - 知识片段清洗后为空，已跳过。来源: 乳腺癌.docx
2026-05-05 15:08:31,423 - app.core.rag - WARNING - 知识片段清洗后为空，已跳过。来源: 乳腺癌.docx
2026-05-05 15:08:31,424 - app.core.rag - WARNING - 知识片段清洗后为空，已跳过。来源: 乳腺癌.docx
2026-05-05 15:08:31,425 - app.core.rag - WARNING - 知识片段清洗后为空，已跳过。来源: 哮喘.docx
2026-05-05 15:08:31,426 - app.core.rag - WARNING - 知识片段清洗后为空，已跳过。来源: 哮喘.docx
2026-05-05 15:08:31,427 - app.core.rag - WARNING - 知识片段清洗后为空，已跳过。来源: 哮喘.docx
2026-05-05 15:08:31,428 - app.core.rag - WARNING - 知识片段清洗后为空，已跳过。来源: 商业银行理财管理办法2024.docx
2026-05-05 15:08:31,429 - app.core.rag - WARNING - 知识片段清洗后为空，已跳过。来源: 商业银行理财管理办法2024.docx
2026-05-05 15:08:31,430 - app.core.rag - WARNING - 知识片段清洗后为空，已跳过。来源: 国家基层高血压防治管理手册2025版.pdf
2026-05-05 15:08:31,430 - app.core.rag - WARNING - 知识片段清洗后为空，已跳过。来源: 国家基层高血压防治管理手册2025版.pdf
2026-05-05 15:08:31,431 - app.core.rag - WARNING - 知识片段清洗后为空，已跳过。来源: 国家基层高血压防治管理手册2025版.pdf
2026-05-05 15:08:31,433 - app.core.rag - WARNING - 知识片段清洗后为空，已跳过。来源: 国家基层高血压防治管理手册2025版.pdf
2026-05-05 15:08:31,433 - app.core.rag - WARNING - 知识片段清洗后为空，已跳过。来源: 国家基层高血压防治管理手册2025版.pdf
2026-05-05 15:08:31,434 - app.core.rag - WARNING - 知识片段清洗后为空，已跳过。来源: 国家基层高血压防治管理手册2025版.pdf
2026-05-05 15:08:31,434 - app.core.rag - WARNING - 知识片段清洗后为空，已跳过。来源: 国家基层高血压防治管理手册2025版.pdf
2026-05-05 15:08:31,436 - app.core.rag - WARNING - 知识片段清洗后为空，已跳过。来源: 国家基层高血压防治管理手册2025版.pdf
2026-05-05 15:08:31,437 - app.core.rag - WARNING - 知识片段清洗后为空，已跳过。来源: 国家基层高血压防治管理手册2025版.pdf
2026-05-05 15:08:31,438 - app.core.rag - WARNING - 知识片段清洗后为空，已跳过。来源: 国家基层高血压防治管理手册2025版.pdf
2026-05-05 15:08:31,438 - app.core.rag - WARNING - 知识片段清洗后为空，已跳过。来源: 国家基层高血压防治管理手册2025版.pdf
2026-05-05 15:08:31,439 - app.core.rag - WARNING - 知识片段清洗后为空，已跳过。来源: 国家基层高血压防治管理手册2025版.pdf
2026-05-05 15:08:31,440 - app.core.rag - WARNING - 知识片段清洗后为空，已跳过。来源: 国家基层高血压防治管理手册2025版.pdf
2026-05-05 15:08:31,441 - app.core.rag - WARNING - 知识片段清洗后为空，已跳过。来源: 国家基层高血压防治管理手册2025版.pdf
2026-05-05 15:08:31,442 - app.core.rag - WARNING - 知识片段清洗后为空，已跳过。来源: 国家基层高血压防治管理手册2025版.pdf
2026-05-05 15:08:31,443 - app.core.rag - WARNING - 知识片段清洗后为空，已跳过。来源: 国家基层高血压防治管理手册2025版.pdf
2026-05-05 15:08:31,444 - app.core.rag - WARNING - 知识片段清洗后为空，已跳过。来源: 国家基层高血压防治管理手册2025版.pdf
2026-05-05 15:08:31,445 - app.core.rag - WARNING - 知识片段清洗后为空，已跳过。来源: 国家基层高血压防治管理手册2025版.pdf
2026-05-05 15:08:31,446 - app.core.rag - WARNING - 知识片段清洗后为空，已跳过。来源: 国家基层高血压防治管理手册2025版.pdf
2026-05-05 15:08:31,446 - app.core.rag - WARNING - 知识片段清洗后为空，已跳过。来源: 国家基层高血压防治管理手册2025版.pdf
2026-05-05 15:08:31,447 - app.core.rag - WARNING - 知识片段清洗后为空，已跳过。来源: 国家基层高血压防治管理手册2025版.pdf
2026-05-05 15:08:31,448 - app.core.rag - WARNING - 知识片段清洗后为空，已跳过。来源: 国家基层高血压防治管理手册2025版.pdf
2026-05-05 15:08:31,449 - app.core.rag - WARNING - 知识片段清洗后为空，已跳过。来源: 国家基层高血压防治管理手册2025版.pdf
2026-05-05 15:08:31,450 - app.core.rag - WARNING - 知识片段清洗后为空，已跳过。来源: 国家基层高血压防治管理手册2025版.pdf
2026-05-05 15:08:31,451 - app.core.rag - WARNING - 知识片段清洗后为空，已跳过。来源: 国家基层高血压防治管理手册2025版.pdf
2026-05-05 15:08:31,451 - app.core.rag - WARNING - 知识片段清洗后为空，已跳过。来源: 国家基层高血压防治管理手册2025版.pdf
2026-05-05 15:08:31,453 - app.core.rag - WARNING - 知识片段清洗后为空，已跳过。来源: 国家基层高血压防治管理手册2025版.pdf
2026-05-05 15:08:31,454 - app.core.rag - WARNING - 知识片段清洗后为空，已跳过。来源: 国家基层高血压防治管理手册2025版.pdf
2026-05-05 15:08:31,454 - app.core.rag - WARNING - 知识片段清洗后为空，已跳过。来源: 国家基层高血压防治管理手册2025版.pdf
2026-05-05 15:08:31,455 - app.core.rag - WARNING - 知识片段清洗后为空，已跳过。来源: 国家基层高血压防治管理手册2025版.pdf
2026-05-05 15:08:31,456 - app.core.rag - WARNING - 知识片段清洗后为空，已跳过。来源: 国家基层高血压防治管理手册2025版.pdf
2026-05-05 15:08:31,456 - app.core.rag - WARNING - 知识片段清洗后为空，已跳过。来源: 国家基层高血压防治管理手册2025版.pdf
2026-05-05 15:08:31,457 - app.core.rag - WARNING - 知识片段清洗后为空，已跳过。来源: 国家基层高血压防治管理手册2025版.pdf
2026-05-05 15:08:31,458 - app.core.rag - WARNING - 知识片段清洗后为空，已跳过。来源: 国家基层高血压防治管理手册2025版.pdf
2026-05-05 15:08:31,459 - app.core.rag - WARNING - 知识片段清洗后为空，已跳过。来源: 国家基层高血压防治管理手册2025版.pdf
2026-05-05 15:08:31,460 - app.core.rag - WARNING - 知识片段清洗后为空，已跳过。来源: 国家基层高血压防治管理手册2025版.pdf
2026-05-05 15:08:31,460 - app.core.rag - WARNING - 知识片段清洗后为空，已跳过。来源: 天体物理学.docx
2026-05-05 15:08:31,461 - app.core.rag - WARNING - 知识片段清洗后为空，已跳过。来源: 天体物理学.docx
2026-05-05 15:08:31,462 - app.core.rag - WARNING - 知识片段清洗后为空，已跳过。来源: 天体物理学.docx
2026-05-05 15:08:31,463 - app.core.rag - WARNING - 知识片段清洗后为空，已跳过。来源: 天体物理学.docx
2026-05-05 15:08:31,464 - app.core.rag - WARNING - 知识片段清洗后为空，已跳过。来源: 天体物理学.docx
2026-05-05 15:08:31,464 - app.core.rag - WARNING - 知识片段清洗后为空，已跳过。来源: 天体物理学.docx
2026-05-05 15:08:31,466 - app.core.rag - WARNING - 知识片段清洗后为空，已跳过。来源: 天体物理学.docx
2026-05-05 15:08:31,467 - app.core.rag - WARNING - 知识片段清洗后为空，已跳过。来源: 天体物理学.docx
2026-05-05 15:08:31,468 - app.core.rag - WARNING - 知识片段清洗后为空，已跳过。来源: 天体物理学.docx
2026-05-05 15:08:31,469 - app.core.rag - WARNING - 知识片段清洗后为空，已跳过。来源: 天体物理学.docx
2026-05-05 15:08:31,469 - app.core.rag - WARNING - 知识片段清洗后为空，已跳过。来源: 天体物理学.docx
2026-05-05 15:08:31,470 - app.core.rag - WARNING - 知识片段清洗后为空，已跳过。来源: 天体物理学.docx
2026-05-05 15:08:31,471 - app.core.rag - WARNING - 知识片段清洗后为空，已跳过。来源: 天体物理学.docx
2026-05-05 15:08:31,472 - app.core.rag - WARNING - 知识片段清洗后为空，已跳过。来源: 天体物理学.docx
2026-05-05 15:08:31,472 - app.core.rag - WARNING - 知识片段清洗后为空，已跳过。来源: 天体物理学.docx
2026-05-05 15:08:31,473 - app.core.rag - WARNING - 知识片段清洗后为空，已跳过。来源: 天体物理学.docx
2026-05-05 15:08:31,473 - app.core.rag - WARNING - 知识片段清洗后为空，已跳过。来源: 天体物理学.docx
2026-05-05 15:08:31,475 - app.core.rag - WARNING - 知识片段清洗后为空，已跳过。来源: 天体物理学.docx
2026-05-05 15:08:31,475 - app.core.rag - WARNING - 知识片段清洗后为空，已跳过。来源: 天体物理学.docx
2026-05-05 15:08:31,476 - app.core.rag - WARNING - 知识片段清洗后为空，已跳过。来源: 天体物理学.docx
2026-05-05 15:08:31,477 - app.core.rag - WARNING - 知识片段清洗后为空，已跳过。来源: 天体物理学.docx
2026-05-05 15:08:31,478 - app.core.rag - WARNING - 知识片段清洗后为空，已跳过。来源: 天体物理学.docx
2026-05-05 15:08:31,479 - app.core.rag - WARNING - 知识片段清洗后为空，已跳过。来源: 天体物理学.docx
2026-05-05 15:08:31,480 - app.core.rag - WARNING - 知识片段清洗后为空，已跳过。来源: 天体物理学.docx
2026-05-05 15:08:31,481 - app.core.rag - WARNING - 知识片段清洗后为空，已跳过。来源: 天体物理学.docx
2026-05-05 15:08:31,483 - app.core.rag - WARNING - 知识片段清洗后为空，已跳过。来源: 天体物理学.docx
2026-05-05 15:08:31,483 - app.core.rag - WARNING - 知识片段清洗后为空，已跳过。来源: 天体物理学.docx
2026-05-05 15:08:31,484 - app.core.rag - WARNING - 知识片段清洗后为空，已跳过。来源: 天体物理学.docx
2026-05-05 15:08:31,485 - app.core.rag - WARNING - 知识片段清洗后为空，已跳过。来源: 天体物理学.docx
2026-05-05 15:08:31,486 - app.core.rag - WARNING - 知识片段清洗后为空，已跳过。来源: 天体物理学.docx
2026-05-05 15:08:31,486 - app.core.rag - WARNING - 知识片段清洗后为空，已跳过。来源: 天体物理学.docx
2026-05-05 15:08:31,487 - app.core.rag - WARNING - 知识片段清洗后为空，已跳过。来源: 天体物理学.docx
2026-05-05 15:08:31,488 - app.core.rag - WARNING - 知识片段清洗后为空，已跳过。来源: 天体物理学.docx
2026-05-05 15:08:31,489 - app.core.rag - WARNING - 知识片段清洗后为空，已跳过。来源: 天体物理学.docx
2026-05-05 15:08:31,490 - app.core.rag - WARNING - 知识片段清洗后为空，已跳过。来源: 天体物理学.docx
2026-05-05 15:08:31,491 - app.core.rag - WARNING - 知识片段清洗后为空，已跳过。来源: 天体物理学.docx
2026-05-05 15:08:31,492 - app.core.rag - WARNING - 知识片段清洗后为空，已跳过。来源: 天体物理学.docx
2026-05-05 15:08:31,492 - app.core.rag - WARNING - 知识片段清洗后为空，已跳过。来源: 天体物理学.docx
2026-05-05 15:08:31,493 - app.core.rag - WARNING - 知识片段清洗后为空，已跳过。来源: 天体物理学.docx
2026-05-05 15:08:31,494 - app.core.rag - WARNING - 知识片段清洗后为空，已跳过。来源: 天体物理学.docx
2026-05-05 15:08:31,496 - app.core.rag - WARNING - 知识片段清洗后为空，已跳过。来源: 天体物理学.docx
2026-05-05 15:08:31,497 - app.core.rag - WARNING - 知识片段清洗后为空，已跳过。来源: 天体物理学.docx
2026-05-05 15:08:31,497 - app.core.rag - WARNING - 知识片段清洗后为空，已跳过。来源: 天体物理学.docx
2026-05-05 15:08:31,498 - app.core.rag - WARNING - 知识片段清洗后为空，已跳过。来源: 天体物理学.docx
2026-05-05 15:08:31,499 - app.core.rag - WARNING - 知识片段清洗后为空，已跳过。来源: 天体物理学.docx
2026-05-05 15:08:31,500 - app.core.rag - WARNING - 知识片段清洗后为空，已跳过。来源: 天体物理学.docx
2026-05-05 15:08:31,501 - app.core.rag - WARNING - 知识片段清洗后为空，已跳过。来源: 天体物理学.docx
2026-05-05 15:08:31,502 - app.core.rag - WARNING - 知识片段清洗后为空，已跳过。来源: 天体物理学.docx
2026-05-05 15:08:31,502 - app.core.rag - WARNING - 知识片段清洗后为空，已跳过。来源: 天体物理学.docx
2026-05-05 15:08:31,503 - app.core.rag - WARNING - 知识片段清洗后为空，已跳过。来源: 天体物理学.docx
2026-05-05 15:08:31,504 - app.core.rag - WARNING - 知识片段清洗后为空，已跳过。来源: 天体物理学.docx
2026-05-05 15:08:31,504 - app.core.rag - WARNING - 知识片段清洗后为空，已跳过。来源: 天体物理学.docx
2026-05-05 15:08:31,506 - app.core.rag - WARNING - 知识片段清洗后为空，已跳过。来源: 天体物理学.docx
2026-05-05 15:08:31,507 - app.core.rag - WARNING - 知识片段清洗后为空，已跳过。来源: 天体物理学.docx
2026-05-05 15:08:31,508 - app.core.rag - WARNING - 知识片段清洗后为空，已跳过。来源: 天体物理学.docx
2026-05-05 15:08:31,509 - app.core.rag - WARNING - 知识片段清洗后为空，已跳过。来源: 天体物理学.docx
2026-05-05 15:08:31,510 - app.core.rag - WARNING - 知识片段清洗后为空，已跳过。来源: 天体物理学.docx
2026-05-05 15:08:31,511 - app.core.rag - WARNING - 知识片段清洗后为空，已跳过。来源: 天体物理学.docx
2026-05-05 15:08:31,512 - app.core.rag - WARNING - 知识片段清洗后为空，已跳过。来源: 天体物理学.docx
2026-05-05 15:08:31,513 - app.core.rag - WARNING - 知识片段清洗后为空，已跳过。来源: 天体物理学.docx
2026-05-05 15:08:31,514 - app.core.rag - WARNING - 知识片段清洗后为空，已跳过。来源: 天体物理学.docx
2026-05-05 15:08:31,515 - app.core.rag - WARNING - 知识片段清洗后为空，已跳过。来源: 天体物理学.docx
2026-05-05 15:08:31,516 - app.core.rag - WARNING - 知识片段清洗后为空，已跳过。来源: 天体物理学.docx
2026-05-05 15:08:31,517 - app.core.rag - WARNING - 知识片段清洗后为空，已跳过。来源: 天体物理学.docx
2026-05-05 15:08:31,518 - app.core.rag - WARNING - 知识片段清洗后为空，已跳过。来源: 天体物理学.docx
2026-05-05 15:08:31,519 - app.core.rag - WARNING - 知识片段清洗后为空，已跳过。来源: 天体物理学.docx
2026-05-05 15:08:31,520 - app.core.rag - WARNING - 知识片段清洗后为空，已跳过。来源: 天体物理学.docx
2026-05-05 15:08:31,521 - app.core.rag - WARNING - 知识片段清洗后为空，已跳过。来源: 天体物理学.docx
2026-05-05 15:08:31,521 - app.core.rag - WARNING - 知识片段清洗后为空，已跳过。来源: 天体物理学.docx
2026-05-05 15:08:31,522 - app.core.rag - WARNING - 知识片段清洗后为空，已跳过。来源: 天体物理学.docx
2026-05-05 15:08:31,523 - app.core.rag - WARNING - 知识片段清洗后为空，已跳过。来源: 天体物理学.docx
2026-05-05 15:08:31,524 - app.core.rag - WARNING - 知识片段清洗后为空，已跳过。来源: 天体物理学.docx
2026-05-05 15:08:31,524 - app.core.rag - WARNING - 知识片段清洗后为空，已跳过。来源: 天体物理学.docx
2026-05-05 15:08:31,526 - app.core.rag - WARNING - 知识片段清洗后为空，已跳过。来源: 天体物理学.docx
2026-05-05 15:08:31,527 - app.core.rag - WARNING - 知识片段清洗后为空，已跳过。来源: 天体物理学.docx
2026-05-05 15:08:31,528 - app.core.rag - WARNING - 知识片段清洗后为空，已跳过。来源: 天体物理学.docx
2026-05-05 15:08:31,529 - app.core.rag - WARNING - 知识片段清洗后为空，已跳过。来源: 天体物理学.docx
2026-05-05 15:08:31,530 - app.core.rag - WARNING - 知识片段清洗后为空，已跳过。来源: 天体物理学.docx
2026-05-05 15:08:31,531 - app.core.rag - WARNING - 知识片段清洗后为空，已跳过。来源: 天体物理学.docx
2026-05-05 15:08:31,531 - app.core.rag - WARNING - 知识片段清洗后为空，已跳过。来源: 天体物理学.docx
2026-05-05 15:08:31,532 - app.core.rag - WARNING - 知识片段清洗后为空，已跳过。来源: 天体物理学.docx
2026-05-05 15:08:31,533 - app.core.rag - WARNING - 知识片段清洗后为空，已跳过。来源: 天体物理学.docx
2026-05-05 15:08:31,534 - app.core.rag - WARNING - 知识片段清洗后为空，已跳过。来源: 天体物理学.docx
2026-05-05 15:08:31,535 - app.core.rag - WARNING - 知识片段清洗后为空，已跳过。来源: 天体物理学.docx
2026-05-05 15:08:31,535 - app.core.rag - WARNING - 知识片段清洗后为空，已跳过。来源: 天体物理学.docx
2026-05-05 15:08:31,537 - app.core.rag - WARNING - 知识片段清洗后为空，已跳过。来源: 天体物理学.docx
2026-05-05 15:08:31,537 - app.core.rag - WARNING - 知识片段清洗后为空，已跳过。来源: 天体物理学.docx
2026-05-05 15:08:31,538 - app.core.rag - WARNING - 知识片段清洗后为空，已跳过。来源: 天体物理学.docx
2026-05-05 15:08:31,539 - app.core.rag - WARNING - 知识片段清洗后为空，已跳过。来源: 天体物理学.docx
2026-05-05 15:08:31,540 - app.core.rag - WARNING - 知识片段清洗后为空，已跳过。来源: 天体物理学.docx
2026-05-05 15:08:31,541 - app.core.rag - WARNING - 知识片段清洗后为空，已跳过。来源: 天体物理学.docx
2026-05-05 15:08:31,542 - app.core.rag - WARNING - 知识片段清洗后为空，已跳过。来源: 天体物理学.docx
2026-05-05 15:08:31,542 - app.core.rag - WARNING - 知识片段清洗后为空，已跳过。来源: 天体物理学.docx
2026-05-05 15:08:31,543 - app.core.rag - WARNING - 知识片段清洗后为空，已跳过。来源: 天体物理学.docx
2026-05-05 15:08:31,545 - app.core.rag - WARNING - 知识片段清洗后为空，已跳过。来源: 天体物理学.docx
2026-05-05 15:08:31,546 - app.core.rag - WARNING - 知识片段清洗后为空，已跳过。来源: 天体物理学.docx
2026-05-05 15:08:31,546 - app.core.rag - WARNING - 知识片段清洗后为空，已跳过。来源: 天体物理学.docx
2026-05-05 15:08:31,547 - app.core.rag - WARNING - 知识片段清洗后为空，已跳过。来源: 天体物理学.docx
2026-05-05 15:08:31,548 - app.core.rag - WARNING - 知识片段清洗后为空，已跳过。来源: 天体物理学.docx
2026-05-05 15:08:31,549 - app.core.rag - WARNING - 知识片段清洗后为空，已跳过。来源: 天体物理学.docx
2026-05-05 15:08:31,550 - app.core.rag - WARNING - 知识片段清洗后为空，已跳过。来源: 天体物理学.docx
2026-05-05 15:08:31,551 - app.core.rag - WARNING - 知识片段清洗后为空，已跳过。来源: 天体物理学.docx
2026-05-05 15:08:31,552 - app.core.rag - WARNING - 知识片段清洗后为空，已跳过。来源: 天体物理学.docx
2026-05-05 15:08:31,553 - app.core.rag - WARNING - 知识片段清洗后为空，已跳过。来源: 天体物理学.docx
2026-05-05 15:08:31,554 - app.core.rag - WARNING - 知识片段清洗后为空，已跳过。来源: 天体物理学.docx
2026-05-05 15:08:31,555 - app.core.rag - WARNING - 知识片段清洗后为空，已跳过。来源: 天体物理学.docx
2026-05-05 15:08:31,556 - app.core.rag - WARNING - 知识片段清洗后为空，已跳过。来源: 天体物理学.docx
2026-05-05 15:08:31,557 - app.core.rag - WARNING - 知识片段清洗后为空，已跳过。来源: 天体物理学.docx
2026-05-05 15:08:31,558 - app.core.rag - WARNING - 知识片段清洗后为空，已跳过。来源: 天体物理学.docx
2026-05-05 15:08:31,559 - app.core.rag - WARNING - 知识片段清洗后为空，已跳过。来源: 天体物理学.docx
2026-05-05 15:08:31,560 - app.core.rag - WARNING - 知识片段清洗后为空，已跳过。来源: 天体物理学.docx
2026-05-05 15:08:31,561 - app.core.rag - WARNING - 知识片段清洗后为空，已跳过。来源: 天体物理学.docx
2026-05-05 15:08:31,562 - app.core.rag - WARNING - 知识片段清洗后为空，已跳过。来源: 天体物理学.docx
2026-05-05 15:08:31,563 - app.core.rag - WARNING - 知识片段清洗后为空，已跳过。来源: 天体物理学.docx
2026-05-05 15:08:31,565 - app.core.rag - WARNING - 知识片段清洗后为空，已跳过。来源: 天体物理学.docx
2026-05-05 15:08:31,565 - app.core.rag - WARNING - 知识片段清洗后为空，已跳过。来源: 天体物理学.docx
2026-05-05 15:08:31,566 - app.core.rag - WARNING - 知识片段清洗后为空，已跳过。来源: 天体物理学.docx
2026-05-05 15:08:31,567 - app.core.rag - WARNING - 知识片段清洗后为空，已跳过。来源: 天体物理学.docx
2026-05-05 15:08:31,568 - app.core.rag - WARNING - 知识片段清洗后为空，已跳过。来源: 天体物理学.docx
2026-05-05 15:08:31,568 - app.core.rag - WARNING - 知识片段清洗后为空，已跳过。来源: 天体物理学.docx
2026-05-05 15:08:31,569 - app.core.rag - WARNING - 知识片段清洗后为空，已跳过。来源: 天体物理学.docx
2026-05-05 15:08:31,570 - app.core.rag - WARNING - 知识片段清洗后为空，已跳过。来源: 天体物理学.docx
2026-05-05 15:08:31,571 - app.core.rag - WARNING - 知识片段清洗后为空，已跳过。来源: 天体物理学.docx
2026-05-05 15:08:31,572 - app.core.rag - WARNING - 知识片段清洗后为空，已跳过。来源: 天体物理学.docx
2026-05-05 15:08:31,573 - app.core.rag - WARNING - 知识片段清洗后为空，已跳过。来源: 天体物理学.docx
2026-05-05 15:08:31,574 - app.core.rag - WARNING - 知识片段清洗后为空，已跳过。来源: 天体物理学.docx
2026-05-05 15:08:31,576 - app.core.rag - WARNING - 知识片段清洗后为空，已跳过。来源: 天体物理学.docx
2026-05-05 15:08:31,576 - app.core.rag - WARNING - 知识片段清洗后为空，已跳过。来源: 天体物理学.docx
2026-05-05 15:08:31,577 - app.core.rag - WARNING - 知识片段清洗后为空，已跳过。来源: 天体物理学.docx
2026-05-05 15:08:31,578 - app.core.rag - WARNING - 知识片段清洗后为空，已跳过。来源: 天体物理学.docx
2026-05-05 15:08:31,579 - app.core.rag - WARNING - 知识片段清洗后为空，已跳过。来源: 天体物理学.docx
2026-05-05 15:08:31,580 - app.core.rag - WARNING - 知识片段清洗后为空，已跳过。来源: 天体物理学.docx
2026-05-05 15:08:31,580 - app.core.rag - WARNING - 知识片段清洗后为空，已跳过。来源: 天体物理学.docx
2026-05-05 15:08:31,582 - app.core.rag - WARNING - 知识片段清洗后为空，已跳过。来源: 天体物理学.docx
2026-05-05 15:08:31,583 - app.core.rag - WARNING - 知识片段清洗后为空，已跳过。来源: 天体物理学.docx
2026-05-05 15:08:31,583 - app.core.rag - WARNING - 知识片段清洗后为空，已跳过。来源: 天体物理学.docx
2026-05-05 15:08:31,584 - app.core.rag - WARNING - 知识片段清洗后为空，已跳过。来源: 天体物理学.docx
2026-05-05 15:08:31,585 - app.core.rag - WARNING - 知识片段清洗后为空，已跳过。来源: 天体物理学.docx
2026-05-05 15:08:31,585 - app.core.rag - WARNING - 知识片段清洗后为空，已跳过。来源: 天体物理学.docx
2026-05-05 15:08:31,586 - app.core.rag - WARNING - 知识片段清洗后为空，已跳过。来源: 天体物理学.docx
2026-05-05 15:08:31,587 - app.core.rag - WARNING - 知识片段清洗后为空，已跳过。来源: 天体物理学.docx
2026-05-05 15:08:31,588 - app.core.rag - WARNING - 知识片段清洗后为空，已跳过。来源: 天体物理学.docx
2026-05-05 15:08:31,589 - app.core.rag - WARNING - 知识片段清洗后为空，已跳过。来源: 天体物理学.docx
2026-05-05 15:08:31,589 - app.core.rag - WARNING - 知识片段清洗后为空，已跳过。来源: 天体物理学.docx
2026-05-05 15:08:31,590 - app.core.rag - WARNING - 知识片段清洗后为空，已跳过。来源: 天体物理学.docx
2026-05-05 15:08:31,591 - app.core.rag - WARNING - 知识片段清洗后为空，已跳过。来源: 天体物理学.docx
2026-05-05 15:08:31,592 - app.core.rag - WARNING - 知识片段清洗后为空，已跳过。来源: 天体物理学.docx
2026-05-05 15:08:31,592 - app.core.rag - WARNING - 知识片段清洗后为空，已跳过。来源: 天体物理学.docx
2026-05-05 15:08:31,593 - app.core.rag - WARNING - 知识片段清洗后为空，已跳过。来源: 天体物理学.docx
2026-05-05 15:08:31,594 - app.core.rag - WARNING - 知识片段清洗后为空，已跳过。来源: 天体物理学.docx
2026-05-05 15:08:31,596 - app.core.rag - WARNING - 知识片段清洗后为空，已跳过。来源: 天体物理学.docx
2026-05-05 15:08:31,596 - app.core.rag - WARNING - 知识片段清洗后为空，已跳过。来源: 天体物理学.docx
2026-05-05 15:08:31,597 - app.core.rag - WARNING - 知识片段清洗后为空，已跳过。来源: 天体物理学.docx
2026-05-05 15:08:31,598 - app.core.rag - WARNING - 知识片段清洗后为空，已跳过。来源: 天体物理学.docx
2026-05-05 15:08:31,599 - app.core.rag - WARNING - 知识片段清洗后为空，已跳过。来源: 天体物理学.docx
2026-05-05 15:08:31,599 - app.core.rag - WARNING - 知识片段清洗后为空，已跳过。来源: 天体物理学.docx
2026-05-05 15:08:31,600 - app.core.rag - WARNING - 知识片段清洗后为空，已跳过。来源: 天体物理学.docx
2026-05-05 15:08:31,601 - app.core.rag - WARNING - 知识片段清洗后为空，已跳过。来源: 天体物理学.docx
2026-05-05 15:08:31,602 - app.core.rag - WARNING - 知识片段清洗后为空，已跳过。来源: 天体物理学.docx
2026-05-05 15:08:31,602 - app.core.rag - WARNING - 知识片段清洗后为空，已跳过。来源: 失明与视力受损.docx
2026-05-05 15:08:31,603 - app.core.rag - WARNING - 知识片段清洗后为空，已跳过。来源: 失明与视力受损.docx
2026-05-05 15:08:31,604 - app.core.rag - WARNING - 知识片段清洗后为空，已跳过。来源: 失明与视力受损.docx
2026-05-05 15:08:31,606 - app.core.rag - WARNING - 知识片段清洗后为空，已跳过。来源: 心理健康.docx
2026-05-05 15:08:31,606 - app.core.rag - WARNING - 知识片段清洗后为空，已跳过。来源: 心理健康.docx
2026-05-05 15:08:31,607 - app.core.rag - WARNING - 知识片段清洗后为空，已跳过。来源: 心理健康.docx
2026-05-05 15:08:31,607 - app.core.rag - WARNING - 知识片段清洗后为空，已跳过。来源: 心理治疗规范 （2013年版）.pdf
2026-05-05 15:08:31,608 - app.core.rag - WARNING - 知识片段清洗后为空，已跳过。来源: 心理治疗规范 （2013年版）.pdf
2026-05-05 15:08:31,609 - app.core.rag - WARNING - 知识片段清洗后为空，已跳过。来源: 心理治疗规范 （2013年版）.pdf
2026-05-05 15:08:31,610 - app.core.rag - WARNING - 知识片段清洗后为空，已跳过。来源: 心理治疗规范 （2013年版）.pdf
2026-05-05 15:08:31,611 - app.core.rag - WARNING - 知识片段清洗后为空，已跳过。来源: 心理治疗规范 （2013年版）.pdf
2026-05-05 15:08:31,612 - app.core.rag - WARNING - 知识片段清洗后为空，已跳过。来源: 心理治疗规范 （2013年版）.pdf
2026-05-05 15:08:31,613 - app.core.rag - WARNING - 知识片段清洗后为空，已跳过。来源: 心理治疗规范 （2013年版）.pdf
2026-05-05 15:08:31,614 - app.core.rag - WARNING - 知识片段清洗后为空，已跳过。来源: 心理治疗规范 （2013年版）.pdf
2026-05-05 15:08:31,614 - app.core.rag - WARNING - 知识片段清洗后为空，已跳过。来源: 心理治疗规范 （2013年版）.pdf
2026-05-05 15:08:31,616 - app.core.rag - WARNING - 知识片段清洗后为空，已跳过。来源: 心理治疗规范 （2013年版）.pdf
2026-05-05 15:08:31,617 - app.core.rag - WARNING - 知识片段清洗后为空，已跳过。来源: 心理治疗规范 （2013年版）.pdf
2026-05-05 15:08:31,618 - app.core.rag - WARNING - 知识片段清洗后为空，已跳过。来源: 心理治疗规范 （2013年版）.pdf
2026-05-05 15:08:31,618 - app.core.rag - WARNING - 知识片段清洗后为空，已跳过。来源: 心理治疗规范 （2013年版）.pdf
2026-05-05 15:08:31,620 - app.core.rag - WARNING - 知识片段清洗后为空，已跳过。来源: 心理治疗规范 （2013年版）.pdf
2026-05-05 15:08:31,621 - app.core.rag - WARNING - 知识片段清洗后为空，已跳过。来源: 心理治疗规范 （2013年版）.pdf
2026-05-05 15:08:31,622 - app.core.rag - WARNING - 知识片段清洗后为空，已跳过。来源: 心理治疗规范 （2013年版）.pdf
2026-05-05 15:08:31,623 - app.core.rag - WARNING - 知识片段清洗后为空，已跳过。来源: 流感（季节性）.docx
2026-05-05 15:08:31,624 - app.core.rag - WARNING - 知识片段清洗后为空，已跳过。来源: 流感（季节性）.docx
2026-05-05 15:08:31,624 - app.core.rag - WARNING - 知识片段清洗后为空，已跳过。来源: 流感（季节性）.docx
2026-05-05 15:08:31,625 - app.core.rag - WARNING - 知识片段清洗后为空，已跳过。来源: 狂犬病.docx
2026-05-05 15:08:31,627 - app.core.rag - WARNING - 知识片段清洗后为空，已跳过。来源: 狂犬病.docx
2026-05-05 15:08:31,627 - app.core.rag - WARNING - 知识片段清洗后为空，已跳过。来源: 狂犬病.docx
2026-05-05 15:08:31,628 - app.core.rag - WARNING - 知识片段清洗后为空，已跳过。来源: 狂犬病.docx
2026-05-05 15:08:31,630 - app.core.rag - WARNING - 知识片段清洗后为空，已跳过。来源: 理财规划行业报告2024.docx
2026-05-05 15:08:31,631 - app.core.rag - WARNING - 知识片段清洗后为空，已跳过。来源: 理财规划行业报告2024.docx
2026-05-05 15:08:31,632 - app.core.rag - WARNING - 知识片段清洗后为空，已跳过。来源: 理财规划行业报告2024.docx
2026-05-05 15:08:31,633 - app.core.rag - WARNING - 知识片段清洗后为空，已跳过。来源: 理财规划行业报告2024.docx
2026-05-05 15:08:31,633 - app.core.rag - WARNING - 知识片段清洗后为空，已跳过。来源: 禁止童工的条款.docx
2026-05-05 15:08:31,634 - app.core.rag - WARNING - 知识片段清洗后为空，已跳过。来源: 禁止童工的条款.docx
2026-05-05 15:08:31,635 - app.core.rag - WARNING - 知识片段清洗后为空，已跳过。来源: 禁止童工的条款.docx
2026-05-05 15:08:31,636 - app.core.rag - WARNING - 知识片段清洗后为空，已跳过。来源: 科技人力资源报告2023..docx
2026-05-05 15:08:31,637 - app.core.rag - WARNING - 知识片段清洗后为空，已跳过。来源: 科技人力资源报告2023..docx
2026-05-05 15:08:31,637 - app.core.rag - WARNING - 知识片段清洗后为空，已跳过。来源: 科技咨询服务规范2023国标.docx
2026-05-05 15:08:31,638 - app.core.rag - WARNING - 知识片段清洗后为空，已跳过。来源: 科技咨询服务规范2023国标.docx
2026-05-05 15:08:31,639 - app.core.rag - WARNING - 知识片段清洗后为空，已跳过。来源: 科技咨询服务规范2023国标.docx
2026-05-05 15:08:31,640 - app.core.rag - WARNING - 知识片段清洗后为空，已跳过。来源: 科技服务业发展报告2024.docx
2026-05-05 15:08:31,641 - app.core.rag - WARNING - 知识片段清洗后为空，已跳过。来源: 糖尿病.docx
2026-05-05 15:08:31,642 - app.core.rag - WARNING - 知识片段清洗后为空，已跳过。来源: 糖尿病.docx
2026-05-05 15:08:31,643 - app.core.rag - WARNING - 知识片段清洗后为空，已跳过。来源: 糖尿病.docx
2026-05-05 15:08:31,644 - app.core.rag - WARNING - 知识片段清洗后为空，已跳过。来源: 职场心理健康.docx
2026-05-05 15:08:31,646 - app.core.rag - WARNING - 知识片段清洗后为空，已跳过。来源: 职场心理健康.docx
2026-05-05 15:08:31,647 - app.core.rag - WARNING - 知识片段清洗后为空，已跳过。来源: 职场心理健康.docx
2026-05-05 15:08:31,648 - app.core.rag - WARNING - 知识片段清洗后为空，已跳过。来源: 腰痛.docx
2026-05-05 15:08:31,649 - app.core.rag - WARNING - 知识片段清洗后为空，已跳过。来源: 腰痛.docx
2026-05-05 15:08:31,650 - app.core.rag - WARNING - 知识片段清洗后为空，已跳过。来源: 腰痛.docx
2026-05-05 15:08:31,651 - app.core.rag - WARNING - 知识片段清洗后为空，已跳过。来源: 自闭症.docx
2026-05-05 15:08:31,651 - app.core.rag - WARNING - 知识片段清洗后为空，已跳过。来源: 自闭症.docx
2026-05-05 15:08:31,652 - app.core.rag - WARNING - 知识片段清洗后为空，已跳过。来源: 自闭症.docx
2026-05-05 15:08:31,653 - app.core.rag - WARNING - 知识片段清洗后为空，已跳过。来源: 虚拟朋友.docx
2026-05-05 15:08:31,654 - app.core.rag - WARNING - 知识片段清洗后为空，已跳过。来源: 虚拟朋友.docx
2026-05-05 15:08:31,654 - app.core.rag - WARNING - 知识片段清洗后为空，已跳过。来源: 虚拟朋友.docx
2026-05-05 15:08:31,656 - app.core.rag - WARNING - 知识片段清洗后为空，已跳过。来源: 虚拟朋友.docx
2026-05-05 15:08:31,657 - app.core.rag - WARNING - 知识片段清洗后为空，已跳过。来源: 证券分析师执业行为规范.docx
2026-05-05 15:08:31,657 - app.core.rag - WARNING - 知识片段清洗后为空，已跳过。来源: 证券分析师执业行为规范.docx
2026-05-05 15:08:31,658 - app.core.rag - WARNING - 知识片段清洗后为空，已跳过。来源: 证券分析师执业行为规范.docx
2026-05-05 15:08:31,659 - app.core.rag - WARNING - 知识片段清洗后为空，已跳过。来源: 证券投资顾问业务暂行规定.docx
2026-05-05 15:08:31,659 - app.core.rag - WARNING - 知识片段清洗后为空，已跳过。来源: 证券投资顾问业务暂行规定.docx
2026-05-05 15:08:31,660 - app.core.rag - WARNING - 知识片段清洗后为空，已跳过。来源: 证券投资顾问业务暂行规定.docx
2026-05-05 15:08:31,661 - app.core.rag - WARNING - 知识片段清洗后为空，已跳过。来源: 证券行业发展报告2023.docx
2026-05-05 15:08:31,661 - app.core.rag - WARNING - 知识片段清洗后为空，已跳过。来源: 证券行业发展报告2023.docx
2026-05-05 15:08:31,662 - app.core.rag - WARNING - 知识片段清洗后为空，已跳过。来源: 财富管理白皮书2024.docx
2026-05-05 15:08:31,663 - app.core.rag - WARNING - 知识片段清洗后为空，已跳过。来源: 财富管理白皮书2024.docx
2026-05-05 15:08:31,663 - app.core.rag - WARNING - 知识片段清洗后为空，已跳过。来源: 财富管理白皮书2024.docx
2026-05-05 15:08:31,664 - app.core.rag - WARNING - 知识片段清洗后为空，已跳过。来源: 财富管理白皮书2024.docx
2026-05-05 15:08:31,665 - app.core.rag - WARNING - 知识片段清洗后为空，已跳过。来源: 贫血.docx
2026-05-05 15:08:31,666 - app.core.rag - WARNING - 知识片段清洗后为空，已跳过。来源: 贫血.docx
2026-05-05 15:08:31,666 - app.core.rag - WARNING - 知识片段清洗后为空，已跳过。来源: 贫血.docx
2026-05-05 15:08:31,669 - app.core.rag - WARNING - 知识片段清洗后为空，已跳过。来源: 内置兜底知识
2026-05-05 15:08:31,670 - app.core.rag - WARNING - 知识片段清洗后为空，已跳过。来源: 内置兜底知识
2026-05-05 15:08:31,671 - app.core.rag - WARNING - 知识片段清洗后为空，已跳过。来源: 内置兜底知识
2026-05-05 15:08:31,672 - app.core.rag - WARNING - 知识片段清洗后为空，已跳过。来源: 内置兜底知识
2026-05-05 15:08:31,673 - app.core.rag - WARNING - 知识片段清洗后为空，已跳过。来源: 内置兜底知识
2026-05-05 15:08:31,674 - app.core.rag - WARNING - 知识片段清洗后为空，已跳过。来源: 内置兜底知识
2026-05-05 15:08:31,674 - app.core.rag - WARNING - 知识片段清洗后为空，已跳过。来源: 内置兜底知识
2026-05-05 15:08:31,676 - app.core.rag - WARNING - 知识片段清洗后为空，已跳过。来源: 内置兜底知识
2026-05-05 15:08:31,677 - app.core.rag - WARNING - 知识片段清洗后为空，已跳过。来源: 内置兜底知识
2026-05-05 15:08:31,678 - app.core.rag - WARNING - 知识片段清洗后为空，已跳过。来源: 内置兜底知识
2026-05-05 15:08:31,679 - app.core.rag - WARNING - 知识片段清洗后为空，已跳过。来源: 内置兜底知识
2026-05-05 15:08:31,680 - app.core.rag - WARNING - 知识片段清洗后为空，已跳过。来源: 内置兜底知识
2026-05-05 15:08:31,681 - app.core.rag - WARNING - 知识片段清洗后为空，已跳过。来源: 内置兜底知识
2026-05-05 15:08:31,683 - app.core.rag - WARNING - 知识库缓存为空，无法初始化 BM25 索引
2026-05-05 15:08:31,684 - app.core.rag - INFO - 知识库初始化完成: {'total': 37, 'processed': 0, 'failed': 0, 'from_cache': True, 'role_counts': {'1': 0, '2': 0, '3': 0, '4': 0, '5': 0, '6': 0, '7': 0, '8': 0, '9': 0}, 'processed_files': [], 'failed_files': []}
2026-05-05 15:10:46,657 - sentence_transformers.SentenceTransformer - INFO - Load pretrained SentenceTransformer: C:\Users\freedom\Desktop\专业\模型\bge-base-zh-v1.5
2026-05-05 15:10:47,527 - sentence_transformers.SentenceTransformer - INFO - Use pytorch device: cpu
2026-05-05 15:10:47,535 - app.core.rag - INFO - 成功初始化向量化模型
2026-05-05 15:10:47,536 - app.core.rag - INFO - 成功初始化在线大模型
2026-05-05 15:10:47,536 - app.core.rag - INFO - 成功初始化大模型
2026-05-05 15:10:47,537 - app.core.rag - INFO - 知识库目录: C:\Users\freedom\Desktop\多角色聊天机器人\app\knowledge\data
2026-05-05 15:10:47,860 - app.core.rag - WARNING - 知识片段清洗后为空，已跳过。来源: 中华人民共和国国务院组织法.docx
2026-05-05 15:10:47,861 - app.core.rag - WARNING - 知识片段清洗后为空，已跳过。来源: 中华人民共和国妇女权益保护法.docx
2026-05-05 15:10:47,862 - app.core.rag - WARNING - 知识片段清洗后为空，已跳过。来源: 中华人民共和国妇女权益保护法.docx
2026-05-05 15:10:47,862 - app.core.rag - WARNING - 知识片段清洗后为空，已跳过。来源: 中华人民共和国妇女权益保护法.docx
2026-05-05 15:10:47,862 - app.core.rag - WARNING - 知识片段清洗后为空，已跳过。来源: 中华人民共和国妇女权益保护法.docx
2026-05-05 15:10:47,863 - app.core.rag - WARNING - 知识片段清洗后为空，已跳过。来源: 中华人民共和国妇女权益保护法.docx
2026-05-05 15:10:47,863 - app.core.rag - WARNING - 知识片段清洗后为空，已跳过。来源: 中华人民共和国宪法.docx
2026-05-05 15:10:47,863 - app.core.rag - WARNING - 知识片段清洗后为空，已跳过。来源: 中华人民共和国宪法.docx
2026-05-05 15:10:47,864 - app.core.rag - WARNING - 知识片段清洗后为空，已跳过。来源: 中华人民共和国宪法.docx
2026-05-05 15:10:47,864 - app.core.rag - WARNING - 知识片段清洗后为空，已跳过。来源: 中华人民共和国宪法.docx
2026-05-05 15:10:47,866 - app.core.rag - WARNING - 知识片段清洗后为空，已跳过。来源: 中华人民共和国宪法.docx
2026-05-05 15:10:47,866 - app.core.rag - WARNING - 知识片段清洗后为空，已跳过。来源: 中华人民共和国宪法.docx
2026-05-05 15:10:47,866 - app.core.rag - WARNING - 知识片段清洗后为空，已跳过。来源: 中华人民共和国宪法.docx
2026-05-05 15:10:47,866 - app.core.rag - WARNING - 知识片段清洗后为空，已跳过。来源: 中华人民共和国宪法.docx
2026-05-05 15:10:47,866 - app.core.rag - WARNING - 知识片段清洗后为空，已跳过。来源: 中华人民共和国宪法.docx
2026-05-05 15:10:47,866 - app.core.rag - WARNING - 知识片段清洗后为空，已跳过。来源: 中华人民共和国宪法.docx
2026-05-05 15:10:47,867 - app.core.rag - WARNING - 知识片段清洗后为空，已跳过。来源: 中华人民共和国宪法.docx
2026-05-05 15:10:47,867 - app.core.rag - WARNING - 知识片段清洗后为空，已跳过。来源: 中华人民共和国宪法.docx
2026-05-05 15:10:47,867 - app.core.rag - WARNING - 知识片段清洗后为空，已跳过。来源: 中华人民共和国宪法.docx
2026-05-05 15:10:47,868 - app.core.rag - WARNING - 知识片段清洗后为空，已跳过。来源: 中华人民共和国宪法.docx
2026-05-05 15:10:47,868 - app.core.rag - WARNING - 知识片段清洗后为空，已跳过。来源: 中华人民共和国宪法.docx
2026-05-05 15:10:47,868 - app.core.rag - WARNING - 知识片段清洗后为空，已跳过。来源: 中华人民共和国宪法.docx
2026-05-05 15:10:47,869 - app.core.rag - WARNING - 知识片段清洗后为空，已跳过。来源: 中华人民共和国宪法.docx
2026-05-05 15:10:47,869 - app.core.rag - WARNING - 知识片段清洗后为空，已跳过。来源: 中华人民共和国宪法.docx
2026-05-05 15:10:47,869 - app.core.rag - WARNING - 知识片段清洗后为空，已跳过。来源: 中华人民共和国宪法.docx
2026-05-05 15:10:47,870 - app.core.rag - WARNING - 知识片段清洗后为空，已跳过。来源: 中华人民共和国宪法.docx
2026-05-05 15:10:47,870 - app.core.rag - WARNING - 知识片段清洗后为空，已跳过。来源: 中华人民共和国宪法.docx
2026-05-05 15:10:47,870 - app.core.rag - WARNING - 知识片段清洗后为空，已跳过。来源: 中华人民共和国宪法.docx
2026-05-05 15:10:47,871 - app.core.rag - WARNING - 知识片段清洗后为空，已跳过。来源: 中华人民共和国宪法.docx
2026-05-05 15:10:47,871 - app.core.rag - WARNING - 知识片段清洗后为空，已跳过。来源: 中华人民共和国工会法.docx
2026-05-05 15:10:47,871 - app.core.rag - WARNING - 知识片段清洗后为空，已跳过。来源: 中华人民共和国工会法.docx
2026-05-05 15:10:47,872 - app.core.rag - WARNING - 知识片段清洗后为空，已跳过。来源: 中华人民共和国工会法.docx
2026-05-05 15:10:47,872 - app.core.rag - WARNING - 知识片段清洗后为空，已跳过。来源: 中华人民共和国工会法.docx
2026-05-05 15:10:47,873 - app.core.rag - WARNING - 知识片段清洗后为空，已跳过。来源: 中华人民共和国工会法.docx
2026-05-05 15:10:47,874 - app.core.rag - WARNING - 知识片段清洗后为空，已跳过。来源: 中华人民共和国工会法.docx
2026-05-05 15:10:47,874 - app.core.rag - WARNING - 知识片段清洗后为空，已跳过。来源: 中华人民共和国工会法.docx
2026-05-05 15:10:47,874 - app.core.rag - WARNING - 知识片段清洗后为空，已跳过。来源: 中华人民共和国未成年人保护法.docx
2026-05-05 15:10:47,875 - app.core.rag - WARNING - 知识片段清洗后为空，已跳过。来源: 中华人民共和国未成年人保护法.docx
2026-05-05 15:10:47,875 - app.core.rag - WARNING - 知识片段清洗后为空，已跳过。来源: 中华人民共和国未成年人保护法.docx
2026-05-05 15:10:47,875 - app.core.rag - WARNING - 知识片段清洗后为空，已跳过。来源: 中华人民共和国未成年人保护法.docx
2026-05-05 15:10:47,876 - app.core.rag - WARNING - 知识片段清洗后为空，已跳过。来源: 中华人民共和国未成年人保护法.docx
2026-05-05 15:10:47,876 - app.core.rag - WARNING - 知识片段清洗后为空，已跳过。来源: 中华人民共和国未成年人保护法.docx
2026-05-05 15:10:47,876 - app.core.rag - WARNING - 知识片段清洗后为空，已跳过。来源: 中华人民共和国未成年人保护法.docx
2026-05-05 15:10:47,876 - app.core.rag - WARNING - 知识片段清洗后为空，已跳过。来源: 中华人民共和国未成年人保护法.docx
2026-05-05 15:10:47,876 - app.core.rag - WARNING - 知识片段清洗后为空，已跳过。来源: 中华人民共和国民法典_20200528.docx
2026-05-05 15:10:47,877 - app.core.rag - WARNING - 知识片段清洗后为空，已跳过。来源: 中华人民共和国民法典_20200528.docx
2026-05-05 15:10:47,877 - app.core.rag - WARNING - 知识片段清洗后为空，已跳过。来源: 中华人民共和国民法典_20200528.docx
2026-05-05 15:10:47,877 - app.core.rag - WARNING - 知识片段清洗后为空，已跳过。来源: 中华人民共和国民法典_20200528.docx
2026-05-05 15:10:47,878 - app.core.rag - WARNING - 知识片段清洗后为空，已跳过。来源: 中华人民共和国民法典_20200528.docx
2026-05-05 15:10:47,878 - app.core.rag - WARNING - 知识片段清洗后为空，已跳过。来源: 中华人民共和国民法典_20200528.docx
2026-05-05 15:10:47,878 - app.core.rag - WARNING - 知识片段清洗后为空，已跳过。来源: 中华人民共和国民法典_20200528.docx
2026-05-05 15:10:47,879 - app.core.rag - WARNING - 知识片段清洗后为空，已跳过。来源: 中华人民共和国民法典_20200528.docx
2026-05-05 15:10:47,879 - app.core.rag - WARNING - 知识片段清洗后为空，已跳过。来源: 中华人民共和国民法典_20200528.docx
2026-05-05 15:10:47,879 - app.core.rag - WARNING - 知识片段清洗后为空，已跳过。来源: 中华人民共和国民法典_20200528.docx
2026-05-05 15:10:47,879 - app.core.rag - WARNING - 知识片段清洗后为空，已跳过。来源: 中华人民共和国民法典_20200528.docx
2026-05-05 15:10:47,880 - app.core.rag - WARNING - 知识片段清洗后为空，已跳过。来源: 中华人民共和国民法典_20200528.docx
2026-05-05 15:10:47,880 - app.core.rag - WARNING - 知识片段清洗后为空，已跳过。来源: 中华人民共和国民法典_20200528.docx
2026-05-05 15:10:47,880 - app.core.rag - WARNING - 知识片段清洗后为空，已跳过。来源: 中华人民共和国民法典_20200528.docx
2026-05-05 15:10:47,881 - app.core.rag - WARNING - 知识片段清洗后为空，已跳过。来源: 中华人民共和国民法典_20200528.docx
2026-05-05 15:10:47,881 - app.core.rag - WARNING - 知识片段清洗后为空，已跳过。来源: 中华人民共和国民法典_20200528.docx
2026-05-05 15:10:47,881 - app.core.rag - WARNING - 知识片段清洗后为空，已跳过。来源: 中华人民共和国民法典_20200528.docx
2026-05-05 15:10:47,882 - app.core.rag - WARNING - 知识片段清洗后为空，已跳过。来源: 中华人民共和国民法典_20200528.docx
2026-05-05 15:10:47,882 - app.core.rag - WARNING - 知识片段清洗后为空，已跳过。来源: 中华人民共和国民法典_20200528.docx
2026-05-05 15:10:47,882 - app.core.rag - WARNING - 知识片段清洗后为空，已跳过。来源: 中华人民共和国民法典_20200528.docx
2026-05-05 15:10:47,883 - app.core.rag - WARNING - 知识片段清洗后为空，已跳过。来源: 中华人民共和国民法典_20200528.docx
2026-05-05 15:10:47,883 - app.core.rag - WARNING - 知识片段清洗后为空，已跳过。来源: 中华人民共和国民法典_20200528.docx
2026-05-05 15:10:47,883 - app.core.rag - WARNING - 知识片段清洗后为空，已跳过。来源: 中华人民共和国民法典_20200528.docx
2026-05-05 15:10:47,883 - app.core.rag - WARNING - 知识片段清洗后为空，已跳过。来源: 中华人民共和国民法典_20200528.docx
2026-05-05 15:10:47,884 - app.core.rag - WARNING - 知识片段清洗后为空，已跳过。来源: 中华人民共和国民法典_20200528.docx
2026-05-05 15:10:47,884 - app.core.rag - WARNING - 知识片段清洗后为空，已跳过。来源: 中华人民共和国民法典_20200528.docx
2026-05-05 15:10:47,884 - app.core.rag - WARNING - 知识片段清洗后为空，已跳过。来源: 中华人民共和国民法典_20200528.docx
2026-05-05 15:10:47,886 - app.core.rag - WARNING - 知识片段清洗后为空，已跳过。来源: 中华人民共和国民法典_20200528.docx
2026-05-05 15:10:47,886 - app.core.rag - WARNING - 知识片段清洗后为空，已跳过。来源: 中华人民共和国民法典_20200528.docx
2026-05-05 15:10:47,886 - app.core.rag - WARNING - 知识片段清洗后为空，已跳过。来源: 中华人民共和国民法典_20200528.docx
2026-05-05 15:10:47,887 - app.core.rag - WARNING - 知识片段清洗后为空，已跳过。来源: 中华人民共和国民法典_20200528.docx
2026-05-05 15:10:47,887 - app.core.rag - WARNING - 知识片段清洗后为空，已跳过。来源: 中华人民共和国民法典_20200528.docx
2026-05-05 15:10:47,887 - app.core.rag - WARNING - 知识片段清洗后为空，已跳过。来源: 中华人民共和国民法典_20200528.docx
2026-05-05 15:10:47,888 - app.core.rag - WARNING - 知识片段清洗后为空，已跳过。来源: 中华人民共和国民法典_20200528.docx
2026-05-05 15:10:47,888 - app.core.rag - WARNING - 知识片段清洗后为空，已跳过。来源: 中华人民共和国民法典_20200528.docx
2026-05-05 15:10:47,889 - app.core.rag - WARNING - 知识片段清洗后为空，已跳过。来源: 中华人民共和国民法典_20200528.docx
2026-05-05 15:10:47,889 - app.core.rag - WARNING - 知识片段清洗后为空，已跳过。来源: 中华人民共和国民法典_20200528.docx
2026-05-05 15:10:47,890 - app.core.rag - WARNING - 知识片段清洗后为空，已跳过。来源: 中华人民共和国民法典_20200528.docx
2026-05-05 15:10:47,890 - app.core.rag - WARNING - 知识片段清洗后为空，已跳过。来源: 中华人民共和国民法典_20200528.docx
2026-05-05 15:10:47,890 - app.core.rag - WARNING - 知识片段清洗后为空，已跳过。来源: 中华人民共和国民法典_20200528.docx
2026-05-05 15:10:47,890 - app.core.rag - WARNING - 知识片段清洗后为空，已跳过。来源: 中华人民共和国民法典_20200528.docx
2026-05-05 15:10:47,891 - app.core.rag - WARNING - 知识片段清洗后为空，已跳过。来源: 中华人民共和国民法典_20200528.docx
2026-05-05 15:10:47,891 - app.core.rag - WARNING - 知识片段清洗后为空，已跳过。来源: 中华人民共和国民法典_20200528.docx
2026-05-05 15:10:47,891 - app.core.rag - WARNING - 知识片段清洗后为空，已跳过。来源: 中华人民共和国民法典_20200528.docx
2026-05-05 15:10:47,892 - app.core.rag - WARNING - 知识片段清洗后为空，已跳过。来源: 中华人民共和国民法典_20200528.docx
2026-05-05 15:10:47,892 - app.core.rag - WARNING - 知识片段清洗后为空，已跳过。来源: 中华人民共和国民法典_20200528.docx
2026-05-05 15:10:47,893 - app.core.rag - WARNING - 知识片段清洗后为空，已跳过。来源: 中华人民共和国民法典_20200528.docx
2026-05-05 15:10:47,893 - app.core.rag - WARNING - 知识片段清洗后为空，已跳过。来源: 中华人民共和国民法典_20200528.docx
2026-05-05 15:10:47,893 - app.core.rag - WARNING - 知识片段清洗后为空，已跳过。来源: 中华人民共和国民法典_20200528.docx
2026-05-05 15:10:47,893 - app.core.rag - WARNING - 知识片段清洗后为空，已跳过。来源: 中华人民共和国民法典_20200528.docx
2026-05-05 15:10:47,894 - app.core.rag - WARNING - 知识片段清洗后为空，已跳过。来源: 中华人民共和国民法典_20200528.docx
2026-05-05 15:10:47,894 - app.core.rag - WARNING - 知识片段清洗后为空，已跳过。来源: 中华人民共和国民法典_20200528.docx
2026-05-05 15:10:47,894 - app.core.rag - WARNING - 知识片段清洗后为空，已跳过。来源: 中华人民共和国民法典_20200528.docx
2026-05-05 15:10:47,894 - app.core.rag - WARNING - 知识片段清洗后为空，已跳过。来源: 中华人民共和国民法典_20200528.docx
2026-05-05 15:10:47,894 - app.core.rag - WARNING - 知识片段清洗后为空，已跳过。来源: 中华人民共和国民法典_20200528.docx
2026-05-05 15:10:47,895 - app.core.rag - WARNING - 知识片段清洗后为空，已跳过。来源: 中华人民共和国民法典_20200528.docx
2026-05-05 15:10:47,895 - app.core.rag - WARNING - 知识片段清洗后为空，已跳过。来源: 中华人民共和国民法典_20200528.docx
2026-05-05 15:10:47,896 - app.core.rag - WARNING - 知识片段清洗后为空，已跳过。来源: 中华人民共和国民法典_20200528.docx
2026-05-05 15:10:47,896 - app.core.rag - WARNING - 知识片段清洗后为空，已跳过。来源: 中华人民共和国民法典_20200528.docx
2026-05-05 15:10:47,896 - app.core.rag - WARNING - 知识片段清洗后为空，已跳过。来源: 中华人民共和国民法典_20200528.docx
2026-05-05 15:10:47,897 - app.core.rag - WARNING - 知识片段清洗后为空，已跳过。来源: 中华人民共和国民法典_20200528.docx
2026-05-05 15:10:47,897 - app.core.rag - WARNING - 知识片段清洗后为空，已跳过。来源: 中华人民共和国民法典_20200528.docx
2026-05-05 15:10:47,897 - app.core.rag - WARNING - 知识片段清洗后为空，已跳过。来源: 中华人民共和国民法典_20200528.docx
2026-05-05 15:10:47,898 - app.core.rag - WARNING - 知识片段清洗后为空，已跳过。来源: 中华人民共和国民法典_20200528.docx
2026-05-05 15:10:47,898 - app.core.rag - WARNING - 知识片段清洗后为空，已跳过。来源: 中华人民共和国民法典_20200528.docx
2026-05-05 15:10:47,898 - app.core.rag - WARNING - 知识片段清洗后为空，已跳过。来源: 中华人民共和国民法典_20200528.docx
2026-05-05 15:10:47,899 - app.core.rag - WARNING - 知识片段清洗后为空，已跳过。来源: 中华人民共和国民法典_20200528.docx
2026-05-05 15:10:47,899 - app.core.rag - WARNING - 知识片段清洗后为空，已跳过。来源: 中华人民共和国民法典_20200528.docx
2026-05-05 15:10:47,899 - app.core.rag - WARNING - 知识片段清洗后为空，已跳过。来源: 中华人民共和国民法典_20200528.docx
2026-05-05 15:10:47,899 - app.core.rag - WARNING - 知识片段清洗后为空，已跳过。来源: 中华人民共和国民法典_20200528.docx
2026-05-05 15:10:47,900 - app.core.rag - WARNING - 知识片段清洗后为空，已跳过。来源: 中华人民共和国民法典_20200528.docx
2026-05-05 15:10:47,900 - app.core.rag - WARNING - 知识片段清洗后为空，已跳过。来源: 中华人民共和国民法典_20200528.docx
2026-05-05 15:10:47,900 - app.core.rag - WARNING - 知识片段清洗后为空，已跳过。来源: 中华人民共和国民法典_20200528.docx
2026-05-05 15:10:47,901 - app.core.rag - WARNING - 知识片段清洗后为空，已跳过。来源: 中华人民共和国民法典_20200528.docx
2026-05-05 15:10:47,901 - app.core.rag - WARNING - 知识片段清洗后为空，已跳过。来源: 中华人民共和国民法典_20200528.docx
2026-05-05 15:10:47,901 - app.core.rag - WARNING - 知识片段清洗后为空，已跳过。来源: 中华人民共和国民法典_20200528.docx
2026-05-05 15:10:47,902 - app.core.rag - WARNING - 知识片段清洗后为空，已跳过。来源: 中华人民共和国民法典_20200528.docx
2026-05-05 15:10:47,902 - app.core.rag - WARNING - 知识片段清洗后为空，已跳过。来源: 中华人民共和国民法典_20200528.docx
2026-05-05 15:10:47,903 - app.core.rag - WARNING - 知识片段清洗后为空，已跳过。来源: 中华人民共和国民法典_20200528.docx
2026-05-05 15:10:47,903 - app.core.rag - WARNING - 知识片段清洗后为空，已跳过。来源: 中华人民共和国民法典_20200528.docx
2026-05-05 15:10:47,903 - app.core.rag - WARNING - 知识片段清洗后为空，已跳过。来源: 中华人民共和国民法典_20200528.docx
2026-05-05 15:10:47,905 - app.core.rag - WARNING - 知识片段清洗后为空，已跳过。来源: 中华人民共和国民法典_20200528.docx
2026-05-05 15:10:47,905 - app.core.rag - WARNING - 知识片段清洗后为空，已跳过。来源: 中华人民共和国民法典_20200528.docx
2026-05-05 15:10:47,905 - app.core.rag - WARNING - 知识片段清洗后为空，已跳过。来源: 中华人民共和国民法典_20200528.docx
2026-05-05 15:10:47,906 - app.core.rag - WARNING - 知识片段清洗后为空，已跳过。来源: 中华人民共和国民法典_20200528.docx
2026-05-05 15:10:47,906 - app.core.rag - WARNING - 知识片段清洗后为空，已跳过。来源: 中华人民共和国民法典_20200528.docx
2026-05-05 15:10:47,906 - app.core.rag - WARNING - 知识片段清洗后为空，已跳过。来源: 中华人民共和国民法典_20200528.docx
2026-05-05 15:10:47,906 - app.core.rag - WARNING - 知识片段清洗后为空，已跳过。来源: 中华人民共和国民法典_20200528.docx
2026-05-05 15:10:47,907 - app.core.rag - WARNING - 知识片段清洗后为空，已跳过。来源: 中华人民共和国民法典_20200528.docx
2026-05-05 15:10:47,907 - app.core.rag - WARNING - 知识片段清洗后为空，已跳过。来源: 中华人民共和国民法典_20200528.docx
2026-05-05 15:10:47,907 - app.core.rag - WARNING - 知识片段清洗后为空，已跳过。来源: 中华人民共和国民法典_20200528.docx
2026-05-05 15:10:47,908 - app.core.rag - WARNING - 知识片段清洗后为空，已跳过。来源: 中华人民共和国民法典_20200528.docx
2026-05-05 15:10:47,908 - app.core.rag - WARNING - 知识片段清洗后为空，已跳过。来源: 中华人民共和国民法典_20200528.docx
2026-05-05 15:10:47,908 - app.core.rag - WARNING - 知识片段清洗后为空，已跳过。来源: 中华人民共和国民法典_20200528.docx
2026-05-05 15:10:47,908 - app.core.rag - WARNING - 知识片段清洗后为空，已跳过。来源: 中华人民共和国民法典_20200528.docx
2026-05-05 15:10:47,909 - app.core.rag - WARNING - 知识片段清洗后为空，已跳过。来源: 中华人民共和国民法典_20200528.docx
2026-05-05 15:10:47,909 - app.core.rag - WARNING - 知识片段清洗后为空，已跳过。来源: 中华人民共和国民法典_20200528.docx
2026-05-05 15:10:47,909 - app.core.rag - WARNING - 知识片段清洗后为空，已跳过。来源: 中华人民共和国民法典_20200528.docx
2026-05-05 15:10:47,910 - app.core.rag - WARNING - 知识片段清洗后为空，已跳过。来源: 中华人民共和国民法典_20200528.docx
2026-05-05 15:10:47,910 - app.core.rag - WARNING - 知识片段清洗后为空，已跳过。来源: 中华人民共和国民法典_20200528.docx
2026-05-05 15:10:47,910 - app.core.rag - WARNING - 知识片段清洗后为空，已跳过。来源: 中华人民共和国民法典_20200528.docx
2026-05-05 15:10:47,911 - app.core.rag - WARNING - 知识片段清洗后为空，已跳过。来源: 中华人民共和国民法典_20200528.docx
2026-05-05 15:10:47,911 - app.core.rag - WARNING - 知识片段清洗后为空，已跳过。来源: 中华人民共和国民法典_20200528.docx
2026-05-05 15:10:47,911 - app.core.rag - WARNING - 知识片段清洗后为空，已跳过。来源: 中华人民共和国民法典_20200528.docx
2026-05-05 15:10:47,911 - app.core.rag - WARNING - 知识片段清洗后为空，已跳过。来源: 中华人民共和国民法典_20200528.docx
2026-05-05 15:10:47,912 - app.core.rag - WARNING - 知识片段清洗后为空，已跳过。来源: 中华人民共和国民法典_20200528.docx
2026-05-05 15:10:47,912 - app.core.rag - WARNING - 知识片段清洗后为空，已跳过。来源: 中华人民共和国民法典_20200528.docx
2026-05-05 15:10:47,912 - app.core.rag - WARNING - 知识片段清洗后为空，已跳过。来源: 中华人民共和国民法典_20200528.docx
2026-05-05 15:10:47,913 - app.core.rag - WARNING - 知识片段清洗后为空，已跳过。来源: 中华人民共和国民法典_20200528.docx
2026-05-05 15:10:47,913 - app.core.rag - WARNING - 知识片段清洗后为空，已跳过。来源: 中华人民共和国民法典_20200528.docx
2026-05-05 15:10:47,913 - app.core.rag - WARNING - 知识片段清洗后为空，已跳过。来源: 中华人民共和国民法典_20200528.docx
2026-05-05 15:10:47,914 - app.core.rag - WARNING - 知识片段清洗后为空，已跳过。来源: 中华人民共和国民法典_20200528.docx
2026-05-05 15:10:47,914 - app.core.rag - WARNING - 知识片段清洗后为空，已跳过。来源: 中华人民共和国民法典_20200528.docx
2026-05-05 15:10:47,914 - app.core.rag - WARNING - 知识片段清洗后为空，已跳过。来源: 中华人民共和国民法典_20200528.docx
2026-05-05 15:10:47,914 - app.core.rag - WARNING - 知识片段清洗后为空，已跳过。来源: 中华人民共和国民法典_20200528.docx
2026-05-05 15:10:47,914 - app.core.rag - WARNING - 知识片段清洗后为空，已跳过。来源: 中华全国律师协会律师执业行为规范（2024 修订）.docx
2026-05-05 15:10:47,914 - app.core.rag - WARNING - 知识片段清洗后为空，已跳过。来源: 中华全国律师协会律师执业行为规范（2024 修订）.docx
2026-05-05 15:10:47,916 - app.core.rag - WARNING - 知识片段清洗后为空，已跳过。来源: 中华全国律师协会律师执业行为规范（2024 修订）.docx
2026-05-05 15:10:47,916 - app.core.rag - WARNING - 知识片段清洗后为空，已跳过。来源: 中华全国律师协会律师执业行为规范（2024 修订）.docx
2026-05-05 15:10:47,917 - app.core.rag - WARNING - 知识片段清洗后为空，已跳过。来源: 中华全国律师协会律师执业行为规范（2024 修订）.docx
2026-05-05 15:10:47,917 - app.core.rag - WARNING - 知识片段清洗后为空，已跳过。来源: 中华全国律师协会律师执业行为规范（2024 修订）.docx
2026-05-05 15:10:47,917 - app.core.rag - WARNING - 知识片段清洗后为空，已跳过。来源: 中华全国律师协会律师执业行为规范（2024 修订）.docx
2026-05-05 15:10:47,917 - app.core.rag - WARNING - 知识片段清洗后为空，已跳过。来源: 中华全国律师协会律师执业行为规范（2024 修订）.docx
2026-05-05 15:10:47,918 - app.core.rag - WARNING - 知识片段清洗后为空，已跳过。来源: 乳腺癌.docx
2026-05-05 15:10:47,918 - app.core.rag - WARNING - 知识片段清洗后为空，已跳过。来源: 乳腺癌.docx
2026-05-05 15:10:47,918 - app.core.rag - WARNING - 知识片段清洗后为空，已跳过。来源: 乳腺癌.docx
2026-05-05 15:10:47,919 - app.core.rag - WARNING - 知识片段清洗后为空，已跳过。来源: 乳腺癌.docx
2026-05-05 15:10:47,919 - app.core.rag - WARNING - 知识片段清洗后为空，已跳过。来源: 哮喘.docx
2026-05-05 15:10:47,919 - app.core.rag - WARNING - 知识片段清洗后为空，已跳过。来源: 哮喘.docx
2026-05-05 15:10:47,919 - app.core.rag - WARNING - 知识片段清洗后为空，已跳过。来源: 哮喘.docx
2026-05-05 15:10:47,920 - app.core.rag - WARNING - 知识片段清洗后为空，已跳过。来源: 商业银行理财管理办法2024.docx
2026-05-05 15:10:47,920 - app.core.rag - WARNING - 知识片段清洗后为空，已跳过。来源: 商业银行理财管理办法2024.docx
2026-05-05 15:10:47,921 - app.core.rag - WARNING - 知识片段清洗后为空，已跳过。来源: 国家基层高血压防治管理手册2025版.pdf
2026-05-05 15:10:47,921 - app.core.rag - WARNING - 知识片段清洗后为空，已跳过。来源: 国家基层高血压防治管理手册2025版.pdf
2026-05-05 15:10:47,921 - app.core.rag - WARNING - 知识片段清洗后为空，已跳过。来源: 国家基层高血压防治管理手册2025版.pdf
2026-05-05 15:10:47,921 - app.core.rag - WARNING - 知识片段清洗后为空，已跳过。来源: 国家基层高血压防治管理手册2025版.pdf
2026-05-05 15:10:47,922 - app.core.rag - WARNING - 知识片段清洗后为空，已跳过。来源: 国家基层高血压防治管理手册2025版.pdf
2026-05-05 15:10:47,922 - app.core.rag - WARNING - 知识片段清洗后为空，已跳过。来源: 国家基层高血压防治管理手册2025版.pdf
2026-05-05 15:10:47,923 - app.core.rag - WARNING - 知识片段清洗后为空，已跳过。来源: 国家基层高血压防治管理手册2025版.pdf
2026-05-05 15:10:47,923 - app.core.rag - WARNING - 知识片段清洗后为空，已跳过。来源: 国家基层高血压防治管理手册2025版.pdf
2026-05-05 15:10:47,923 - app.core.rag - WARNING - 知识片段清洗后为空，已跳过。来源: 国家基层高血压防治管理手册2025版.pdf
2026-05-05 15:10:47,924 - app.core.rag - WARNING - 知识片段清洗后为空，已跳过。来源: 国家基层高血压防治管理手册2025版.pdf
2026-05-05 15:10:47,924 - app.core.rag - WARNING - 知识片段清洗后为空，已跳过。来源: 国家基层高血压防治管理手册2025版.pdf
2026-05-05 15:10:47,924 - app.core.rag - WARNING - 知识片段清洗后为空，已跳过。来源: 国家基层高血压防治管理手册2025版.pdf
2026-05-05 15:10:47,925 - app.core.rag - WARNING - 知识片段清洗后为空，已跳过。来源: 国家基层高血压防治管理手册2025版.pdf
2026-05-05 15:10:47,925 - app.core.rag - WARNING - 知识片段清洗后为空，已跳过。来源: 国家基层高血压防治管理手册2025版.pdf
2026-05-05 15:10:47,925 - app.core.rag - WARNING - 知识片段清洗后为空，已跳过。来源: 国家基层高血压防治管理手册2025版.pdf
2026-05-05 15:10:47,925 - app.core.rag - WARNING - 知识片段清洗后为空，已跳过。来源: 国家基层高血压防治管理手册2025版.pdf
2026-05-05 15:10:47,926 - app.core.rag - WARNING - 知识片段清洗后为空，已跳过。来源: 国家基层高血压防治管理手册2025版.pdf
2026-05-05 15:10:47,926 - app.core.rag - WARNING - 知识片段清洗后为空，已跳过。来源: 国家基层高血压防治管理手册2025版.pdf
2026-05-05 15:10:47,926 - app.core.rag - WARNING - 知识片段清洗后为空，已跳过。来源: 国家基层高血压防治管理手册2025版.pdf
2026-05-05 15:10:47,927 - app.core.rag - WARNING - 知识片段清洗后为空，已跳过。来源: 国家基层高血压防治管理手册2025版.pdf
2026-05-05 15:10:47,927 - app.core.rag - WARNING - 知识片段清洗后为空，已跳过。来源: 国家基层高血压防治管理手册2025版.pdf
2026-05-05 15:10:47,927 - app.core.rag - WARNING - 知识片段清洗后为空，已跳过。来源: 国家基层高血压防治管理手册2025版.pdf
2026-05-05 15:10:47,928 - app.core.rag - WARNING - 知识片段清洗后为空，已跳过。来源: 国家基层高血压防治管理手册2025版.pdf
2026-05-05 15:10:47,928 - app.core.rag - WARNING - 知识片段清洗后为空，已跳过。来源: 国家基层高血压防治管理手册2025版.pdf
2026-05-05 15:10:47,928 - app.core.rag - WARNING - 知识片段清洗后为空，已跳过。来源: 国家基层高血压防治管理手册2025版.pdf
2026-05-05 15:10:47,929 - app.core.rag - WARNING - 知识片段清洗后为空，已跳过。来源: 国家基层高血压防治管理手册2025版.pdf
2026-05-05 15:10:47,929 - app.core.rag - WARNING - 知识片段清洗后为空，已跳过。来源: 国家基层高血压防治管理手册2025版.pdf
2026-05-05 15:10:47,929 - app.core.rag - WARNING - 知识片段清洗后为空，已跳过。来源: 国家基层高血压防治管理手册2025版.pdf
2026-05-05 15:10:47,930 - app.core.rag - WARNING - 知识片段清洗后为空，已跳过。来源: 国家基层高血压防治管理手册2025版.pdf
2026-05-05 15:10:47,930 - app.core.rag - WARNING - 知识片段清洗后为空，已跳过。来源: 国家基层高血压防治管理手册2025版.pdf
2026-05-05 15:10:47,931 - app.core.rag - WARNING - 知识片段清洗后为空，已跳过。来源: 国家基层高血压防治管理手册2025版.pdf
2026-05-05 15:10:47,931 - app.core.rag - WARNING - 知识片段清洗后为空，已跳过。来源: 国家基层高血压防治管理手册2025版.pdf
2026-05-05 15:10:47,931 - app.core.rag - WARNING - 知识片段清洗后为空，已跳过。来源: 国家基层高血压防治管理手册2025版.pdf
2026-05-05 15:10:47,932 - app.core.rag - WARNING - 知识片段清洗后为空，已跳过。来源: 国家基层高血压防治管理手册2025版.pdf
2026-05-05 15:10:47,932 - app.core.rag - WARNING - 知识片段清洗后为空，已跳过。来源: 国家基层高血压防治管理手册2025版.pdf
2026-05-05 15:10:47,932 - app.core.rag - WARNING - 知识片段清洗后为空，已跳过。来源: 国家基层高血压防治管理手册2025版.pdf
2026-05-05 15:10:47,933 - app.core.rag - WARNING - 知识片段清洗后为空，已跳过。来源: 天体物理学.docx
2026-05-05 15:10:47,933 - app.core.rag - WARNING - 知识片段清洗后为空，已跳过。来源: 天体物理学.docx
2026-05-05 15:10:47,933 - app.core.rag - WARNING - 知识片段清洗后为空，已跳过。来源: 天体物理学.docx
2026-05-05 15:10:47,934 - app.core.rag - WARNING - 知识片段清洗后为空，已跳过。来源: 天体物理学.docx
2026-05-05 15:10:47,935 - app.core.rag - WARNING - 知识片段清洗后为空，已跳过。来源: 天体物理学.docx
2026-05-05 15:10:47,935 - app.core.rag - WARNING - 知识片段清洗后为空，已跳过。来源: 天体物理学.docx
2026-05-05 15:10:47,935 - app.core.rag - WARNING - 知识片段清洗后为空，已跳过。来源: 天体物理学.docx
2026-05-05 15:10:47,937 - app.core.rag - WARNING - 知识片段清洗后为空，已跳过。来源: 天体物理学.docx
2026-05-05 15:10:47,937 - app.core.rag - WARNING - 知识片段清洗后为空，已跳过。来源: 天体物理学.docx
2026-05-05 15:10:47,938 - app.core.rag - WARNING - 知识片段清洗后为空，已跳过。来源: 天体物理学.docx
2026-05-05 15:10:47,938 - app.core.rag - WARNING - 知识片段清洗后为空，已跳过。来源: 天体物理学.docx
2026-05-05 15:10:47,938 - app.core.rag - WARNING - 知识片段清洗后为空，已跳过。来源: 天体物理学.docx
2026-05-05 15:10:47,939 - app.core.rag - WARNING - 知识片段清洗后为空，已跳过。来源: 天体物理学.docx
2026-05-05 15:10:47,939 - app.core.rag - WARNING - 知识片段清洗后为空，已跳过。来源: 天体物理学.docx
2026-05-05 15:10:47,940 - app.core.rag - WARNING - 知识片段清洗后为空，已跳过。来源: 天体物理学.docx
2026-05-05 15:10:47,940 - app.core.rag - WARNING - 知识片段清洗后为空，已跳过。来源: 天体物理学.docx
2026-05-05 15:10:47,940 - app.core.rag - WARNING - 知识片段清洗后为空，已跳过。来源: 天体物理学.docx
2026-05-05 15:10:47,941 - app.core.rag - WARNING - 知识片段清洗后为空，已跳过。来源: 天体物理学.docx
2026-05-05 15:10:47,941 - app.core.rag - WARNING - 知识片段清洗后为空，已跳过。来源: 天体物理学.docx
2026-05-05 15:10:47,942 - app.core.rag - WARNING - 知识片段清洗后为空，已跳过。来源: 天体物理学.docx
2026-05-05 15:10:47,942 - app.core.rag - WARNING - 知识片段清洗后为空，已跳过。来源: 天体物理学.docx
2026-05-05 15:10:47,942 - app.core.rag - WARNING - 知识片段清洗后为空，已跳过。来源: 天体物理学.docx
2026-05-05 15:10:47,943 - app.core.rag - WARNING - 知识片段清洗后为空，已跳过。来源: 天体物理学.docx
2026-05-05 15:10:47,943 - app.core.rag - WARNING - 知识片段清洗后为空，已跳过。来源: 天体物理学.docx
2026-05-05 15:10:47,943 - app.core.rag - WARNING - 知识片段清洗后为空，已跳过。来源: 天体物理学.docx
2026-05-05 15:10:47,944 - app.core.rag - WARNING - 知识片段清洗后为空，已跳过。来源: 天体物理学.docx
2026-05-05 15:10:47,944 - app.core.rag - WARNING - 知识片段清洗后为空，已跳过。来源: 天体物理学.docx
2026-05-05 15:10:47,944 - app.core.rag - WARNING - 知识片段清洗后为空，已跳过。来源: 天体物理学.docx
2026-05-05 15:10:47,944 - app.core.rag - WARNING - 知识片段清洗后为空，已跳过。来源: 天体物理学.docx
2026-05-05 15:10:47,945 - app.core.rag - WARNING - 知识片段清洗后为空，已跳过。来源: 天体物理学.docx
2026-05-05 15:10:47,945 - app.core.rag - WARNING - 知识片段清洗后为空，已跳过。来源: 天体物理学.docx
2026-05-05 15:10:47,945 - app.core.rag - WARNING - 知识片段清洗后为空，已跳过。来源: 天体物理学.docx
2026-05-05 15:10:47,946 - app.core.rag - WARNING - 知识片段清洗后为空，已跳过。来源: 天体物理学.docx
2026-05-05 15:10:47,946 - app.core.rag - WARNING - 知识片段清洗后为空，已跳过。来源: 天体物理学.docx
2026-05-05 15:10:47,946 - app.core.rag - WARNING - 知识片段清洗后为空，已跳过。来源: 天体物理学.docx
2026-05-05 15:10:47,947 - app.core.rag - WARNING - 知识片段清洗后为空，已跳过。来源: 天体物理学.docx
2026-05-05 15:10:47,947 - app.core.rag - WARNING - 知识片段清洗后为空，已跳过。来源: 天体物理学.docx
2026-05-05 15:10:47,947 - app.core.rag - WARNING - 知识片段清洗后为空，已跳过。来源: 天体物理学.docx
2026-05-05 15:10:47,948 - app.core.rag - WARNING - 知识片段清洗后为空，已跳过。来源: 天体物理学.docx
2026-05-05 15:10:47,948 - app.core.rag - WARNING - 知识片段清洗后为空，已跳过。来源: 天体物理学.docx
2026-05-05 15:10:47,948 - app.core.rag - WARNING - 知识片段清洗后为空，已跳过。来源: 天体物理学.docx
2026-05-05 15:10:47,949 - app.core.rag - WARNING - 知识片段清洗后为空，已跳过。来源: 天体物理学.docx
2026-05-05 15:10:47,949 - app.core.rag - WARNING - 知识片段清洗后为空，已跳过。来源: 天体物理学.docx
2026-05-05 15:10:47,949 - app.core.rag - WARNING - 知识片段清洗后为空，已跳过。来源: 天体物理学.docx
2026-05-05 15:10:47,950 - app.core.rag - WARNING - 知识片段清洗后为空，已跳过。来源: 天体物理学.docx
2026-05-05 15:10:47,951 - app.core.rag - WARNING - 知识片段清洗后为空，已跳过。来源: 天体物理学.docx
2026-05-05 15:10:47,951 - app.core.rag - WARNING - 知识片段清洗后为空，已跳过。来源: 天体物理学.docx
2026-05-05 15:10:47,952 - app.core.rag - WARNING - 知识片段清洗后为空，已跳过。来源: 天体物理学.docx
2026-05-05 15:10:47,952 - app.core.rag - WARNING - 知识片段清洗后为空，已跳过。来源: 天体物理学.docx
2026-05-05 15:10:47,953 - app.core.rag - WARNING - 知识片段清洗后为空，已跳过。来源: 天体物理学.docx
2026-05-05 15:10:47,953 - app.core.rag - WARNING - 知识片段清洗后为空，已跳过。来源: 天体物理学.docx
2026-05-05 15:10:47,954 - app.core.rag - WARNING - 知识片段清洗后为空，已跳过。来源: 天体物理学.docx
2026-05-05 15:10:47,954 - app.core.rag - WARNING - 知识片段清洗后为空，已跳过。来源: 天体物理学.docx
2026-05-05 15:10:47,954 - app.core.rag - WARNING - 知识片段清洗后为空，已跳过。来源: 天体物理学.docx
2026-05-05 15:10:47,954 - app.core.rag - WARNING - 知识片段清洗后为空，已跳过。来源: 天体物理学.docx
2026-05-05 15:10:47,956 - app.core.rag - WARNING - 知识片段清洗后为空，已跳过。来源: 天体物理学.docx
2026-05-05 15:10:47,956 - app.core.rag - WARNING - 知识片段清洗后为空，已跳过。来源: 天体物理学.docx
2026-05-05 15:10:47,956 - app.core.rag - WARNING - 知识片段清洗后为空，已跳过。来源: 天体物理学.docx
2026-05-05 15:10:47,957 - app.core.rag - WARNING - 知识片段清洗后为空，已跳过。来源: 天体物理学.docx
2026-05-05 15:10:47,957 - app.core.rag - WARNING - 知识片段清洗后为空，已跳过。来源: 天体物理学.docx
2026-05-05 15:10:47,957 - app.core.rag - WARNING - 知识片段清洗后为空，已跳过。来源: 天体物理学.docx
2026-05-05 15:10:47,958 - app.core.rag - WARNING - 知识片段清洗后为空，已跳过。来源: 天体物理学.docx
2026-05-05 15:10:47,958 - app.core.rag - WARNING - 知识片段清洗后为空，已跳过。来源: 天体物理学.docx
2026-05-05 15:10:47,958 - app.core.rag - WARNING - 知识片段清洗后为空，已跳过。来源: 天体物理学.docx
2026-05-05 15:10:47,959 - app.core.rag - WARNING - 知识片段清洗后为空，已跳过。来源: 天体物理学.docx
2026-05-05 15:10:47,959 - app.core.rag - WARNING - 知识片段清洗后为空，已跳过。来源: 天体物理学.docx
2026-05-05 15:10:47,960 - app.core.rag - WARNING - 知识片段清洗后为空，已跳过。来源: 天体物理学.docx
2026-05-05 15:10:47,960 - app.core.rag - WARNING - 知识片段清洗后为空，已跳过。来源: 天体物理学.docx
2026-05-05 15:10:47,960 - app.core.rag - WARNING - 知识片段清洗后为空，已跳过。来源: 天体物理学.docx
2026-05-05 15:10:47,961 - app.core.rag - WARNING - 知识片段清洗后为空，已跳过。来源: 天体物理学.docx
2026-05-05 15:10:47,961 - app.core.rag - WARNING - 知识片段清洗后为空，已跳过。来源: 天体物理学.docx
2026-05-05 15:10:47,961 - app.core.rag - WARNING - 知识片段清洗后为空，已跳过。来源: 天体物理学.docx
2026-05-05 15:10:47,962 - app.core.rag - WARNING - 知识片段清洗后为空，已跳过。来源: 天体物理学.docx
2026-05-05 15:10:47,962 - app.core.rag - WARNING - 知识片段清洗后为空，已跳过。来源: 天体物理学.docx
2026-05-05 15:10:47,962 - app.core.rag - WARNING - 知识片段清洗后为空，已跳过。来源: 天体物理学.docx
2026-05-05 15:10:47,962 - app.core.rag - WARNING - 知识片段清洗后为空，已跳过。来源: 天体物理学.docx
2026-05-05 15:10:47,963 - app.core.rag - WARNING - 知识片段清洗后为空，已跳过。来源: 天体物理学.docx
2026-05-05 15:10:47,963 - app.core.rag - WARNING - 知识片段清洗后为空，已跳过。来源: 天体物理学.docx
2026-05-05 15:10:47,963 - app.core.rag - WARNING - 知识片段清洗后为空，已跳过。来源: 天体物理学.docx
2026-05-05 15:10:47,964 - app.core.rag - WARNING - 知识片段清洗后为空，已跳过。来源: 天体物理学.docx
2026-05-05 15:10:47,964 - app.core.rag - WARNING - 知识片段清洗后为空，已跳过。来源: 天体物理学.docx
2026-05-05 15:10:47,964 - app.core.rag - WARNING - 知识片段清洗后为空，已跳过。来源: 天体物理学.docx
2026-05-05 15:10:47,964 - app.core.rag - WARNING - 知识片段清洗后为空，已跳过。来源: 天体物理学.docx
2026-05-05 15:10:47,965 - app.core.rag - WARNING - 知识片段清洗后为空，已跳过。来源: 天体物理学.docx
2026-05-05 15:10:47,965 - app.core.rag - WARNING - 知识片段清洗后为空，已跳过。来源: 天体物理学.docx
2026-05-05 15:10:47,965 - app.core.rag - WARNING - 知识片段清洗后为空，已跳过。来源: 天体物理学.docx
2026-05-05 15:10:47,966 - app.core.rag - WARNING - 知识片段清洗后为空，已跳过。来源: 天体物理学.docx
2026-05-05 15:10:47,966 - app.core.rag - WARNING - 知识片段清洗后为空，已跳过。来源: 天体物理学.docx
2026-05-05 15:10:47,966 - app.core.rag - WARNING - 知识片段清洗后为空，已跳过。来源: 天体物理学.docx
2026-05-05 15:10:47,966 - app.core.rag - WARNING - 知识片段清洗后为空，已跳过。来源: 天体物理学.docx
2026-05-05 15:10:47,966 - app.core.rag - WARNING - 知识片段清洗后为空，已跳过。来源: 天体物理学.docx
2026-05-05 15:10:47,966 - app.core.rag - WARNING - 知识片段清洗后为空，已跳过。来源: 天体物理学.docx
2026-05-05 15:10:47,967 - app.core.rag - WARNING - 知识片段清洗后为空，已跳过。来源: 天体物理学.docx
2026-05-05 15:10:47,967 - app.core.rag - WARNING - 知识片段清洗后为空，已跳过。来源: 天体物理学.docx
2026-05-05 15:10:47,968 - app.core.rag - WARNING - 知识片段清洗后为空，已跳过。来源: 天体物理学.docx
2026-05-05 15:10:47,968 - app.core.rag - WARNING - 知识片段清洗后为空，已跳过。来源: 天体物理学.docx
2026-05-05 15:10:47,968 - app.core.rag - WARNING - 知识片段清洗后为空，已跳过。来源: 天体物理学.docx
2026-05-05 15:10:47,968 - app.core.rag - WARNING - 知识片段清洗后为空，已跳过。来源: 天体物理学.docx
2026-05-05 15:10:47,969 - app.core.rag - WARNING - 知识片段清洗后为空，已跳过。来源: 天体物理学.docx
2026-05-05 15:10:47,969 - app.core.rag - WARNING - 知识片段清洗后为空，已跳过。来源: 天体物理学.docx
2026-05-05 15:10:47,970 - app.core.rag - WARNING - 知识片段清洗后为空，已跳过。来源: 天体物理学.docx
2026-05-05 15:10:47,970 - app.core.rag - WARNING - 知识片段清洗后为空，已跳过。来源: 天体物理学.docx
2026-05-05 15:10:47,971 - app.core.rag - WARNING - 知识片段清洗后为空，已跳过。来源: 天体物理学.docx
2026-05-05 15:10:47,971 - app.core.rag - WARNING - 知识片段清洗后为空，已跳过。来源: 天体物理学.docx
2026-05-05 15:10:47,971 - app.core.rag - WARNING - 知识片段清洗后为空，已跳过。来源: 天体物理学.docx
2026-05-05 15:10:47,972 - app.core.rag - WARNING - 知识片段清洗后为空，已跳过。来源: 天体物理学.docx
2026-05-05 15:10:47,972 - app.core.rag - WARNING - 知识片段清洗后为空，已跳过。来源: 天体物理学.docx
2026-05-05 15:10:47,973 - app.core.rag - WARNING - 知识片段清洗后为空，已跳过。来源: 天体物理学.docx
2026-05-05 15:10:47,973 - app.core.rag - WARNING - 知识片段清洗后为空，已跳过。来源: 天体物理学.docx
2026-05-05 15:10:47,973 - app.core.rag - WARNING - 知识片段清洗后为空，已跳过。来源: 天体物理学.docx
2026-05-05 15:10:47,973 - app.core.rag - WARNING - 知识片段清洗后为空，已跳过。来源: 天体物理学.docx
2026-05-05 15:10:47,974 - app.core.rag - WARNING - 知识片段清洗后为空，已跳过。来源: 天体物理学.docx
2026-05-05 15:10:47,974 - app.core.rag - WARNING - 知识片段清洗后为空，已跳过。来源: 天体物理学.docx
2026-05-05 15:10:47,974 - app.core.rag - WARNING - 知识片段清洗后为空，已跳过。来源: 天体物理学.docx
2026-05-05 15:10:47,974 - app.core.rag - WARNING - 知识片段清洗后为空，已跳过。来源: 天体物理学.docx
2026-05-05 15:10:47,974 - app.core.rag - WARNING - 知识片段清洗后为空，已跳过。来源: 天体物理学.docx
2026-05-05 15:10:47,976 - app.core.rag - WARNING - 知识片段清洗后为空，已跳过。来源: 天体物理学.docx
2026-05-05 15:10:47,976 - app.core.rag - WARNING - 知识片段清洗后为空，已跳过。来源: 天体物理学.docx
2026-05-05 15:10:47,977 - app.core.rag - WARNING - 知识片段清洗后为空，已跳过。来源: 天体物理学.docx
2026-05-05 15:10:47,977 - app.core.rag - WARNING - 知识片段清洗后为空，已跳过。来源: 天体物理学.docx
2026-05-05 15:10:47,977 - app.core.rag - WARNING - 知识片段清洗后为空，已跳过。来源: 天体物理学.docx
2026-05-05 15:10:47,977 - app.core.rag - WARNING - 知识片段清洗后为空，已跳过。来源: 天体物理学.docx
2026-05-05 15:10:47,978 - app.core.rag - WARNING - 知识片段清洗后为空，已跳过。来源: 天体物理学.docx
2026-05-05 15:10:47,978 - app.core.rag - WARNING - 知识片段清洗后为空，已跳过。来源: 天体物理学.docx
2026-05-05 15:10:47,978 - app.core.rag - WARNING - 知识片段清洗后为空，已跳过。来源: 天体物理学.docx
2026-05-05 15:10:47,979 - app.core.rag - WARNING - 知识片段清洗后为空，已跳过。来源: 天体物理学.docx
2026-05-05 15:10:47,979 - app.core.rag - WARNING - 知识片段清洗后为空，已跳过。来源: 天体物理学.docx
2026-05-05 15:10:47,980 - app.core.rag - WARNING - 知识片段清洗后为空，已跳过。来源: 天体物理学.docx
2026-05-05 15:10:47,980 - app.core.rag - WARNING - 知识片段清洗后为空，已跳过。来源: 天体物理学.docx
2026-05-05 15:10:47,980 - app.core.rag - WARNING - 知识片段清洗后为空，已跳过。来源: 天体物理学.docx
2026-05-05 15:10:47,981 - app.core.rag - WARNING - 知识片段清洗后为空，已跳过。来源: 天体物理学.docx
2026-05-05 15:10:47,981 - app.core.rag - WARNING - 知识片段清洗后为空，已跳过。来源: 天体物理学.docx
2026-05-05 15:10:47,981 - app.core.rag - WARNING - 知识片段清洗后为空，已跳过。来源: 天体物理学.docx
2026-05-05 15:10:47,982 - app.core.rag - WARNING - 知识片段清洗后为空，已跳过。来源: 天体物理学.docx
2026-05-05 15:10:47,982 - app.core.rag - WARNING - 知识片段清洗后为空，已跳过。来源: 天体物理学.docx
2026-05-05 15:10:47,982 - app.core.rag - WARNING - 知识片段清洗后为空，已跳过。来源: 天体物理学.docx
2026-05-05 15:10:47,983 - app.core.rag - WARNING - 知识片段清洗后为空，已跳过。来源: 天体物理学.docx
2026-05-05 15:10:47,983 - app.core.rag - WARNING - 知识片段清洗后为空，已跳过。来源: 天体物理学.docx
2026-05-05 15:10:47,983 - app.core.rag - WARNING - 知识片段清洗后为空，已跳过。来源: 天体物理学.docx
2026-05-05 15:10:47,984 - app.core.rag - WARNING - 知识片段清洗后为空，已跳过。来源: 天体物理学.docx
2026-05-05 15:10:47,984 - app.core.rag - WARNING - 知识片段清洗后为空，已跳过。来源: 天体物理学.docx
2026-05-05 15:10:47,984 - app.core.rag - WARNING - 知识片段清洗后为空，已跳过。来源: 天体物理学.docx
2026-05-05 15:10:47,985 - app.core.rag - WARNING - 知识片段清洗后为空，已跳过。来源: 天体物理学.docx
2026-05-05 15:10:47,985 - app.core.rag - WARNING - 知识片段清洗后为空，已跳过。来源: 天体物理学.docx
2026-05-05 15:10:47,985 - app.core.rag - WARNING - 知识片段清洗后为空，已跳过。来源: 天体物理学.docx
2026-05-05 15:10:47,986 - app.core.rag - WARNING - 知识片段清洗后为空，已跳过。来源: 天体物理学.docx
2026-05-05 15:10:47,986 - app.core.rag - WARNING - 知识片段清洗后为空，已跳过。来源: 天体物理学.docx
2026-05-05 15:10:47,986 - app.core.rag - WARNING - 知识片段清洗后为空，已跳过。来源: 天体物理学.docx
2026-05-05 15:10:47,986 - app.core.rag - WARNING - 知识片段清洗后为空，已跳过。来源: 天体物理学.docx
2026-05-05 15:10:47,987 - app.core.rag - WARNING - 知识片段清洗后为空，已跳过。来源: 天体物理学.docx
2026-05-05 15:10:47,987 - app.core.rag - WARNING - 知识片段清洗后为空，已跳过。来源: 天体物理学.docx
2026-05-05 15:10:47,988 - app.core.rag - WARNING - 知识片段清洗后为空，已跳过。来源: 天体物理学.docx
2026-05-05 15:10:47,988 - app.core.rag - WARNING - 知识片段清洗后为空，已跳过。来源: 天体物理学.docx
2026-05-05 15:10:47,988 - app.core.rag - WARNING - 知识片段清洗后为空，已跳过。来源: 天体物理学.docx
2026-05-05 15:10:47,989 - app.core.rag - WARNING - 知识片段清洗后为空，已跳过。来源: 天体物理学.docx
2026-05-05 15:10:47,989 - app.core.rag - WARNING - 知识片段清洗后为空，已跳过。来源: 天体物理学.docx
2026-05-05 15:10:47,989 - app.core.rag - WARNING - 知识片段清洗后为空，已跳过。来源: 天体物理学.docx
2026-05-05 15:10:47,990 - app.core.rag - WARNING - 知识片段清洗后为空，已跳过。来源: 天体物理学.docx
2026-05-05 15:10:47,990 - app.core.rag - WARNING - 知识片段清洗后为空，已跳过。来源: 天体物理学.docx
2026-05-05 15:10:47,990 - app.core.rag - WARNING - 知识片段清洗后为空，已跳过。来源: 失明与视力受损.docx
2026-05-05 15:10:47,991 - app.core.rag - WARNING - 知识片段清洗后为空，已跳过。来源: 失明与视力受损.docx
2026-05-05 15:10:47,991 - app.core.rag - WARNING - 知识片段清洗后为空，已跳过。来源: 失明与视力受损.docx
2026-05-05 15:10:47,991 - app.core.rag - WARNING - 知识片段清洗后为空，已跳过。来源: 心理健康.docx
2026-05-05 15:10:47,992 - app.core.rag - WARNING - 知识片段清洗后为空，已跳过。来源: 心理健康.docx
2026-05-05 15:10:47,992 - app.core.rag - WARNING - 知识片段清洗后为空，已跳过。来源: 心理健康.docx
2026-05-05 15:10:47,992 - app.core.rag - WARNING - 知识片段清洗后为空，已跳过。来源: 心理治疗规范 （2013年版）.pdf
2026-05-05 15:10:47,992 - app.core.rag - WARNING - 知识片段清洗后为空，已跳过。来源: 心理治疗规范 （2013年版）.pdf
2026-05-05 15:10:47,993 - app.core.rag - WARNING - 知识片段清洗后为空，已跳过。来源: 心理治疗规范 （2013年版）.pdf
2026-05-05 15:10:47,993 - app.core.rag - WARNING - 知识片段清洗后为空，已跳过。来源: 心理治疗规范 （2013年版）.pdf
2026-05-05 15:10:47,993 - app.core.rag - WARNING - 知识片段清洗后为空，已跳过。来源: 心理治疗规范 （2013年版）.pdf
2026-05-05 15:10:47,994 - app.core.rag - WARNING - 知识片段清洗后为空，已跳过。来源: 心理治疗规范 （2013年版）.pdf
2026-05-05 15:10:47,994 - app.core.rag - WARNING - 知识片段清洗后为空，已跳过。来源: 心理治疗规范 （2013年版）.pdf
2026-05-05 15:10:47,994 - app.core.rag - WARNING - 知识片段清洗后为空，已跳过。来源: 心理治疗规范 （2013年版）.pdf
2026-05-05 15:10:47,994 - app.core.rag - WARNING - 知识片段清洗后为空，已跳过。来源: 心理治疗规范 （2013年版）.pdf
2026-05-05 15:10:47,994 - app.core.rag - WARNING - 知识片段清洗后为空，已跳过。来源: 心理治疗规范 （2013年版）.pdf
2026-05-05 15:10:47,996 - app.core.rag - WARNING - 知识片段清洗后为空，已跳过。来源: 心理治疗规范 （2013年版）.pdf
2026-05-05 15:10:47,996 - app.core.rag - WARNING - 知识片段清洗后为空，已跳过。来源: 心理治疗规范 （2013年版）.pdf
2026-05-05 15:10:47,996 - app.core.rag - WARNING - 知识片段清洗后为空，已跳过。来源: 心理治疗规范 （2013年版）.pdf
2026-05-05 15:10:47,996 - app.core.rag - WARNING - 知识片段清洗后为空，已跳过。来源: 心理治疗规范 （2013年版）.pdf
2026-05-05 15:10:47,997 - app.core.rag - WARNING - 知识片段清洗后为空，已跳过。来源: 心理治疗规范 （2013年版）.pdf
2026-05-05 15:10:47,997 - app.core.rag - WARNING - 知识片段清洗后为空，已跳过。来源: 心理治疗规范 （2013年版）.pdf
2026-05-05 15:10:47,997 - app.core.rag - WARNING - 知识片段清洗后为空，已跳过。来源: 流感（季节性）.docx
2026-05-05 15:10:47,998 - app.core.rag - WARNING - 知识片段清洗后为空，已跳过。来源: 流感（季节性）.docx
2026-05-05 15:10:47,998 - app.core.rag - WARNING - 知识片段清洗后为空，已跳过。来源: 流感（季节性）.docx
2026-05-05 15:10:47,999 - app.core.rag - WARNING - 知识片段清洗后为空，已跳过。来源: 狂犬病.docx
2026-05-05 15:10:47,999 - app.core.rag - WARNING - 知识片段清洗后为空，已跳过。来源: 狂犬病.docx
2026-05-05 15:10:47,999 - app.core.rag - WARNING - 知识片段清洗后为空，已跳过。来源: 狂犬病.docx
2026-05-05 15:10:48,000 - app.core.rag - WARNING - 知识片段清洗后为空，已跳过。来源: 狂犬病.docx
2026-05-05 15:10:48,000 - app.core.rag - WARNING - 知识片段清洗后为空，已跳过。来源: 理财规划行业报告2024.docx
2026-05-05 15:10:48,000 - app.core.rag - WARNING - 知识片段清洗后为空，已跳过。来源: 理财规划行业报告2024.docx
2026-05-05 15:10:48,000 - app.core.rag - WARNING - 知识片段清洗后为空，已跳过。来源: 理财规划行业报告2024.docx
2026-05-05 15:10:48,001 - app.core.rag - WARNING - 知识片段清洗后为空，已跳过。来源: 理财规划行业报告2024.docx
2026-05-05 15:10:48,001 - app.core.rag - WARNING - 知识片段清洗后为空，已跳过。来源: 禁止童工的条款.docx
2026-05-05 15:10:48,001 - app.core.rag - WARNING - 知识片段清洗后为空，已跳过。来源: 禁止童工的条款.docx
2026-05-05 15:10:48,002 - app.core.rag - WARNING - 知识片段清洗后为空，已跳过。来源: 禁止童工的条款.docx
2026-05-05 15:10:48,002 - app.core.rag - WARNING - 知识片段清洗后为空，已跳过。来源: 科技人力资源报告2023..docx
2026-05-05 15:10:48,003 - app.core.rag - WARNING - 知识片段清洗后为空，已跳过。来源: 科技人力资源报告2023..docx
2026-05-05 15:10:48,003 - app.core.rag - WARNING - 知识片段清洗后为空，已跳过。来源: 科技咨询服务规范2023国标.docx
2026-05-05 15:10:48,004 - app.core.rag - WARNING - 知识片段清洗后为空，已跳过。来源: 科技咨询服务规范2023国标.docx
2026-05-05 15:10:48,004 - app.core.rag - WARNING - 知识片段清洗后为空，已跳过。来源: 科技咨询服务规范2023国标.docx
2026-05-05 15:10:48,004 - app.core.rag - WARNING - 知识片段清洗后为空，已跳过。来源: 科技服务业发展报告2024.docx
2026-05-05 15:10:48,005 - app.core.rag - WARNING - 知识片段清洗后为空，已跳过。来源: 糖尿病.docx
2026-05-05 15:10:48,005 - app.core.rag - WARNING - 知识片段清洗后为空，已跳过。来源: 糖尿病.docx
2026-05-05 15:10:48,006 - app.core.rag - WARNING - 知识片段清洗后为空，已跳过。来源: 糖尿病.docx
2026-05-05 15:10:48,006 - app.core.rag - WARNING - 知识片段清洗后为空，已跳过。来源: 职场心理健康.docx
2026-05-05 15:10:48,006 - app.core.rag - WARNING - 知识片段清洗后为空，已跳过。来源: 职场心理健康.docx
2026-05-05 15:10:48,006 - app.core.rag - WARNING - 知识片段清洗后为空，已跳过。来源: 职场心理健康.docx
2026-05-05 15:10:48,007 - app.core.rag - WARNING - 知识片段清洗后为空，已跳过。来源: 腰痛.docx
2026-05-05 15:10:48,007 - app.core.rag - WARNING - 知识片段清洗后为空，已跳过。来源: 腰痛.docx
2026-05-05 15:10:48,007 - app.core.rag - WARNING - 知识片段清洗后为空，已跳过。来源: 腰痛.docx
2026-05-05 15:10:48,007 - app.core.rag - WARNING - 知识片段清洗后为空，已跳过。来源: 自闭症.docx
2026-05-05 15:10:48,008 - app.core.rag - WARNING - 知识片段清洗后为空，已跳过。来源: 自闭症.docx
2026-05-05 15:10:48,008 - app.core.rag - WARNING - 知识片段清洗后为空，已跳过。来源: 自闭症.docx
2026-05-05 15:10:48,008 - app.core.rag - WARNING - 知识片段清洗后为空，已跳过。来源: 虚拟朋友.docx
2026-05-05 15:10:48,008 - app.core.rag - WARNING - 知识片段清洗后为空，已跳过。来源: 虚拟朋友.docx
2026-05-05 15:10:48,009 - app.core.rag - WARNING - 知识片段清洗后为空，已跳过。来源: 虚拟朋友.docx
2026-05-05 15:10:48,009 - app.core.rag - WARNING - 知识片段清洗后为空，已跳过。来源: 虚拟朋友.docx
2026-05-05 15:10:48,009 - app.core.rag - WARNING - 知识片段清洗后为空，已跳过。来源: 证券分析师执业行为规范.docx
2026-05-05 15:10:48,010 - app.core.rag - WARNING - 知识片段清洗后为空，已跳过。来源: 证券分析师执业行为规范.docx
2026-05-05 15:10:48,010 - app.core.rag - WARNING - 知识片段清洗后为空，已跳过。来源: 证券分析师执业行为规范.docx
2026-05-05 15:10:48,011 - app.core.rag - WARNING - 知识片段清洗后为空，已跳过。来源: 证券投资顾问业务暂行规定.docx
2026-05-05 15:10:48,011 - app.core.rag - WARNING - 知识片段清洗后为空，已跳过。来源: 证券投资顾问业务暂行规定.docx
2026-05-05 15:10:48,011 - app.core.rag - WARNING - 知识片段清洗后为空，已跳过。来源: 证券投资顾问业务暂行规定.docx
2026-05-05 15:10:48,011 - app.core.rag - WARNING - 知识片段清洗后为空，已跳过。来源: 证券行业发展报告2023.docx
2026-05-05 15:10:48,012 - app.core.rag - WARNING - 知识片段清洗后为空，已跳过。来源: 证券行业发展报告2023.docx
2026-05-05 15:10:48,012 - app.core.rag - WARNING - 知识片段清洗后为空，已跳过。来源: 财富管理白皮书2024.docx
2026-05-05 15:10:48,012 - app.core.rag - WARNING - 知识片段清洗后为空，已跳过。来源: 财富管理白皮书2024.docx
2026-05-05 15:10:48,013 - app.core.rag - WARNING - 知识片段清洗后为空，已跳过。来源: 财富管理白皮书2024.docx
2026-05-05 15:10:48,013 - app.core.rag - WARNING - 知识片段清洗后为空，已跳过。来源: 财富管理白皮书2024.docx
2026-05-05 15:10:48,013 - app.core.rag - WARNING - 知识片段清洗后为空，已跳过。来源: 贫血.docx
2026-05-05 15:10:48,013 - app.core.rag - WARNING - 知识片段清洗后为空，已跳过。来源: 贫血.docx
2026-05-05 15:10:48,015 - app.core.rag - WARNING - 知识片段清洗后为空，已跳过。来源: 贫血.docx
2026-05-05 15:10:48,016 - app.core.rag - WARNING - 知识片段清洗后为空，已跳过。来源: 内置兜底知识
2026-05-05 15:10:48,017 - app.core.rag - WARNING - 知识片段清洗后为空，已跳过。来源: 内置兜底知识
2026-05-05 15:10:48,017 - app.core.rag - WARNING - 知识片段清洗后为空，已跳过。来源: 内置兜底知识
2026-05-05 15:10:48,017 - app.core.rag - WARNING - 知识片段清洗后为空，已跳过。来源: 内置兜底知识
2026-05-05 15:10:48,018 - app.core.rag - WARNING - 知识片段清洗后为空，已跳过。来源: 内置兜底知识
2026-05-05 15:10:48,018 - app.core.rag - WARNING - 知识片段清洗后为空，已跳过。来源: 内置兜底知识
2026-05-05 15:10:48,019 - app.core.rag - WARNING - 知识片段清洗后为空，已跳过。来源: 内置兜底知识
2026-05-05 15:10:48,019 - app.core.rag - WARNING - 知识片段清洗后为空，已跳过。来源: 内置兜底知识
2026-05-05 15:10:48,019 - app.core.rag - WARNING - 知识片段清洗后为空，已跳过。来源: 内置兜底知识
2026-05-05 15:10:48,020 - app.core.rag - WARNING - 知识片段清洗后为空，已跳过。来源: 内置兜底知识
2026-05-05 15:10:48,020 - app.core.rag - WARNING - 知识片段清洗后为空，已跳过。来源: 内置兜底知识
2026-05-05 15:10:48,020 - app.core.rag - WARNING - 知识片段清洗后为空，已跳过。来源: 内置兜底知识
2026-05-05 15:10:48,021 - app.core.rag - WARNING - 知识片段清洗后为空，已跳过。来源: 内置兜底知识
2026-05-05 15:10:48,021 - app.core.rag - WARNING - 知识库缓存为空，无法初始化 BM25 索引
2026-05-05 15:10:48,022 - app.core.rag - INFO - 知识库初始化完成: {'total': 37, 'processed': 0, 'failed': 0, 'from_cache': True, 'role_counts': {'1': 0, '2': 0, '3': 0, '4': 0, '5': 0, '6': 0, '7': 0, '8': 0, '9': 0}, 'processed_files': [], 'failed_files': []}
2026-05-05 15:30:14,253 - sentence_transformers.SentenceTransformer - INFO - Load pretrained SentenceTransformer: C:\Users\freedom\Desktop\专业\模型\bge-base-zh-v1.5
2026-05-05 15:30:15,297 - sentence_transformers.SentenceTransformer - INFO - Use pytorch device: cpu
2026-05-05 15:30:15,312 - app.core.rag - INFO - 成功初始化向量化模型
2026-05-05 15:30:15,314 - app.core.rag - INFO - 成功初始化在线大模型
2026-05-05 15:30:15,315 - app.core.rag - INFO - 成功初始化大模型
2026-05-05 15:30:15,316 - app.core.rag - INFO - 知识库目录: C:\Users\freedom\Desktop\多角色聊天机器人\app\knowledge\data
2026-05-05 15:30:15,857 - app.core.rag - WARNING - 知识片段清洗后为空，已跳过。来源: 中华人民共和国国务院组织法.docx
2026-05-05 15:30:15,859 - app.core.rag - WARNING - 知识片段清洗后为空，已跳过。来源: 中华人民共和国妇女权益保护法.docx
2026-05-05 15:30:15,861 - app.core.rag - WARNING - 知识片段清洗后为空，已跳过。来源: 中华人民共和国妇女权益保护法.docx
2026-05-05 15:30:15,862 - app.core.rag - WARNING - 知识片段清洗后为空，已跳过。来源: 中华人民共和国妇女权益保护法.docx
2026-05-05 15:30:15,862 - app.core.rag - WARNING - 知识片段清洗后为空，已跳过。来源: 中华人民共和国妇女权益保护法.docx
2026-05-05 15:30:15,863 - app.core.rag - WARNING - 知识片段清洗后为空，已跳过。来源: 中华人民共和国妇女权益保护法.docx
2026-05-05 15:30:15,863 - app.core.rag - WARNING - 知识片段清洗后为空，已跳过。来源: 中华人民共和国宪法.docx
2026-05-05 15:30:15,864 - app.core.rag - WARNING - 知识片段清洗后为空，已跳过。来源: 中华人民共和国宪法.docx
2026-05-05 15:30:15,864 - app.core.rag - WARNING - 知识片段清洗后为空，已跳过。来源: 中华人民共和国宪法.docx
2026-05-05 15:30:15,864 - app.core.rag - WARNING - 知识片段清洗后为空，已跳过。来源: 中华人民共和国宪法.docx
2026-05-05 15:30:15,866 - app.core.rag - WARNING - 知识片段清洗后为空，已跳过。来源: 中华人民共和国宪法.docx
2026-05-05 15:30:15,867 - app.core.rag - WARNING - 知识片段清洗后为空，已跳过。来源: 中华人民共和国宪法.docx
2026-05-05 15:30:15,867 - app.core.rag - WARNING - 知识片段清洗后为空，已跳过。来源: 中华人民共和国宪法.docx
2026-05-05 15:30:15,868 - app.core.rag - WARNING - 知识片段清洗后为空，已跳过。来源: 中华人民共和国宪法.docx
2026-05-05 15:30:15,868 - app.core.rag - WARNING - 知识片段清洗后为空，已跳过。来源: 中华人民共和国宪法.docx
2026-05-05 15:30:15,869 - app.core.rag - WARNING - 知识片段清洗后为空，已跳过。来源: 中华人民共和国宪法.docx
2026-05-05 15:30:15,869 - app.core.rag - WARNING - 知识片段清洗后为空，已跳过。来源: 中华人民共和国宪法.docx
2026-05-05 15:30:15,870 - app.core.rag - WARNING - 知识片段清洗后为空，已跳过。来源: 中华人民共和国宪法.docx
2026-05-05 15:30:15,870 - app.core.rag - WARNING - 知识片段清洗后为空，已跳过。来源: 中华人民共和国宪法.docx
2026-05-05 15:30:15,871 - app.core.rag - WARNING - 知识片段清洗后为空，已跳过。来源: 中华人民共和国宪法.docx
2026-05-05 15:30:15,871 - app.core.rag - WARNING - 知识片段清洗后为空，已跳过。来源: 中华人民共和国宪法.docx
2026-05-05 15:30:15,871 - app.core.rag - WARNING - 知识片段清洗后为空，已跳过。来源: 中华人民共和国宪法.docx
2026-05-05 15:30:15,872 - app.core.rag - WARNING - 知识片段清洗后为空，已跳过。来源: 中华人民共和国宪法.docx
2026-05-05 15:30:15,872 - app.core.rag - WARNING - 知识片段清洗后为空，已跳过。来源: 中华人民共和国宪法.docx
2026-05-05 15:30:15,872 - app.core.rag - WARNING - 知识片段清洗后为空，已跳过。来源: 中华人民共和国宪法.docx
2026-05-05 15:30:15,874 - app.core.rag - WARNING - 知识片段清洗后为空，已跳过。来源: 中华人民共和国宪法.docx
2026-05-05 15:30:15,874 - app.core.rag - WARNING - 知识片段清洗后为空，已跳过。来源: 中华人民共和国宪法.docx
2026-05-05 15:30:15,874 - app.core.rag - WARNING - 知识片段清洗后为空，已跳过。来源: 中华人民共和国宪法.docx
2026-05-05 15:30:15,875 - app.core.rag - WARNING - 知识片段清洗后为空，已跳过。来源: 中华人民共和国宪法.docx
2026-05-05 15:30:15,875 - app.core.rag - WARNING - 知识片段清洗后为空，已跳过。来源: 中华人民共和国工会法.docx
2026-05-05 15:30:15,876 - app.core.rag - WARNING - 知识片段清洗后为空，已跳过。来源: 中华人民共和国工会法.docx
2026-05-05 15:30:15,876 - app.core.rag - WARNING - 知识片段清洗后为空，已跳过。来源: 中华人民共和国工会法.docx
2026-05-05 15:30:15,877 - app.core.rag - WARNING - 知识片段清洗后为空，已跳过。来源: 中华人民共和国工会法.docx
2026-05-05 15:30:15,877 - app.core.rag - WARNING - 知识片段清洗后为空，已跳过。来源: 中华人民共和国工会法.docx
2026-05-05 15:30:15,877 - app.core.rag - WARNING - 知识片段清洗后为空，已跳过。来源: 中华人民共和国工会法.docx
2026-05-05 15:30:15,878 - app.core.rag - WARNING - 知识片段清洗后为空，已跳过。来源: 中华人民共和国工会法.docx
2026-05-05 15:30:15,878 - app.core.rag - WARNING - 知识片段清洗后为空，已跳过。来源: 中华人民共和国未成年人保护法.docx
2026-05-05 15:30:15,879 - app.core.rag - WARNING - 知识片段清洗后为空，已跳过。来源: 中华人民共和国未成年人保护法.docx
2026-05-05 15:30:15,881 - app.core.rag - WARNING - 知识片段清洗后为空，已跳过。来源: 中华人民共和国未成年人保护法.docx
2026-05-05 15:30:15,881 - app.core.rag - WARNING - 知识片段清洗后为空，已跳过。来源: 中华人民共和国未成年人保护法.docx
2026-05-05 15:30:15,882 - app.core.rag - WARNING - 知识片段清洗后为空，已跳过。来源: 中华人民共和国未成年人保护法.docx
2026-05-05 15:30:15,882 - app.core.rag - WARNING - 知识片段清洗后为空，已跳过。来源: 中华人民共和国未成年人保护法.docx
2026-05-05 15:30:15,883 - app.core.rag - WARNING - 知识片段清洗后为空，已跳过。来源: 中华人民共和国未成年人保护法.docx
2026-05-05 15:30:15,884 - app.core.rag - WARNING - 知识片段清洗后为空，已跳过。来源: 中华人民共和国未成年人保护法.docx
2026-05-05 15:30:15,884 - app.core.rag - WARNING - 知识片段清洗后为空，已跳过。来源: 中华人民共和国民法典_20200528.docx
2026-05-05 15:30:15,885 - app.core.rag - WARNING - 知识片段清洗后为空，已跳过。来源: 中华人民共和国民法典_20200528.docx
2026-05-05 15:30:15,885 - app.core.rag - WARNING - 知识片段清洗后为空，已跳过。来源: 中华人民共和国民法典_20200528.docx
2026-05-05 15:30:15,886 - app.core.rag - WARNING - 知识片段清洗后为空，已跳过。来源: 中华人民共和国民法典_20200528.docx
2026-05-05 15:30:15,886 - app.core.rag - WARNING - 知识片段清洗后为空，已跳过。来源: 中华人民共和国民法典_20200528.docx
2026-05-05 15:30:15,887 - app.core.rag - WARNING - 知识片段清洗后为空，已跳过。来源: 中华人民共和国民法典_20200528.docx
2026-05-05 15:30:15,888 - app.core.rag - WARNING - 知识片段清洗后为空，已跳过。来源: 中华人民共和国民法典_20200528.docx
2026-05-05 15:30:15,888 - app.core.rag - WARNING - 知识片段清洗后为空，已跳过。来源: 中华人民共和国民法典_20200528.docx
2026-05-05 15:30:15,889 - app.core.rag - WARNING - 知识片段清洗后为空，已跳过。来源: 中华人民共和国民法典_20200528.docx
2026-05-05 15:30:15,889 - app.core.rag - WARNING - 知识片段清洗后为空，已跳过。来源: 中华人民共和国民法典_20200528.docx
2026-05-05 15:30:15,891 - app.core.rag - WARNING - 知识片段清洗后为空，已跳过。来源: 中华人民共和国民法典_20200528.docx
2026-05-05 15:30:15,891 - app.core.rag - WARNING - 知识片段清洗后为空，已跳过。来源: 中华人民共和国民法典_20200528.docx
2026-05-05 15:30:15,892 - app.core.rag - WARNING - 知识片段清洗后为空，已跳过。来源: 中华人民共和国民法典_20200528.docx
2026-05-05 15:30:15,892 - app.core.rag - WARNING - 知识片段清洗后为空，已跳过。来源: 中华人民共和国民法典_20200528.docx
2026-05-05 15:30:15,892 - app.core.rag - WARNING - 知识片段清洗后为空，已跳过。来源: 中华人民共和国民法典_20200528.docx
2026-05-05 15:30:15,893 - app.core.rag - WARNING - 知识片段清洗后为空，已跳过。来源: 中华人民共和国民法典_20200528.docx
2026-05-05 15:30:15,894 - app.core.rag - WARNING - 知识片段清洗后为空，已跳过。来源: 中华人民共和国民法典_20200528.docx
2026-05-05 15:30:15,894 - app.core.rag - WARNING - 知识片段清洗后为空，已跳过。来源: 中华人民共和国民法典_20200528.docx
2026-05-05 15:30:15,894 - app.core.rag - WARNING - 知识片段清洗后为空，已跳过。来源: 中华人民共和国民法典_20200528.docx
2026-05-05 15:30:15,896 - app.core.rag - WARNING - 知识片段清洗后为空，已跳过。来源: 中华人民共和国民法典_20200528.docx
2026-05-05 15:30:15,896 - app.core.rag - WARNING - 知识片段清洗后为空，已跳过。来源: 中华人民共和国民法典_20200528.docx
2026-05-05 15:30:15,896 - app.core.rag - WARNING - 知识片段清洗后为空，已跳过。来源: 中华人民共和国民法典_20200528.docx
2026-05-05 15:30:15,897 - app.core.rag - WARNING - 知识片段清洗后为空，已跳过。来源: 中华人民共和国民法典_20200528.docx
2026-05-05 15:30:15,897 - app.core.rag - WARNING - 知识片段清洗后为空，已跳过。来源: 中华人民共和国民法典_20200528.docx
2026-05-05 15:30:15,898 - app.core.rag - WARNING - 知识片段清洗后为空，已跳过。来源: 中华人民共和国民法典_20200528.docx
2026-05-05 15:30:15,899 - app.core.rag - WARNING - 知识片段清洗后为空，已跳过。来源: 中华人民共和国民法典_20200528.docx
2026-05-05 15:30:15,900 - app.core.rag - WARNING - 知识片段清洗后为空，已跳过。来源: 中华人民共和国民法典_20200528.docx
2026-05-05 15:30:15,900 - app.core.rag - WARNING - 知识片段清洗后为空，已跳过。来源: 中华人民共和国民法典_20200528.docx
2026-05-05 15:30:15,901 - app.core.rag - WARNING - 知识片段清洗后为空，已跳过。来源: 中华人民共和国民法典_20200528.docx
2026-05-05 15:30:15,901 - app.core.rag - WARNING - 知识片段清洗后为空，已跳过。来源: 中华人民共和国民法典_20200528.docx
2026-05-05 15:30:15,901 - app.core.rag - WARNING - 知识片段清洗后为空，已跳过。来源: 中华人民共和国民法典_20200528.docx
2026-05-05 15:30:15,903 - app.core.rag - WARNING - 知识片段清洗后为空，已跳过。来源: 中华人民共和国民法典_20200528.docx
2026-05-05 15:30:15,903 - app.core.rag - WARNING - 知识片段清洗后为空，已跳过。来源: 中华人民共和国民法典_20200528.docx
2026-05-05 15:30:15,904 - app.core.rag - WARNING - 知识片段清洗后为空，已跳过。来源: 中华人民共和国民法典_20200528.docx
2026-05-05 15:30:15,904 - app.core.rag - WARNING - 知识片段清洗后为空，已跳过。来源: 中华人民共和国民法典_20200528.docx
2026-05-05 15:30:15,905 - app.core.rag - WARNING - 知识片段清洗后为空，已跳过。来源: 中华人民共和国民法典_20200528.docx
2026-05-05 15:30:15,906 - app.core.rag - WARNING - 知识片段清洗后为空，已跳过。来源: 中华人民共和国民法典_20200528.docx
2026-05-05 15:30:15,906 - app.core.rag - WARNING - 知识片段清洗后为空，已跳过。来源: 中华人民共和国民法典_20200528.docx
2026-05-05 15:30:15,907 - app.core.rag - WARNING - 知识片段清洗后为空，已跳过。来源: 中华人民共和国民法典_20200528.docx
2026-05-05 15:30:15,907 - app.core.rag - WARNING - 知识片段清洗后为空，已跳过。来源: 中华人民共和国民法典_20200528.docx
2026-05-05 15:30:15,908 - app.core.rag - WARNING - 知识片段清洗后为空，已跳过。来源: 中华人民共和国民法典_20200528.docx
2026-05-05 15:30:15,908 - app.core.rag - WARNING - 知识片段清洗后为空，已跳过。来源: 中华人民共和国民法典_20200528.docx
2026-05-05 15:30:15,909 - app.core.rag - WARNING - 知识片段清洗后为空，已跳过。来源: 中华人民共和国民法典_20200528.docx
2026-05-05 15:30:15,909 - app.core.rag - WARNING - 知识片段清洗后为空，已跳过。来源: 中华人民共和国民法典_20200528.docx
2026-05-05 15:30:15,911 - app.core.rag - WARNING - 知识片段清洗后为空，已跳过。来源: 中华人民共和国民法典_20200528.docx
2026-05-05 15:30:15,911 - app.core.rag - WARNING - 知识片段清洗后为空，已跳过。来源: 中华人民共和国民法典_20200528.docx
2026-05-05 15:30:15,912 - app.core.rag - WARNING - 知识片段清洗后为空，已跳过。来源: 中华人民共和国民法典_20200528.docx
2026-05-05 15:30:15,913 - app.core.rag - WARNING - 知识片段清洗后为空，已跳过。来源: 中华人民共和国民法典_20200528.docx
2026-05-05 15:30:15,913 - app.core.rag - WARNING - 知识片段清洗后为空，已跳过。来源: 中华人民共和国民法典_20200528.docx
2026-05-05 15:30:15,913 - app.core.rag - WARNING - 知识片段清洗后为空，已跳过。来源: 中华人民共和国民法典_20200528.docx
2026-05-05 15:30:15,914 - app.core.rag - WARNING - 知识片段清洗后为空，已跳过。来源: 中华人民共和国民法典_20200528.docx
2026-05-05 15:30:15,914 - app.core.rag - WARNING - 知识片段清洗后为空，已跳过。来源: 中华人民共和国民法典_20200528.docx
2026-05-05 15:30:15,916 - app.core.rag - WARNING - 知识片段清洗后为空，已跳过。来源: 中华人民共和国民法典_20200528.docx
2026-05-05 15:30:15,917 - app.core.rag - WARNING - 知识片段清洗后为空，已跳过。来源: 中华人民共和国民法典_20200528.docx
2026-05-05 15:30:15,917 - app.core.rag - WARNING - 知识片段清洗后为空，已跳过。来源: 中华人民共和国民法典_20200528.docx
2026-05-05 15:30:15,918 - app.core.rag - WARNING - 知识片段清洗后为空，已跳过。来源: 中华人民共和国民法典_20200528.docx
2026-05-05 15:30:15,919 - app.core.rag - WARNING - 知识片段清洗后为空，已跳过。来源: 中华人民共和国民法典_20200528.docx
2026-05-05 15:30:15,920 - app.core.rag - WARNING - 知识片段清洗后为空，已跳过。来源: 中华人民共和国民法典_20200528.docx
2026-05-05 15:30:15,920 - app.core.rag - WARNING - 知识片段清洗后为空，已跳过。来源: 中华人民共和国民法典_20200528.docx
2026-05-05 15:30:15,921 - app.core.rag - WARNING - 知识片段清洗后为空，已跳过。来源: 中华人民共和国民法典_20200528.docx
2026-05-05 15:30:15,921 - app.core.rag - WARNING - 知识片段清洗后为空，已跳过。来源: 中华人民共和国民法典_20200528.docx
2026-05-05 15:30:15,922 - app.core.rag - WARNING - 知识片段清洗后为空，已跳过。来源: 中华人民共和国民法典_20200528.docx
2026-05-05 15:30:15,923 - app.core.rag - WARNING - 知识片段清洗后为空，已跳过。来源: 中华人民共和国民法典_20200528.docx
2026-05-05 15:30:15,923 - app.core.rag - WARNING - 知识片段清洗后为空，已跳过。来源: 中华人民共和国民法典_20200528.docx
2026-05-05 15:30:15,924 - app.core.rag - WARNING - 知识片段清洗后为空，已跳过。来源: 中华人民共和国民法典_20200528.docx
2026-05-05 15:30:15,924 - app.core.rag - WARNING - 知识片段清洗后为空，已跳过。来源: 中华人民共和国民法典_20200528.docx
2026-05-05 15:30:15,926 - app.core.rag - WARNING - 知识片段清洗后为空，已跳过。来源: 中华人民共和国民法典_20200528.docx
2026-05-05 15:30:15,927 - app.core.rag - WARNING - 知识片段清洗后为空，已跳过。来源: 中华人民共和国民法典_20200528.docx
2026-05-05 15:30:15,928 - app.core.rag - WARNING - 知识片段清洗后为空，已跳过。来源: 中华人民共和国民法典_20200528.docx
2026-05-05 15:30:15,928 - app.core.rag - WARNING - 知识片段清洗后为空，已跳过。来源: 中华人民共和国民法典_20200528.docx
2026-05-05 15:30:15,929 - app.core.rag - WARNING - 知识片段清洗后为空，已跳过。来源: 中华人民共和国民法典_20200528.docx
2026-05-05 15:30:15,929 - app.core.rag - WARNING - 知识片段清洗后为空，已跳过。来源: 中华人民共和国民法典_20200528.docx
2026-05-05 15:30:15,930 - app.core.rag - WARNING - 知识片段清洗后为空，已跳过。来源: 中华人民共和国民法典_20200528.docx
2026-05-05 15:30:15,931 - app.core.rag - WARNING - 知识片段清洗后为空，已跳过。来源: 中华人民共和国民法典_20200528.docx
2026-05-05 15:30:15,931 - app.core.rag - WARNING - 知识片段清洗后为空，已跳过。来源: 中华人民共和国民法典_20200528.docx
2026-05-05 15:30:15,932 - app.core.rag - WARNING - 知识片段清洗后为空，已跳过。来源: 中华人民共和国民法典_20200528.docx
2026-05-05 15:30:15,933 - app.core.rag - WARNING - 知识片段清洗后为空，已跳过。来源: 中华人民共和国民法典_20200528.docx
2026-05-05 15:30:15,933 - app.core.rag - WARNING - 知识片段清洗后为空，已跳过。来源: 中华人民共和国民法典_20200528.docx
2026-05-05 15:30:15,934 - app.core.rag - WARNING - 知识片段清洗后为空，已跳过。来源: 中华人民共和国民法典_20200528.docx
2026-05-05 15:30:15,934 - app.core.rag - WARNING - 知识片段清洗后为空，已跳过。来源: 中华人民共和国民法典_20200528.docx
2026-05-05 15:30:15,935 - app.core.rag - WARNING - 知识片段清洗后为空，已跳过。来源: 中华人民共和国民法典_20200528.docx
2026-05-05 15:30:15,935 - app.core.rag - WARNING - 知识片段清洗后为空，已跳过。来源: 中华人民共和国民法典_20200528.docx
2026-05-05 15:30:15,936 - app.core.rag - WARNING - 知识片段清洗后为空，已跳过。来源: 中华人民共和国民法典_20200528.docx
2026-05-05 15:30:15,936 - app.core.rag - WARNING - 知识片段清洗后为空，已跳过。来源: 中华人民共和国民法典_20200528.docx
2026-05-05 15:30:15,937 - app.core.rag - WARNING - 知识片段清洗后为空，已跳过。来源: 中华人民共和国民法典_20200528.docx
2026-05-05 15:30:15,938 - app.core.rag - WARNING - 知识片段清洗后为空，已跳过。来源: 中华人民共和国民法典_20200528.docx
2026-05-05 15:30:15,939 - app.core.rag - WARNING - 知识片段清洗后为空，已跳过。来源: 中华人民共和国民法典_20200528.docx
2026-05-05 15:30:15,939 - app.core.rag - WARNING - 知识片段清洗后为空，已跳过。来源: 中华人民共和国民法典_20200528.docx
2026-05-05 15:30:15,939 - app.core.rag - WARNING - 知识片段清洗后为空，已跳过。来源: 中华人民共和国民法典_20200528.docx
2026-05-05 15:30:15,940 - app.core.rag - WARNING - 知识片段清洗后为空，已跳过。来源: 中华人民共和国民法典_20200528.docx
2026-05-05 15:30:15,941 - app.core.rag - WARNING - 知识片段清洗后为空，已跳过。来源: 中华人民共和国民法典_20200528.docx
2026-05-05 15:30:15,941 - app.core.rag - WARNING - 知识片段清洗后为空，已跳过。来源: 中华人民共和国民法典_20200528.docx
2026-05-05 15:30:15,941 - app.core.rag - WARNING - 知识片段清洗后为空，已跳过。来源: 中华人民共和国民法典_20200528.docx
2026-05-05 15:30:15,942 - app.core.rag - WARNING - 知识片段清洗后为空，已跳过。来源: 中华人民共和国民法典_20200528.docx
2026-05-05 15:30:15,943 - app.core.rag - WARNING - 知识片段清洗后为空，已跳过。来源: 中华人民共和国民法典_20200528.docx
2026-05-05 15:30:15,943 - app.core.rag - WARNING - 知识片段清洗后为空，已跳过。来源: 中华人民共和国民法典_20200528.docx
2026-05-05 15:30:15,944 - app.core.rag - WARNING - 知识片段清洗后为空，已跳过。来源: 中华人民共和国民法典_20200528.docx
2026-05-05 15:30:15,944 - app.core.rag - WARNING - 知识片段清洗后为空，已跳过。来源: 中华人民共和国民法典_20200528.docx
2026-05-05 15:30:15,944 - app.core.rag - WARNING - 知识片段清洗后为空，已跳过。来源: 中华人民共和国民法典_20200528.docx
2026-05-05 15:30:15,946 - app.core.rag - WARNING - 知识片段清洗后为空，已跳过。来源: 中华人民共和国民法典_20200528.docx
2026-05-05 15:30:15,947 - app.core.rag - WARNING - 知识片段清洗后为空，已跳过。来源: 中华人民共和国民法典_20200528.docx
2026-05-05 15:30:15,948 - app.core.rag - WARNING - 知识片段清洗后为空，已跳过。来源: 中华人民共和国民法典_20200528.docx
2026-05-05 15:30:15,948 - app.core.rag - WARNING - 知识片段清洗后为空，已跳过。来源: 中华人民共和国民法典_20200528.docx
2026-05-05 15:30:15,948 - app.core.rag - WARNING - 知识片段清洗后为空，已跳过。来源: 中华人民共和国民法典_20200528.docx
2026-05-05 15:30:15,949 - app.core.rag - WARNING - 知识片段清洗后为空，已跳过。来源: 中华人民共和国民法典_20200528.docx
2026-05-05 15:30:15,950 - app.core.rag - WARNING - 知识片段清洗后为空，已跳过。来源: 中华人民共和国民法典_20200528.docx
2026-05-05 15:30:15,950 - app.core.rag - WARNING - 知识片段清洗后为空，已跳过。来源: 中华人民共和国民法典_20200528.docx
2026-05-05 15:30:15,951 - app.core.rag - WARNING - 知识片段清洗后为空，已跳过。来源: 中华人民共和国民法典_20200528.docx
2026-05-05 15:30:15,951 - app.core.rag - WARNING - 知识片段清洗后为空，已跳过。来源: 中华人民共和国民法典_20200528.docx
2026-05-05 15:30:15,951 - app.core.rag - WARNING - 知识片段清洗后为空，已跳过。来源: 中华人民共和国民法典_20200528.docx
2026-05-05 15:30:15,953 - app.core.rag - WARNING - 知识片段清洗后为空，已跳过。来源: 中华人民共和国民法典_20200528.docx
2026-05-05 15:30:15,954 - app.core.rag - WARNING - 知识片段清洗后为空，已跳过。来源: 中华人民共和国民法典_20200528.docx
2026-05-05 15:30:15,954 - app.core.rag - WARNING - 知识片段清洗后为空，已跳过。来源: 中华人民共和国民法典_20200528.docx
2026-05-05 15:30:15,955 - app.core.rag - WARNING - 知识片段清洗后为空，已跳过。来源: 中华人民共和国民法典_20200528.docx
2026-05-05 15:30:15,955 - app.core.rag - WARNING - 知识片段清洗后为空，已跳过。来源: 中华人民共和国民法典_20200528.docx
2026-05-05 15:30:15,955 - app.core.rag - WARNING - 知识片段清洗后为空，已跳过。来源: 中华全国律师协会律师执业行为规范（2024 修订）.docx
2026-05-05 15:30:15,956 - app.core.rag - WARNING - 知识片段清洗后为空，已跳过。来源: 中华全国律师协会律师执业行为规范（2024 修订）.docx
2026-05-05 15:30:15,957 - app.core.rag - WARNING - 知识片段清洗后为空，已跳过。来源: 中华全国律师协会律师执业行为规范（2024 修订）.docx
2026-05-05 15:30:15,958 - app.core.rag - WARNING - 知识片段清洗后为空，已跳过。来源: 中华全国律师协会律师执业行为规范（2024 修订）.docx
2026-05-05 15:30:15,958 - app.core.rag - WARNING - 知识片段清洗后为空，已跳过。来源: 中华全国律师协会律师执业行为规范（2024 修订）.docx
2026-05-05 15:30:15,959 - app.core.rag - WARNING - 知识片段清洗后为空，已跳过。来源: 中华全国律师协会律师执业行为规范（2024 修订）.docx
2026-05-05 15:30:15,960 - app.core.rag - WARNING - 知识片段清洗后为空，已跳过。来源: 中华全国律师协会律师执业行为规范（2024 修订）.docx
2026-05-05 15:30:15,960 - app.core.rag - WARNING - 知识片段清洗后为空，已跳过。来源: 中华全国律师协会律师执业行为规范（2024 修订）.docx
2026-05-05 15:30:15,961 - app.core.rag - WARNING - 知识片段清洗后为空，已跳过。来源: 乳腺癌.docx
2026-05-05 15:30:15,961 - app.core.rag - WARNING - 知识片段清洗后为空，已跳过。来源: 乳腺癌.docx
2026-05-05 15:30:15,962 - app.core.rag - WARNING - 知识片段清洗后为空，已跳过。来源: 乳腺癌.docx
2026-05-05 15:30:15,963 - app.core.rag - WARNING - 知识片段清洗后为空，已跳过。来源: 乳腺癌.docx
2026-05-05 15:30:15,963 - app.core.rag - WARNING - 知识片段清洗后为空，已跳过。来源: 哮喘.docx
2026-05-05 15:30:15,964 - app.core.rag - WARNING - 知识片段清洗后为空，已跳过。来源: 哮喘.docx
2026-05-05 15:30:15,964 - app.core.rag - WARNING - 知识片段清洗后为空，已跳过。来源: 哮喘.docx
2026-05-05 15:30:15,965 - app.core.rag - WARNING - 知识片段清洗后为空，已跳过。来源: 商业银行理财管理办法2024.docx
2026-05-05 15:30:15,966 - app.core.rag - WARNING - 知识片段清洗后为空，已跳过。来源: 商业银行理财管理办法2024.docx
2026-05-05 15:30:15,966 - app.core.rag - WARNING - 知识片段清洗后为空，已跳过。来源: 国家基层高血压防治管理手册2025版.pdf
2026-05-05 15:30:15,966 - app.core.rag - WARNING - 知识片段清洗后为空，已跳过。来源: 国家基层高血压防治管理手册2025版.pdf
2026-05-05 15:30:15,967 - app.core.rag - WARNING - 知识片段清洗后为空，已跳过。来源: 国家基层高血压防治管理手册2025版.pdf
2026-05-05 15:30:15,968 - app.core.rag - WARNING - 知识片段清洗后为空，已跳过。来源: 国家基层高血压防治管理手册2025版.pdf
2026-05-05 15:30:15,969 - app.core.rag - WARNING - 知识片段清洗后为空，已跳过。来源: 国家基层高血压防治管理手册2025版.pdf
2026-05-05 15:30:15,969 - app.core.rag - WARNING - 知识片段清洗后为空，已跳过。来源: 国家基层高血压防治管理手册2025版.pdf
2026-05-05 15:30:15,971 - app.core.rag - WARNING - 知识片段清洗后为空，已跳过。来源: 国家基层高血压防治管理手册2025版.pdf
2026-05-05 15:30:15,971 - app.core.rag - WARNING - 知识片段清洗后为空，已跳过。来源: 国家基层高血压防治管理手册2025版.pdf
2026-05-05 15:30:15,972 - app.core.rag - WARNING - 知识片段清洗后为空，已跳过。来源: 国家基层高血压防治管理手册2025版.pdf
2026-05-05 15:30:15,973 - app.core.rag - WARNING - 知识片段清洗后为空，已跳过。来源: 国家基层高血压防治管理手册2025版.pdf
2026-05-05 15:30:15,973 - app.core.rag - WARNING - 知识片段清洗后为空，已跳过。来源: 国家基层高血压防治管理手册2025版.pdf
2026-05-05 15:30:15,974 - app.core.rag - WARNING - 知识片段清洗后为空，已跳过。来源: 国家基层高血压防治管理手册2025版.pdf
2026-05-05 15:30:15,974 - app.core.rag - WARNING - 知识片段清洗后为空，已跳过。来源: 国家基层高血压防治管理手册2025版.pdf
2026-05-05 15:30:15,974 - app.core.rag - WARNING - 知识片段清洗后为空，已跳过。来源: 国家基层高血压防治管理手册2025版.pdf
2026-05-05 15:30:15,976 - app.core.rag - WARNING - 知识片段清洗后为空，已跳过。来源: 国家基层高血压防治管理手册2025版.pdf
2026-05-05 15:30:15,977 - app.core.rag - WARNING - 知识片段清洗后为空，已跳过。来源: 国家基层高血压防治管理手册2025版.pdf
2026-05-05 15:30:15,977 - app.core.rag - WARNING - 知识片段清洗后为空，已跳过。来源: 国家基层高血压防治管理手册2025版.pdf
2026-05-05 15:30:15,978 - app.core.rag - WARNING - 知识片段清洗后为空，已跳过。来源: 国家基层高血压防治管理手册2025版.pdf
2026-05-05 15:30:15,978 - app.core.rag - WARNING - 知识片段清洗后为空，已跳过。来源: 国家基层高血压防治管理手册2025版.pdf
2026-05-05 15:30:15,979 - app.core.rag - WARNING - 知识片段清洗后为空，已跳过。来源: 国家基层高血压防治管理手册2025版.pdf
2026-05-05 15:30:15,980 - app.core.rag - WARNING - 知识片段清洗后为空，已跳过。来源: 国家基层高血压防治管理手册2025版.pdf
2026-05-05 15:30:15,981 - app.core.rag - WARNING - 知识片段清洗后为空，已跳过。来源: 国家基层高血压防治管理手册2025版.pdf
2026-05-05 15:30:15,981 - app.core.rag - WARNING - 知识片段清洗后为空，已跳过。来源: 国家基层高血压防治管理手册2025版.pdf
2026-05-05 15:30:15,981 - app.core.rag - WARNING - 知识片段清洗后为空，已跳过。来源: 国家基层高血压防治管理手册2025版.pdf
2026-05-05 15:30:15,983 - app.core.rag - WARNING - 知识片段清洗后为空，已跳过。来源: 国家基层高血压防治管理手册2025版.pdf
2026-05-05 15:30:15,983 - app.core.rag - WARNING - 知识片段清洗后为空，已跳过。来源: 国家基层高血压防治管理手册2025版.pdf
2026-05-05 15:30:15,984 - app.core.rag - WARNING - 知识片段清洗后为空，已跳过。来源: 国家基层高血压防治管理手册2025版.pdf
2026-05-05 15:30:15,984 - app.core.rag - WARNING - 知识片段清洗后为空，已跳过。来源: 国家基层高血压防治管理手册2025版.pdf
2026-05-05 15:30:15,985 - app.core.rag - WARNING - 知识片段清洗后为空，已跳过。来源: 国家基层高血压防治管理手册2025版.pdf
2026-05-05 15:30:15,986 - app.core.rag - WARNING - 知识片段清洗后为空，已跳过。来源: 国家基层高血压防治管理手册2025版.pdf
2026-05-05 15:30:15,986 - app.core.rag - WARNING - 知识片段清洗后为空，已跳过。来源: 国家基层高血压防治管理手册2025版.pdf
2026-05-05 15:30:15,986 - app.core.rag - WARNING - 知识片段清洗后为空，已跳过。来源: 国家基层高血压防治管理手册2025版.pdf
2026-05-05 15:30:15,987 - app.core.rag - WARNING - 知识片段清洗后为空，已跳过。来源: 国家基层高血压防治管理手册2025版.pdf
2026-05-05 15:30:15,988 - app.core.rag - WARNING - 知识片段清洗后为空，已跳过。来源: 国家基层高血压防治管理手册2025版.pdf
2026-05-05 15:30:15,988 - app.core.rag - WARNING - 知识片段清洗后为空，已跳过。来源: 国家基层高血压防治管理手册2025版.pdf
2026-05-05 15:30:15,989 - app.core.rag - WARNING - 知识片段清洗后为空，已跳过。来源: 国家基层高血压防治管理手册2025版.pdf
2026-05-05 15:30:15,989 - app.core.rag - WARNING - 知识片段清洗后为空，已跳过。来源: 天体物理学.docx
2026-05-05 15:30:15,989 - app.core.rag - WARNING - 知识片段清洗后为空，已跳过。来源: 天体物理学.docx
2026-05-05 15:30:15,991 - app.core.rag - WARNING - 知识片段清洗后为空，已跳过。来源: 天体物理学.docx
2026-05-05 15:30:15,992 - app.core.rag - WARNING - 知识片段清洗后为空，已跳过。来源: 天体物理学.docx
2026-05-05 15:30:15,992 - app.core.rag - WARNING - 知识片段清洗后为空，已跳过。来源: 天体物理学.docx
2026-05-05 15:30:15,993 - app.core.rag - WARNING - 知识片段清洗后为空，已跳过。来源: 天体物理学.docx
2026-05-05 15:30:15,993 - app.core.rag - WARNING - 知识片段清洗后为空，已跳过。来源: 天体物理学.docx
2026-05-05 15:30:15,993 - app.core.rag - WARNING - 知识片段清洗后为空，已跳过。来源: 天体物理学.docx
2026-05-05 15:30:15,994 - app.core.rag - WARNING - 知识片段清洗后为空，已跳过。来源: 天体物理学.docx
2026-05-05 15:30:15,994 - app.core.rag - WARNING - 知识片段清洗后为空，已跳过。来源: 天体物理学.docx
2026-05-05 15:30:15,996 - app.core.rag - WARNING - 知识片段清洗后为空，已跳过。来源: 天体物理学.docx
2026-05-05 15:30:15,997 - app.core.rag - WARNING - 知识片段清洗后为空，已跳过。来源: 天体物理学.docx
2026-05-05 15:30:15,997 - app.core.rag - WARNING - 知识片段清洗后为空，已跳过。来源: 天体物理学.docx
2026-05-05 15:30:15,998 - app.core.rag - WARNING - 知识片段清洗后为空，已跳过。来源: 天体物理学.docx
2026-05-05 15:30:15,998 - app.core.rag - WARNING - 知识片段清洗后为空，已跳过。来源: 天体物理学.docx
2026-05-05 15:30:15,999 - app.core.rag - WARNING - 知识片段清洗后为空，已跳过。来源: 天体物理学.docx
2026-05-05 15:30:15,999 - app.core.rag - WARNING - 知识片段清洗后为空，已跳过。来源: 天体物理学.docx
2026-05-05 15:30:16,000 - app.core.rag - WARNING - 知识片段清洗后为空，已跳过。来源: 天体物理学.docx
2026-05-05 15:30:16,001 - app.core.rag - WARNING - 知识片段清洗后为空，已跳过。来源: 天体物理学.docx
2026-05-05 15:30:16,001 - app.core.rag - WARNING - 知识片段清洗后为空，已跳过。来源: 天体物理学.docx
2026-05-05 15:30:16,001 - app.core.rag - WARNING - 知识片段清洗后为空，已跳过。来源: 天体物理学.docx
2026-05-05 15:30:16,002 - app.core.rag - WARNING - 知识片段清洗后为空，已跳过。来源: 天体物理学.docx
2026-05-05 15:30:16,003 - app.core.rag - WARNING - 知识片段清洗后为空，已跳过。来源: 天体物理学.docx
2026-05-05 15:30:16,003 - app.core.rag - WARNING - 知识片段清洗后为空，已跳过。来源: 天体物理学.docx
2026-05-05 15:30:16,004 - app.core.rag - WARNING - 知识片段清洗后为空，已跳过。来源: 天体物理学.docx
2026-05-05 15:30:16,004 - app.core.rag - WARNING - 知识片段清洗后为空，已跳过。来源: 天体物理学.docx
2026-05-05 15:30:16,006 - app.core.rag - WARNING - 知识片段清洗后为空，已跳过。来源: 天体物理学.docx
2026-05-05 15:30:16,006 - app.core.rag - WARNING - 知识片段清洗后为空，已跳过。来源: 天体物理学.docx
2026-05-05 15:30:16,007 - app.core.rag - WARNING - 知识片段清洗后为空，已跳过。来源: 天体物理学.docx
2026-05-05 15:30:16,007 - app.core.rag - WARNING - 知识片段清洗后为空，已跳过。来源: 天体物理学.docx
2026-05-05 15:30:16,008 - app.core.rag - WARNING - 知识片段清洗后为空，已跳过。来源: 天体物理学.docx
2026-05-05 15:30:16,009 - app.core.rag - WARNING - 知识片段清洗后为空，已跳过。来源: 天体物理学.docx
2026-05-05 15:30:16,010 - app.core.rag - WARNING - 知识片段清洗后为空，已跳过。来源: 天体物理学.docx
2026-05-05 15:30:16,010 - app.core.rag - WARNING - 知识片段清洗后为空，已跳过。来源: 天体物理学.docx
2026-05-05 15:30:16,011 - app.core.rag - WARNING - 知识片段清洗后为空，已跳过。来源: 天体物理学.docx
2026-05-05 15:30:16,011 - app.core.rag - WARNING - 知识片段清洗后为空，已跳过。来源: 天体物理学.docx
2026-05-05 15:30:16,011 - app.core.rag - WARNING - 知识片段清洗后为空，已跳过。来源: 天体物理学.docx
2026-05-05 15:30:16,011 - app.core.rag - WARNING - 知识片段清洗后为空，已跳过。来源: 天体物理学.docx
2026-05-05 15:30:16,013 - app.core.rag - WARNING - 知识片段清洗后为空，已跳过。来源: 天体物理学.docx
2026-05-05 15:30:16,014 - app.core.rag - WARNING - 知识片段清洗后为空，已跳过。来源: 天体物理学.docx
2026-05-05 15:30:16,014 - app.core.rag - WARNING - 知识片段清洗后为空，已跳过。来源: 天体物理学.docx
2026-05-05 15:30:16,015 - app.core.rag - WARNING - 知识片段清洗后为空，已跳过。来源: 天体物理学.docx
2026-05-05 15:30:16,015 - app.core.rag - WARNING - 知识片段清洗后为空，已跳过。来源: 天体物理学.docx
2026-05-05 15:30:16,016 - app.core.rag - WARNING - 知识片段清洗后为空，已跳过。来源: 天体物理学.docx
2026-05-05 15:30:16,016 - app.core.rag - WARNING - 知识片段清洗后为空，已跳过。来源: 天体物理学.docx
2026-05-05 15:30:16,016 - app.core.rag - WARNING - 知识片段清洗后为空，已跳过。来源: 天体物理学.docx
2026-05-05 15:30:16,017 - app.core.rag - WARNING - 知识片段清洗后为空，已跳过。来源: 天体物理学.docx
2026-05-05 15:30:16,018 - app.core.rag - WARNING - 知识片段清洗后为空，已跳过。来源: 天体物理学.docx
2026-05-05 15:30:16,018 - app.core.rag - WARNING - 知识片段清洗后为空，已跳过。来源: 天体物理学.docx
2026-05-05 15:30:16,019 - app.core.rag - WARNING - 知识片段清洗后为空，已跳过。来源: 天体物理学.docx
2026-05-05 15:30:16,019 - app.core.rag - WARNING - 知识片段清洗后为空，已跳过。来源: 天体物理学.docx
2026-05-05 15:30:16,021 - app.core.rag - WARNING - 知识片段清洗后为空，已跳过。来源: 天体物理学.docx
2026-05-05 15:30:16,021 - app.core.rag - WARNING - 知识片段清洗后为空，已跳过。来源: 天体物理学.docx
2026-05-05 15:30:16,022 - app.core.rag - WARNING - 知识片段清洗后为空，已跳过。来源: 天体物理学.docx
2026-05-05 15:30:16,022 - app.core.rag - WARNING - 知识片段清洗后为空，已跳过。来源: 天体物理学.docx
2026-05-05 15:30:16,023 - app.core.rag - WARNING - 知识片段清洗后为空，已跳过。来源: 天体物理学.docx
2026-05-05 15:30:16,023 - app.core.rag - WARNING - 知识片段清洗后为空，已跳过。来源: 天体物理学.docx
2026-05-05 15:30:16,024 - app.core.rag - WARNING - 知识片段清洗后为空，已跳过。来源: 天体物理学.docx
2026-05-05 15:30:16,024 - app.core.rag - WARNING - 知识片段清洗后为空，已跳过。来源: 天体物理学.docx
2026-05-05 15:30:16,024 - app.core.rag - WARNING - 知识片段清洗后为空，已跳过。来源: 天体物理学.docx
2026-05-05 15:30:16,026 - app.core.rag - WARNING - 知识片段清洗后为空，已跳过。来源: 天体物理学.docx
2026-05-05 15:30:16,027 - app.core.rag - WARNING - 知识片段清洗后为空，已跳过。来源: 天体物理学.docx
2026-05-05 15:30:16,027 - app.core.rag - WARNING - 知识片段清洗后为空，已跳过。来源: 天体物理学.docx
2026-05-05 15:30:16,027 - app.core.rag - WARNING - 知识片段清洗后为空，已跳过。来源: 天体物理学.docx
2026-05-05 15:30:16,028 - app.core.rag - WARNING - 知识片段清洗后为空，已跳过。来源: 天体物理学.docx
2026-05-05 15:30:16,028 - app.core.rag - WARNING - 知识片段清洗后为空，已跳过。来源: 天体物理学.docx
2026-05-05 15:30:16,029 - app.core.rag - WARNING - 知识片段清洗后为空，已跳过。来源: 天体物理学.docx
2026-05-05 15:30:16,029 - app.core.rag - WARNING - 知识片段清洗后为空，已跳过。来源: 天体物理学.docx
2026-05-05 15:30:16,029 - app.core.rag - WARNING - 知识片段清洗后为空，已跳过。来源: 天体物理学.docx
2026-05-05 15:30:16,030 - app.core.rag - WARNING - 知识片段清洗后为空，已跳过。来源: 天体物理学.docx
2026-05-05 15:30:16,030 - app.core.rag - WARNING - 知识片段清洗后为空，已跳过。来源: 天体物理学.docx
2026-05-05 15:30:16,030 - app.core.rag - WARNING - 知识片段清洗后为空，已跳过。来源: 天体物理学.docx
2026-05-05 15:30:16,031 - app.core.rag - WARNING - 知识片段清洗后为空，已跳过。来源: 天体物理学.docx
2026-05-05 15:30:16,032 - app.core.rag - WARNING - 知识片段清洗后为空，已跳过。来源: 天体物理学.docx
2026-05-05 15:30:16,033 - app.core.rag - WARNING - 知识片段清洗后为空，已跳过。来源: 天体物理学.docx
2026-05-05 15:30:16,033 - app.core.rag - WARNING - 知识片段清洗后为空，已跳过。来源: 天体物理学.docx
2026-05-05 15:30:16,034 - app.core.rag - WARNING - 知识片段清洗后为空，已跳过。来源: 天体物理学.docx
2026-05-05 15:30:16,034 - app.core.rag - WARNING - 知识片段清洗后为空，已跳过。来源: 天体物理学.docx
2026-05-05 15:30:16,035 - app.core.rag - WARNING - 知识片段清洗后为空，已跳过。来源: 天体物理学.docx
2026-05-05 15:30:16,035 - app.core.rag - WARNING - 知识片段清洗后为空，已跳过。来源: 天体物理学.docx
2026-05-05 15:30:16,036 - app.core.rag - WARNING - 知识片段清洗后为空，已跳过。来源: 天体物理学.docx
2026-05-05 15:30:16,036 - app.core.rag - WARNING - 知识片段清洗后为空，已跳过。来源: 天体物理学.docx
2026-05-05 15:30:16,037 - app.core.rag - WARNING - 知识片段清洗后为空，已跳过。来源: 天体物理学.docx
2026-05-05 15:30:16,038 - app.core.rag - WARNING - 知识片段清洗后为空，已跳过。来源: 天体物理学.docx
2026-05-05 15:30:16,038 - app.core.rag - WARNING - 知识片段清洗后为空，已跳过。来源: 天体物理学.docx
2026-05-05 15:30:16,039 - app.core.rag - WARNING - 知识片段清洗后为空，已跳过。来源: 天体物理学.docx
2026-05-05 15:30:16,039 - app.core.rag - WARNING - 知识片段清洗后为空，已跳过。来源: 天体物理学.docx
2026-05-05 15:30:16,040 - app.core.rag - WARNING - 知识片段清洗后为空，已跳过。来源: 天体物理学.docx
2026-05-05 15:30:16,042 - app.core.rag - WARNING - 知识片段清洗后为空，已跳过。来源: 天体物理学.docx
2026-05-05 15:30:16,042 - app.core.rag - WARNING - 知识片段清洗后为空，已跳过。来源: 天体物理学.docx
2026-05-05 15:30:16,043 - app.core.rag - WARNING - 知识片段清洗后为空，已跳过。来源: 天体物理学.docx
2026-05-05 15:30:16,043 - app.core.rag - WARNING - 知识片段清洗后为空，已跳过。来源: 天体物理学.docx
2026-05-05 15:30:16,044 - app.core.rag - WARNING - 知识片段清洗后为空，已跳过。来源: 天体物理学.docx
2026-05-05 15:30:16,045 - app.core.rag - WARNING - 知识片段清洗后为空，已跳过。来源: 天体物理学.docx
2026-05-05 15:30:16,045 - app.core.rag - WARNING - 知识片段清洗后为空，已跳过。来源: 天体物理学.docx
2026-05-05 15:30:16,046 - app.core.rag - WARNING - 知识片段清洗后为空，已跳过。来源: 天体物理学.docx
2026-05-05 15:30:16,046 - app.core.rag - WARNING - 知识片段清洗后为空，已跳过。来源: 天体物理学.docx
2026-05-05 15:30:16,047 - app.core.rag - WARNING - 知识片段清洗后为空，已跳过。来源: 天体物理学.docx
2026-05-05 15:30:16,047 - app.core.rag - WARNING - 知识片段清洗后为空，已跳过。来源: 天体物理学.docx
2026-05-05 15:30:16,048 - app.core.rag - WARNING - 知识片段清洗后为空，已跳过。来源: 天体物理学.docx
2026-05-05 15:30:16,049 - app.core.rag - WARNING - 知识片段清洗后为空，已跳过。来源: 天体物理学.docx
2026-05-05 15:30:16,049 - app.core.rag - WARNING - 知识片段清洗后为空，已跳过。来源: 天体物理学.docx
2026-05-05 15:30:16,049 - app.core.rag - WARNING - 知识片段清洗后为空，已跳过。来源: 天体物理学.docx
2026-05-05 15:30:16,051 - app.core.rag - WARNING - 知识片段清洗后为空，已跳过。来源: 天体物理学.docx
2026-05-05 15:30:16,051 - app.core.rag - WARNING - 知识片段清洗后为空，已跳过。来源: 天体物理学.docx
2026-05-05 15:30:16,052 - app.core.rag - WARNING - 知识片段清洗后为空，已跳过。来源: 天体物理学.docx
2026-05-05 15:30:16,052 - app.core.rag - WARNING - 知识片段清洗后为空，已跳过。来源: 天体物理学.docx
2026-05-05 15:30:16,052 - app.core.rag - WARNING - 知识片段清洗后为空，已跳过。来源: 天体物理学.docx
2026-05-05 15:30:16,053 - app.core.rag - WARNING - 知识片段清洗后为空，已跳过。来源: 天体物理学.docx
2026-05-05 15:30:16,054 - app.core.rag - WARNING - 知识片段清洗后为空，已跳过。来源: 天体物理学.docx
2026-05-05 15:30:16,054 - app.core.rag - WARNING - 知识片段清洗后为空，已跳过。来源: 天体物理学.docx
2026-05-05 15:30:16,054 - app.core.rag - WARNING - 知识片段清洗后为空，已跳过。来源: 天体物理学.docx
2026-05-05 15:30:16,056 - app.core.rag - WARNING - 知识片段清洗后为空，已跳过。来源: 天体物理学.docx
2026-05-05 15:30:16,056 - app.core.rag - WARNING - 知识片段清洗后为空，已跳过。来源: 天体物理学.docx
2026-05-05 15:30:16,057 - app.core.rag - WARNING - 知识片段清洗后为空，已跳过。来源: 天体物理学.docx
2026-05-05 15:30:16,060 - app.core.rag - WARNING - 知识片段清洗后为空，已跳过。来源: 天体物理学.docx
2026-05-05 15:30:16,061 - app.core.rag - WARNING - 知识片段清洗后为空，已跳过。来源: 天体物理学.docx
2026-05-05 15:30:16,061 - app.core.rag - WARNING - 知识片段清洗后为空，已跳过。来源: 天体物理学.docx
2026-05-05 15:30:16,061 - app.core.rag - WARNING - 知识片段清洗后为空，已跳过。来源: 天体物理学.docx
2026-05-05 15:30:16,061 - app.core.rag - WARNING - 知识片段清洗后为空，已跳过。来源: 天体物理学.docx
2026-05-05 15:30:16,063 - app.core.rag - WARNING - 知识片段清洗后为空，已跳过。来源: 天体物理学.docx
2026-05-05 15:30:16,063 - app.core.rag - WARNING - 知识片段清洗后为空，已跳过。来源: 天体物理学.docx
2026-05-05 15:30:16,064 - app.core.rag - WARNING - 知识片段清洗后为空，已跳过。来源: 天体物理学.docx
2026-05-05 15:30:16,064 - app.core.rag - WARNING - 知识片段清洗后为空，已跳过。来源: 天体物理学.docx
2026-05-05 15:30:16,065 - app.core.rag - WARNING - 知识片段清洗后为空，已跳过。来源: 天体物理学.docx
2026-05-05 15:30:16,065 - app.core.rag - WARNING - 知识片段清洗后为空，已跳过。来源: 天体物理学.docx
2026-05-05 15:30:16,066 - app.core.rag - WARNING - 知识片段清洗后为空，已跳过。来源: 天体物理学.docx
2026-05-05 15:30:16,066 - app.core.rag - WARNING - 知识片段清洗后为空，已跳过。来源: 天体物理学.docx
2026-05-05 15:30:16,066 - app.core.rag - WARNING - 知识片段清洗后为空，已跳过。来源: 天体物理学.docx
2026-05-05 15:30:16,066 - app.core.rag - WARNING - 知识片段清洗后为空，已跳过。来源: 天体物理学.docx
2026-05-05 15:30:16,067 - app.core.rag - WARNING - 知识片段清洗后为空，已跳过。来源: 天体物理学.docx
2026-05-05 15:30:16,067 - app.core.rag - WARNING - 知识片段清洗后为空，已跳过。来源: 天体物理学.docx
2026-05-05 15:30:16,068 - app.core.rag - WARNING - 知识片段清洗后为空，已跳过。来源: 天体物理学.docx
2026-05-05 15:30:16,068 - app.core.rag - WARNING - 知识片段清洗后为空，已跳过。来源: 天体物理学.docx
2026-05-05 15:30:16,069 - app.core.rag - WARNING - 知识片段清洗后为空，已跳过。来源: 天体物理学.docx
2026-05-05 15:30:16,069 - app.core.rag - WARNING - 知识片段清洗后为空，已跳过。来源: 天体物理学.docx
2026-05-05 15:30:16,069 - app.core.rag - WARNING - 知识片段清洗后为空，已跳过。来源: 天体物理学.docx
2026-05-05 15:30:16,071 - app.core.rag - WARNING - 知识片段清洗后为空，已跳过。来源: 天体物理学.docx
2026-05-05 15:30:16,071 - app.core.rag - WARNING - 知识片段清洗后为空，已跳过。来源: 天体物理学.docx
2026-05-05 15:30:16,072 - app.core.rag - WARNING - 知识片段清洗后为空，已跳过。来源: 天体物理学.docx
2026-05-05 15:30:16,073 - app.core.rag - WARNING - 知识片段清洗后为空，已跳过。来源: 天体物理学.docx
2026-05-05 15:30:16,073 - app.core.rag - WARNING - 知识片段清洗后为空，已跳过。来源: 天体物理学.docx
2026-05-05 15:30:16,073 - app.core.rag - WARNING - 知识片段清洗后为空，已跳过。来源: 天体物理学.docx
2026-05-05 15:30:16,074 - app.core.rag - WARNING - 知识片段清洗后为空，已跳过。来源: 天体物理学.docx
2026-05-05 15:30:16,074 - app.core.rag - WARNING - 知识片段清洗后为空，已跳过。来源: 天体物理学.docx
2026-05-05 15:30:16,074 - app.core.rag - WARNING - 知识片段清洗后为空，已跳过。来源: 天体物理学.docx
2026-05-05 15:30:16,076 - app.core.rag - WARNING - 知识片段清洗后为空，已跳过。来源: 天体物理学.docx
2026-05-05 15:30:16,076 - app.core.rag - WARNING - 知识片段清洗后为空，已跳过。来源: 天体物理学.docx
2026-05-05 15:30:16,077 - app.core.rag - WARNING - 知识片段清洗后为空，已跳过。来源: 天体物理学.docx
2026-05-05 15:30:16,077 - app.core.rag - WARNING - 知识片段清洗后为空，已跳过。来源: 天体物理学.docx
2026-05-05 15:30:16,078 - app.core.rag - WARNING - 知识片段清洗后为空，已跳过。来源: 天体物理学.docx
2026-05-05 15:30:16,078 - app.core.rag - WARNING - 知识片段清洗后为空，已跳过。来源: 天体物理学.docx
2026-05-05 15:30:16,079 - app.core.rag - WARNING - 知识片段清洗后为空，已跳过。来源: 天体物理学.docx
2026-05-05 15:30:16,079 - app.core.rag - WARNING - 知识片段清洗后为空，已跳过。来源: 天体物理学.docx
2026-05-05 15:30:16,080 - app.core.rag - WARNING - 知识片段清洗后为空，已跳过。来源: 天体物理学.docx
2026-05-05 15:30:16,080 - app.core.rag - WARNING - 知识片段清洗后为空，已跳过。来源: 天体物理学.docx
2026-05-05 15:30:16,081 - app.core.rag - WARNING - 知识片段清洗后为空，已跳过。来源: 天体物理学.docx
2026-05-05 15:30:16,081 - app.core.rag - WARNING - 知识片段清洗后为空，已跳过。来源: 天体物理学.docx
2026-05-05 15:30:16,081 - app.core.rag - WARNING - 知识片段清洗后为空，已跳过。来源: 天体物理学.docx
2026-05-05 15:30:16,081 - app.core.rag - WARNING - 知识片段清洗后为空，已跳过。来源: 失明与视力受损.docx
2026-05-05 15:30:16,082 - app.core.rag - WARNING - 知识片段清洗后为空，已跳过。来源: 失明与视力受损.docx
2026-05-05 15:30:16,082 - app.core.rag - WARNING - 知识片段清洗后为空，已跳过。来源: 失明与视力受损.docx
2026-05-05 15:30:16,083 - app.core.rag - WARNING - 知识片段清洗后为空，已跳过。来源: 心理健康.docx
2026-05-05 15:30:16,083 - app.core.rag - WARNING - 知识片段清洗后为空，已跳过。来源: 心理健康.docx
2026-05-05 15:30:16,084 - app.core.rag - WARNING - 知识片段清洗后为空，已跳过。来源: 心理健康.docx
2026-05-05 15:30:16,084 - app.core.rag - WARNING - 知识片段清洗后为空，已跳过。来源: 心理治疗规范 （2013年版）.pdf
2026-05-05 15:30:16,084 - app.core.rag - WARNING - 知识片段清洗后为空，已跳过。来源: 心理治疗规范 （2013年版）.pdf
2026-05-05 15:30:16,084 - app.core.rag - WARNING - 知识片段清洗后为空，已跳过。来源: 心理治疗规范 （2013年版）.pdf
2026-05-05 15:30:16,086 - app.core.rag - WARNING - 知识片段清洗后为空，已跳过。来源: 心理治疗规范 （2013年版）.pdf
2026-05-05 15:30:16,086 - app.core.rag - WARNING - 知识片段清洗后为空，已跳过。来源: 心理治疗规范 （2013年版）.pdf
2026-05-05 15:30:16,087 - app.core.rag - WARNING - 知识片段清洗后为空，已跳过。来源: 心理治疗规范 （2013年版）.pdf
2026-05-05 15:30:16,087 - app.core.rag - WARNING - 知识片段清洗后为空，已跳过。来源: 心理治疗规范 （2013年版）.pdf
2026-05-05 15:30:16,088 - app.core.rag - WARNING - 知识片段清洗后为空，已跳过。来源: 心理治疗规范 （2013年版）.pdf
2026-05-05 15:30:16,088 - app.core.rag - WARNING - 知识片段清洗后为空，已跳过。来源: 心理治疗规范 （2013年版）.pdf
2026-05-05 15:30:16,088 - app.core.rag - WARNING - 知识片段清洗后为空，已跳过。来源: 心理治疗规范 （2013年版）.pdf
2026-05-05 15:30:16,089 - app.core.rag - WARNING - 知识片段清洗后为空，已跳过。来源: 心理治疗规范 （2013年版）.pdf
2026-05-05 15:30:16,089 - app.core.rag - WARNING - 知识片段清洗后为空，已跳过。来源: 心理治疗规范 （2013年版）.pdf
2026-05-05 15:30:16,090 - app.core.rag - WARNING - 知识片段清洗后为空，已跳过。来源: 心理治疗规范 （2013年版）.pdf
2026-05-05 15:30:16,090 - app.core.rag - WARNING - 知识片段清洗后为空，已跳过。来源: 心理治疗规范 （2013年版）.pdf
2026-05-05 15:30:16,091 - app.core.rag - WARNING - 知识片段清洗后为空，已跳过。来源: 心理治疗规范 （2013年版）.pdf
2026-05-05 15:30:16,091 - app.core.rag - WARNING - 知识片段清洗后为空，已跳过。来源: 心理治疗规范 （2013年版）.pdf
2026-05-05 15:30:16,092 - app.core.rag - WARNING - 知识片段清洗后为空，已跳过。来源: 流感（季节性）.docx
2026-05-05 15:30:16,092 - app.core.rag - WARNING - 知识片段清洗后为空，已跳过。来源: 流感（季节性）.docx
2026-05-05 15:30:16,093 - app.core.rag - WARNING - 知识片段清洗后为空，已跳过。来源: 流感（季节性）.docx
2026-05-05 15:30:16,094 - app.core.rag - WARNING - 知识片段清洗后为空，已跳过。来源: 狂犬病.docx
2026-05-05 15:30:16,094 - app.core.rag - WARNING - 知识片段清洗后为空，已跳过。来源: 狂犬病.docx
2026-05-05 15:30:16,094 - app.core.rag - WARNING - 知识片段清洗后为空，已跳过。来源: 狂犬病.docx
2026-05-05 15:30:16,094 - app.core.rag - WARNING - 知识片段清洗后为空，已跳过。来源: 狂犬病.docx
2026-05-05 15:30:16,096 - app.core.rag - WARNING - 知识片段清洗后为空，已跳过。来源: 理财规划行业报告2024.docx
2026-05-05 15:30:16,096 - app.core.rag - WARNING - 知识片段清洗后为空，已跳过。来源: 理财规划行业报告2024.docx
2026-05-05 15:30:16,096 - app.core.rag - WARNING - 知识片段清洗后为空，已跳过。来源: 理财规划行业报告2024.docx
2026-05-05 15:30:16,097 - app.core.rag - WARNING - 知识片段清洗后为空，已跳过。来源: 理财规划行业报告2024.docx
2026-05-05 15:30:16,097 - app.core.rag - WARNING - 知识片段清洗后为空，已跳过。来源: 禁止童工的条款.docx
2026-05-05 15:30:16,097 - app.core.rag - WARNING - 知识片段清洗后为空，已跳过。来源: 禁止童工的条款.docx
2026-05-05 15:30:16,098 - app.core.rag - WARNING - 知识片段清洗后为空，已跳过。来源: 禁止童工的条款.docx
2026-05-05 15:30:16,099 - app.core.rag - WARNING - 知识片段清洗后为空，已跳过。来源: 科技人力资源报告2023..docx
2026-05-05 15:30:16,099 - app.core.rag - WARNING - 知识片段清洗后为空，已跳过。来源: 科技人力资源报告2023..docx
2026-05-05 15:30:16,099 - app.core.rag - WARNING - 知识片段清洗后为空，已跳过。来源: 科技咨询服务规范2023国标.docx
2026-05-05 15:30:16,100 - app.core.rag - WARNING - 知识片段清洗后为空，已跳过。来源: 科技咨询服务规范2023国标.docx
2026-05-05 15:30:16,100 - app.core.rag - WARNING - 知识片段清洗后为空，已跳过。来源: 科技咨询服务规范2023国标.docx
2026-05-05 15:30:16,101 - app.core.rag - WARNING - 知识片段清洗后为空，已跳过。来源: 科技服务业发展报告2024.docx
2026-05-05 15:30:16,101 - app.core.rag - WARNING - 知识片段清洗后为空，已跳过。来源: 糖尿病.docx
2026-05-05 15:30:16,101 - app.core.rag - WARNING - 知识片段清洗后为空，已跳过。来源: 糖尿病.docx
2026-05-05 15:30:16,101 - app.core.rag - WARNING - 知识片段清洗后为空，已跳过。来源: 糖尿病.docx
2026-05-05 15:30:16,102 - app.core.rag - WARNING - 知识片段清洗后为空，已跳过。来源: 职场心理健康.docx
2026-05-05 15:30:16,103 - app.core.rag - WARNING - 知识片段清洗后为空，已跳过。来源: 职场心理健康.docx
2026-05-05 15:30:16,103 - app.core.rag - WARNING - 知识片段清洗后为空，已跳过。来源: 职场心理健康.docx
2026-05-05 15:30:16,104 - app.core.rag - WARNING - 知识片段清洗后为空，已跳过。来源: 腰痛.docx
2026-05-05 15:30:16,104 - app.core.rag - WARNING - 知识片段清洗后为空，已跳过。来源: 腰痛.docx
2026-05-05 15:30:16,106 - app.core.rag - WARNING - 知识片段清洗后为空，已跳过。来源: 腰痛.docx
2026-05-05 15:30:16,106 - app.core.rag - WARNING - 知识片段清洗后为空，已跳过。来源: 自闭症.docx
2026-05-05 15:30:16,107 - app.core.rag - WARNING - 知识片段清洗后为空，已跳过。来源: 自闭症.docx
2026-05-05 15:30:16,107 - app.core.rag - WARNING - 知识片段清洗后为空，已跳过。来源: 自闭症.docx
2026-05-05 15:30:16,108 - app.core.rag - WARNING - 知识片段清洗后为空，已跳过。来源: 虚拟朋友.docx
2026-05-05 15:30:16,108 - app.core.rag - WARNING - 知识片段清洗后为空，已跳过。来源: 虚拟朋友.docx
2026-05-05 15:30:16,109 - app.core.rag - WARNING - 知识片段清洗后为空，已跳过。来源: 虚拟朋友.docx
2026-05-05 15:30:16,109 - app.core.rag - WARNING - 知识片段清洗后为空，已跳过。来源: 虚拟朋友.docx
2026-05-05 15:30:16,109 - app.core.rag - WARNING - 知识片段清洗后为空，已跳过。来源: 证券分析师执业行为规范.docx
2026-05-05 15:30:16,110 - app.core.rag - WARNING - 知识片段清洗后为空，已跳过。来源: 证券分析师执业行为规范.docx
2026-05-05 15:30:16,111 - app.core.rag - WARNING - 知识片段清洗后为空，已跳过。来源: 证券分析师执业行为规范.docx
2026-05-05 15:30:16,111 - app.core.rag - WARNING - 知识片段清洗后为空，已跳过。来源: 证券投资顾问业务暂行规定.docx
2026-05-05 15:30:16,111 - app.core.rag - WARNING - 知识片段清洗后为空，已跳过。来源: 证券投资顾问业务暂行规定.docx
2026-05-05 15:30:16,112 - app.core.rag - WARNING - 知识片段清洗后为空，已跳过。来源: 证券投资顾问业务暂行规定.docx
2026-05-05 15:30:16,112 - app.core.rag - WARNING - 知识片段清洗后为空，已跳过。来源: 证券行业发展报告2023.docx
2026-05-05 15:30:16,113 - app.core.rag - WARNING - 知识片段清洗后为空，已跳过。来源: 证券行业发展报告2023.docx
2026-05-05 15:30:16,113 - app.core.rag - WARNING - 知识片段清洗后为空，已跳过。来源: 财富管理白皮书2024.docx
2026-05-05 15:30:16,115 - app.core.rag - WARNING - 知识片段清洗后为空，已跳过。来源: 财富管理白皮书2024.docx
2026-05-05 15:30:16,115 - app.core.rag - WARNING - 知识片段清洗后为空，已跳过。来源: 财富管理白皮书2024.docx
2026-05-05 15:30:16,115 - app.core.rag - WARNING - 知识片段清洗后为空，已跳过。来源: 财富管理白皮书2024.docx
2026-05-05 15:30:16,116 - app.core.rag - WARNING - 知识片段清洗后为空，已跳过。来源: 贫血.docx
2026-05-05 15:30:16,116 - app.core.rag - WARNING - 知识片段清洗后为空，已跳过。来源: 贫血.docx
2026-05-05 15:30:16,117 - app.core.rag - WARNING - 知识片段清洗后为空，已跳过。来源: 贫血.docx
2026-05-05 15:30:16,118 - app.core.rag - WARNING - 知识片段清洗后为空，已跳过。来源: 内置兜底知识
2026-05-05 15:30:16,119 - app.core.rag - WARNING - 知识片段清洗后为空，已跳过。来源: 内置兜底知识
2026-05-05 15:30:16,119 - app.core.rag - WARNING - 知识片段清洗后为空，已跳过。来源: 内置兜底知识
2026-05-05 15:30:16,120 - app.core.rag - WARNING - 知识片段清洗后为空，已跳过。来源: 内置兜底知识
2026-05-05 15:30:16,121 - app.core.rag - WARNING - 知识片段清洗后为空，已跳过。来源: 内置兜底知识
2026-05-05 15:30:16,121 - app.core.rag - WARNING - 知识片段清洗后为空，已跳过。来源: 内置兜底知识
2026-05-05 15:30:16,123 - app.core.rag - WARNING - 知识片段清洗后为空，已跳过。来源: 内置兜底知识
2026-05-05 15:30:16,123 - app.core.rag - WARNING - 知识片段清洗后为空，已跳过。来源: 内置兜底知识
2026-05-05 15:30:16,123 - app.core.rag - WARNING - 知识片段清洗后为空，已跳过。来源: 内置兜底知识
2026-05-05 15:30:16,124 - app.core.rag - WARNING - 知识片段清洗后为空，已跳过。来源: 内置兜底知识
2026-05-05 15:30:16,124 - app.core.rag - WARNING - 知识片段清洗后为空，已跳过。来源: 内置兜底知识
2026-05-05 15:30:16,124 - app.core.rag - WARNING - 知识片段清洗后为空，已跳过。来源: 内置兜底知识
2026-05-05 15:30:16,124 - app.core.rag - WARNING - 知识片段清洗后为空，已跳过。来源: 内置兜底知识
2026-05-05 15:30:16,124 - app.core.rag - WARNING - 知识库缓存为空，无法初始化 BM25 索引
2026-05-05 15:30:16,124 - app.core.rag - INFO - 知识库初始化完成: {'total': 37, 'processed': 0, 'failed': 0, 'from_cache': True, 'role_counts': {'1': 0, '2': 0, '3': 0, '4': 0, '5': 0, '6': 0, '7': 0, '8': 0, '9': 0}, 'processed_files': [], 'failed_files': []}
2026-05-05 15:32:22,154 - sentence_transformers.SentenceTransformer - INFO - Load pretrained SentenceTransformer: C:\Users\freedom\Desktop\专业\模型\bge-base-zh-v1.5
2026-05-05 15:32:22,450 - sentence_transformers.SentenceTransformer - INFO - Use pytorch device_name: cpu
2026-05-05 15:32:22,463 - app.core.rag - INFO - 成功初始化向量化模型
2026-05-05 15:32:22,464 - app.core.rag - INFO - 成功初始化在线大模型
2026-05-05 15:32:22,464 - app.core.rag - INFO - 成功初始化大模型
2026-05-05 15:32:22,465 - app.core.rag - INFO - 知识库目录: C:\Users\freedom\Desktop\多角色聊天机器人\app\knowledge\data
2026-05-05 15:32:22,794 - app.core.rag - WARNING - 知识片段清洗后为空，已跳过。来源: 中华人民共和国国务院组织法.docx
2026-05-05 15:32:22,794 - app.core.rag - WARNING - 知识片段清洗后为空，已跳过。来源: 中华人民共和国妇女权益保护法.docx
2026-05-05 15:32:22,794 - app.core.rag - WARNING - 知识片段清洗后为空，已跳过。来源: 中华人民共和国妇女权益保护法.docx
2026-05-05 15:32:22,795 - app.core.rag - WARNING - 知识片段清洗后为空，已跳过。来源: 中华人民共和国妇女权益保护法.docx
2026-05-05 15:32:22,796 - app.core.rag - WARNING - 知识片段清洗后为空，已跳过。来源: 中华人民共和国妇女权益保护法.docx
2026-05-05 15:32:22,797 - app.core.rag - WARNING - 知识片段清洗后为空，已跳过。来源: 中华人民共和国妇女权益保护法.docx
2026-05-05 15:32:22,797 - app.core.rag - WARNING - 知识片段清洗后为空，已跳过。来源: 中华人民共和国宪法.docx
2026-05-05 15:32:22,797 - app.core.rag - WARNING - 知识片段清洗后为空，已跳过。来源: 中华人民共和国宪法.docx
2026-05-05 15:32:22,797 - app.core.rag - WARNING - 知识片段清洗后为空，已跳过。来源: 中华人民共和国宪法.docx
2026-05-05 15:32:22,797 - app.core.rag - WARNING - 知识片段清洗后为空，已跳过。来源: 中华人民共和国宪法.docx
2026-05-05 15:32:22,798 - app.core.rag - WARNING - 知识片段清洗后为空，已跳过。来源: 中华人民共和国宪法.docx
2026-05-05 15:32:22,798 - app.core.rag - WARNING - 知识片段清洗后为空，已跳过。来源: 中华人民共和国宪法.docx
2026-05-05 15:32:22,798 - app.core.rag - WARNING - 知识片段清洗后为空，已跳过。来源: 中华人民共和国宪法.docx
2026-05-05 15:32:22,798 - app.core.rag - WARNING - 知识片段清洗后为空，已跳过。来源: 中华人民共和国宪法.docx
2026-05-05 15:32:22,798 - app.core.rag - WARNING - 知识片段清洗后为空，已跳过。来源: 中华人民共和国宪法.docx
2026-05-05 15:32:22,799 - app.core.rag - WARNING - 知识片段清洗后为空，已跳过。来源: 中华人民共和国宪法.docx
2026-05-05 15:32:22,799 - app.core.rag - WARNING - 知识片段清洗后为空，已跳过。来源: 中华人民共和国宪法.docx
2026-05-05 15:32:22,799 - app.core.rag - WARNING - 知识片段清洗后为空，已跳过。来源: 中华人民共和国宪法.docx
2026-05-05 15:32:22,799 - app.core.rag - WARNING - 知识片段清洗后为空，已跳过。来源: 中华人民共和国宪法.docx
2026-05-05 15:32:22,799 - app.core.rag - WARNING - 知识片段清洗后为空，已跳过。来源: 中华人民共和国宪法.docx
2026-05-05 15:32:22,799 - app.core.rag - WARNING - 知识片段清洗后为空，已跳过。来源: 中华人民共和国宪法.docx
2026-05-05 15:32:22,801 - app.core.rag - WARNING - 知识片段清洗后为空，已跳过。来源: 中华人民共和国宪法.docx
2026-05-05 15:32:22,801 - app.core.rag - WARNING - 知识片段清洗后为空，已跳过。来源: 中华人民共和国宪法.docx
2026-05-05 15:32:22,801 - app.core.rag - WARNING - 知识片段清洗后为空，已跳过。来源: 中华人民共和国宪法.docx
2026-05-05 15:32:22,801 - app.core.rag - WARNING - 知识片段清洗后为空，已跳过。来源: 中华人民共和国宪法.docx
2026-05-05 15:32:22,801 - app.core.rag - WARNING - 知识片段清洗后为空，已跳过。来源: 中华人民共和国宪法.docx
2026-05-05 15:32:22,801 - app.core.rag - WARNING - 知识片段清洗后为空，已跳过。来源: 中华人民共和国宪法.docx
2026-05-05 15:32:22,801 - app.core.rag - WARNING - 知识片段清洗后为空，已跳过。来源: 中华人民共和国宪法.docx
2026-05-05 15:32:22,801 - app.core.rag - WARNING - 知识片段清洗后为空，已跳过。来源: 中华人民共和国宪法.docx
2026-05-05 15:32:22,802 - app.core.rag - WARNING - 知识片段清洗后为空，已跳过。来源: 中华人民共和国工会法.docx
2026-05-05 15:32:22,802 - app.core.rag - WARNING - 知识片段清洗后为空，已跳过。来源: 中华人民共和国工会法.docx
2026-05-05 15:32:22,802 - app.core.rag - WARNING - 知识片段清洗后为空，已跳过。来源: 中华人民共和国工会法.docx
2026-05-05 15:32:22,802 - app.core.rag - WARNING - 知识片段清洗后为空，已跳过。来源: 中华人民共和国工会法.docx
2026-05-05 15:32:22,802 - app.core.rag - WARNING - 知识片段清洗后为空，已跳过。来源: 中华人民共和国工会法.docx
2026-05-05 15:32:22,802 - app.core.rag - WARNING - 知识片段清洗后为空，已跳过。来源: 中华人民共和国工会法.docx
2026-05-05 15:32:22,802 - app.core.rag - WARNING - 知识片段清洗后为空，已跳过。来源: 中华人民共和国工会法.docx
2026-05-05 15:32:22,803 - app.core.rag - WARNING - 知识片段清洗后为空，已跳过。来源: 中华人民共和国未成年人保护法.docx
2026-05-05 15:32:22,803 - app.core.rag - WARNING - 知识片段清洗后为空，已跳过。来源: 中华人民共和国未成年人保护法.docx
2026-05-05 15:32:22,803 - app.core.rag - WARNING - 知识片段清洗后为空，已跳过。来源: 中华人民共和国未成年人保护法.docx
2026-05-05 15:32:22,803 - app.core.rag - WARNING - 知识片段清洗后为空，已跳过。来源: 中华人民共和国未成年人保护法.docx
2026-05-05 15:32:22,803 - app.core.rag - WARNING - 知识片段清洗后为空，已跳过。来源: 中华人民共和国未成年人保护法.docx
2026-05-05 15:32:22,804 - app.core.rag - WARNING - 知识片段清洗后为空，已跳过。来源: 中华人民共和国未成年人保护法.docx
2026-05-05 15:32:22,804 - app.core.rag - WARNING - 知识片段清洗后为空，已跳过。来源: 中华人民共和国未成年人保护法.docx
2026-05-05 15:32:22,804 - app.core.rag - WARNING - 知识片段清洗后为空，已跳过。来源: 中华人民共和国未成年人保护法.docx
2026-05-05 15:32:22,804 - app.core.rag - WARNING - 知识片段清洗后为空，已跳过。来源: 中华人民共和国民法典_20200528.docx
2026-05-05 15:32:22,804 - app.core.rag - WARNING - 知识片段清洗后为空，已跳过。来源: 中华人民共和国民法典_20200528.docx
2026-05-05 15:32:22,806 - app.core.rag - WARNING - 知识片段清洗后为空，已跳过。来源: 中华人民共和国民法典_20200528.docx
2026-05-05 15:32:22,806 - app.core.rag - WARNING - 知识片段清洗后为空，已跳过。来源: 中华人民共和国民法典_20200528.docx
2026-05-05 15:32:22,806 - app.core.rag - WARNING - 知识片段清洗后为空，已跳过。来源: 中华人民共和国民法典_20200528.docx
2026-05-05 15:32:22,806 - app.core.rag - WARNING - 知识片段清洗后为空，已跳过。来源: 中华人民共和国民法典_20200528.docx
2026-05-05 15:32:22,806 - app.core.rag - WARNING - 知识片段清洗后为空，已跳过。来源: 中华人民共和国民法典_20200528.docx
2026-05-05 15:32:22,807 - app.core.rag - WARNING - 知识片段清洗后为空，已跳过。来源: 中华人民共和国民法典_20200528.docx
2026-05-05 15:32:22,807 - app.core.rag - WARNING - 知识片段清洗后为空，已跳过。来源: 中华人民共和国民法典_20200528.docx
2026-05-05 15:32:22,807 - app.core.rag - WARNING - 知识片段清洗后为空，已跳过。来源: 中华人民共和国民法典_20200528.docx
2026-05-05 15:32:22,808 - app.core.rag - WARNING - 知识片段清洗后为空，已跳过。来源: 中华人民共和国民法典_20200528.docx
2026-05-05 15:32:22,808 - app.core.rag - WARNING - 知识片段清洗后为空，已跳过。来源: 中华人民共和国民法典_20200528.docx
2026-05-05 15:32:22,809 - app.core.rag - WARNING - 知识片段清洗后为空，已跳过。来源: 中华人民共和国民法典_20200528.docx
2026-05-05 15:32:22,809 - app.core.rag - WARNING - 知识片段清洗后为空，已跳过。来源: 中华人民共和国民法典_20200528.docx
2026-05-05 15:32:22,809 - app.core.rag - WARNING - 知识片段清洗后为空，已跳过。来源: 中华人民共和国民法典_20200528.docx
2026-05-05 15:32:22,810 - app.core.rag - WARNING - 知识片段清洗后为空，已跳过。来源: 中华人民共和国民法典_20200528.docx
2026-05-05 15:32:22,810 - app.core.rag - WARNING - 知识片段清洗后为空，已跳过。来源: 中华人民共和国民法典_20200528.docx
2026-05-05 15:32:22,810 - app.core.rag - WARNING - 知识片段清洗后为空，已跳过。来源: 中华人民共和国民法典_20200528.docx
2026-05-05 15:32:22,811 - app.core.rag - WARNING - 知识片段清洗后为空，已跳过。来源: 中华人民共和国民法典_20200528.docx
2026-05-05 15:32:22,811 - app.core.rag - WARNING - 知识片段清洗后为空，已跳过。来源: 中华人民共和国民法典_20200528.docx
2026-05-05 15:32:22,811 - app.core.rag - WARNING - 知识片段清洗后为空，已跳过。来源: 中华人民共和国民法典_20200528.docx
2026-05-05 15:32:22,811 - app.core.rag - WARNING - 知识片段清洗后为空，已跳过。来源: 中华人民共和国民法典_20200528.docx
2026-05-05 15:32:22,811 - app.core.rag - WARNING - 知识片段清洗后为空，已跳过。来源: 中华人民共和国民法典_20200528.docx
2026-05-05 15:32:22,811 - app.core.rag - WARNING - 知识片段清洗后为空，已跳过。来源: 中华人民共和国民法典_20200528.docx
2026-05-05 15:32:22,811 - app.core.rag - WARNING - 知识片段清洗后为空，已跳过。来源: 中华人民共和国民法典_20200528.docx
2026-05-05 15:32:22,811 - app.core.rag - WARNING - 知识片段清洗后为空，已跳过。来源: 中华人民共和国民法典_20200528.docx
2026-05-05 15:32:22,813 - app.core.rag - WARNING - 知识片段清洗后为空，已跳过。来源: 中华人民共和国民法典_20200528.docx
2026-05-05 15:32:22,813 - app.core.rag - WARNING - 知识片段清洗后为空，已跳过。来源: 中华人民共和国民法典_20200528.docx
2026-05-05 15:32:22,813 - app.core.rag - WARNING - 知识片段清洗后为空，已跳过。来源: 中华人民共和国民法典_20200528.docx
2026-05-05 15:32:22,813 - app.core.rag - WARNING - 知识片段清洗后为空，已跳过。来源: 中华人民共和国民法典_20200528.docx
2026-05-05 15:32:22,814 - app.core.rag - WARNING - 知识片段清洗后为空，已跳过。来源: 中华人民共和国民法典_20200528.docx
2026-05-05 15:32:22,814 - app.core.rag - WARNING - 知识片段清洗后为空，已跳过。来源: 中华人民共和国民法典_20200528.docx
2026-05-05 15:32:22,814 - app.core.rag - WARNING - 知识片段清洗后为空，已跳过。来源: 中华人民共和国民法典_20200528.docx
2026-05-05 15:32:22,814 - app.core.rag - WARNING - 知识片段清洗后为空，已跳过。来源: 中华人民共和国民法典_20200528.docx
2026-05-05 15:32:22,814 - app.core.rag - WARNING - 知识片段清洗后为空，已跳过。来源: 中华人民共和国民法典_20200528.docx
2026-05-05 15:32:22,815 - app.core.rag - WARNING - 知识片段清洗后为空，已跳过。来源: 中华人民共和国民法典_20200528.docx
2026-05-05 15:32:22,815 - app.core.rag - WARNING - 知识片段清洗后为空，已跳过。来源: 中华人民共和国民法典_20200528.docx
2026-05-05 15:32:22,815 - app.core.rag - WARNING - 知识片段清洗后为空，已跳过。来源: 中华人民共和国民法典_20200528.docx
2026-05-05 15:32:22,815 - app.core.rag - WARNING - 知识片段清洗后为空，已跳过。来源: 中华人民共和国民法典_20200528.docx
2026-05-05 15:32:22,815 - app.core.rag - WARNING - 知识片段清洗后为空，已跳过。来源: 中华人民共和国民法典_20200528.docx
2026-05-05 15:32:22,816 - app.core.rag - WARNING - 知识片段清洗后为空，已跳过。来源: 中华人民共和国民法典_20200528.docx
2026-05-05 15:32:22,816 - app.core.rag - WARNING - 知识片段清洗后为空，已跳过。来源: 中华人民共和国民法典_20200528.docx
2026-05-05 15:32:22,816 - app.core.rag - WARNING - 知识片段清洗后为空，已跳过。来源: 中华人民共和国民法典_20200528.docx
2026-05-05 15:32:22,816 - app.core.rag - WARNING - 知识片段清洗后为空，已跳过。来源: 中华人民共和国民法典_20200528.docx
2026-05-05 15:32:22,816 - app.core.rag - WARNING - 知识片段清洗后为空，已跳过。来源: 中华人民共和国民法典_20200528.docx
2026-05-05 15:32:22,816 - app.core.rag - WARNING - 知识片段清洗后为空，已跳过。来源: 中华人民共和国民法典_20200528.docx
2026-05-05 15:32:22,816 - app.core.rag - WARNING - 知识片段清洗后为空，已跳过。来源: 中华人民共和国民法典_20200528.docx
2026-05-05 15:32:22,816 - app.core.rag - WARNING - 知识片段清洗后为空，已跳过。来源: 中华人民共和国民法典_20200528.docx
2026-05-05 15:32:22,817 - app.core.rag - WARNING - 知识片段清洗后为空，已跳过。来源: 中华人民共和国民法典_20200528.docx
2026-05-05 15:32:22,817 - app.core.rag - WARNING - 知识片段清洗后为空，已跳过。来源: 中华人民共和国民法典_20200528.docx
2026-05-05 15:32:22,817 - app.core.rag - WARNING - 知识片段清洗后为空，已跳过。来源: 中华人民共和国民法典_20200528.docx
2026-05-05 15:32:22,817 - app.core.rag - WARNING - 知识片段清洗后为空，已跳过。来源: 中华人民共和国民法典_20200528.docx
2026-05-05 15:32:22,817 - app.core.rag - WARNING - 知识片段清洗后为空，已跳过。来源: 中华人民共和国民法典_20200528.docx
2026-05-05 15:32:22,817 - app.core.rag - WARNING - 知识片段清洗后为空，已跳过。来源: 中华人民共和国民法典_20200528.docx
2026-05-05 15:32:22,818 - app.core.rag - WARNING - 知识片段清洗后为空，已跳过。来源: 中华人民共和国民法典_20200528.docx
2026-05-05 15:32:22,818 - app.core.rag - WARNING - 知识片段清洗后为空，已跳过。来源: 中华人民共和国民法典_20200528.docx
2026-05-05 15:32:22,818 - app.core.rag - WARNING - 知识片段清洗后为空，已跳过。来源: 中华人民共和国民法典_20200528.docx
2026-05-05 15:32:22,818 - app.core.rag - WARNING - 知识片段清洗后为空，已跳过。来源: 中华人民共和国民法典_20200528.docx
2026-05-05 15:32:22,818 - app.core.rag - WARNING - 知识片段清洗后为空，已跳过。来源: 中华人民共和国民法典_20200528.docx
2026-05-05 15:32:22,819 - app.core.rag - WARNING - 知识片段清洗后为空，已跳过。来源: 中华人民共和国民法典_20200528.docx
2026-05-05 15:32:22,819 - app.core.rag - WARNING - 知识片段清洗后为空，已跳过。来源: 中华人民共和国民法典_20200528.docx
2026-05-05 15:32:22,819 - app.core.rag - WARNING - 知识片段清洗后为空，已跳过。来源: 中华人民共和国民法典_20200528.docx
2026-05-05 15:32:22,819 - app.core.rag - WARNING - 知识片段清洗后为空，已跳过。来源: 中华人民共和国民法典_20200528.docx
2026-05-05 15:32:22,821 - app.core.rag - WARNING - 知识片段清洗后为空，已跳过。来源: 中华人民共和国民法典_20200528.docx
2026-05-05 15:32:22,821 - app.core.rag - WARNING - 知识片段清洗后为空，已跳过。来源: 中华人民共和国民法典_20200528.docx
2026-05-05 15:32:22,821 - app.core.rag - WARNING - 知识片段清洗后为空，已跳过。来源: 中华人民共和国民法典_20200528.docx
2026-05-05 15:32:22,822 - app.core.rag - WARNING - 知识片段清洗后为空，已跳过。来源: 中华人民共和国民法典_20200528.docx
2026-05-05 15:32:22,822 - app.core.rag - WARNING - 知识片段清洗后为空，已跳过。来源: 中华人民共和国民法典_20200528.docx
2026-05-05 15:32:22,822 - app.core.rag - WARNING - 知识片段清洗后为空，已跳过。来源: 中华人民共和国民法典_20200528.docx
2026-05-05 15:32:22,823 - app.core.rag - WARNING - 知识片段清洗后为空，已跳过。来源: 中华人民共和国民法典_20200528.docx
2026-05-05 15:32:22,823 - app.core.rag - WARNING - 知识片段清洗后为空，已跳过。来源: 中华人民共和国民法典_20200528.docx
2026-05-05 15:32:22,823 - app.core.rag - WARNING - 知识片段清洗后为空，已跳过。来源: 中华人民共和国民法典_20200528.docx
2026-05-05 15:32:22,823 - app.core.rag - WARNING - 知识片段清洗后为空，已跳过。来源: 中华人民共和国民法典_20200528.docx
2026-05-05 15:32:22,823 - app.core.rag - WARNING - 知识片段清洗后为空，已跳过。来源: 中华人民共和国民法典_20200528.docx
2026-05-05 15:32:22,824 - app.core.rag - WARNING - 知识片段清洗后为空，已跳过。来源: 中华人民共和国民法典_20200528.docx
2026-05-05 15:32:22,824 - app.core.rag - WARNING - 知识片段清洗后为空，已跳过。来源: 中华人民共和国民法典_20200528.docx
2026-05-05 15:32:22,824 - app.core.rag - WARNING - 知识片段清洗后为空，已跳过。来源: 中华人民共和国民法典_20200528.docx
2026-05-05 15:32:22,826 - app.core.rag - WARNING - 知识片段清洗后为空，已跳过。来源: 中华人民共和国民法典_20200528.docx
2026-05-05 15:32:22,826 - app.core.rag - WARNING - 知识片段清洗后为空，已跳过。来源: 中华人民共和国民法典_20200528.docx
2026-05-05 15:32:22,827 - app.core.rag - WARNING - 知识片段清洗后为空，已跳过。来源: 中华人民共和国民法典_20200528.docx
2026-05-05 15:32:22,827 - app.core.rag - WARNING - 知识片段清洗后为空，已跳过。来源: 中华人民共和国民法典_20200528.docx
2026-05-05 15:32:22,827 - app.core.rag - WARNING - 知识片段清洗后为空，已跳过。来源: 中华人民共和国民法典_20200528.docx
2026-05-05 15:32:22,827 - app.core.rag - WARNING - 知识片段清洗后为空，已跳过。来源: 中华人民共和国民法典_20200528.docx
2026-05-05 15:32:22,827 - app.core.rag - WARNING - 知识片段清洗后为空，已跳过。来源: 中华人民共和国民法典_20200528.docx
2026-05-05 15:32:22,827 - app.core.rag - WARNING - 知识片段清洗后为空，已跳过。来源: 中华人民共和国民法典_20200528.docx
2026-05-05 15:32:22,828 - app.core.rag - WARNING - 知识片段清洗后为空，已跳过。来源: 中华人民共和国民法典_20200528.docx
2026-05-05 15:32:22,828 - app.core.rag - WARNING - 知识片段清洗后为空，已跳过。来源: 中华人民共和国民法典_20200528.docx
2026-05-05 15:32:22,829 - app.core.rag - WARNING - 知识片段清洗后为空，已跳过。来源: 中华人民共和国民法典_20200528.docx
2026-05-05 15:32:22,829 - app.core.rag - WARNING - 知识片段清洗后为空，已跳过。来源: 中华人民共和国民法典_20200528.docx
2026-05-05 15:32:22,829 - app.core.rag - WARNING - 知识片段清洗后为空，已跳过。来源: 中华人民共和国民法典_20200528.docx
2026-05-05 15:32:22,830 - app.core.rag - WARNING - 知识片段清洗后为空，已跳过。来源: 中华人民共和国民法典_20200528.docx
2026-05-05 15:32:22,830 - app.core.rag - WARNING - 知识片段清洗后为空，已跳过。来源: 中华人民共和国民法典_20200528.docx
2026-05-05 15:32:22,831 - app.core.rag - WARNING - 知识片段清洗后为空，已跳过。来源: 中华人民共和国民法典_20200528.docx
2026-05-05 15:32:22,831 - app.core.rag - WARNING - 知识片段清洗后为空，已跳过。来源: 中华人民共和国民法典_20200528.docx
2026-05-05 15:32:22,831 - app.core.rag - WARNING - 知识片段清洗后为空，已跳过。来源: 中华人民共和国民法典_20200528.docx
2026-05-05 15:32:22,831 - app.core.rag - WARNING - 知识片段清洗后为空，已跳过。来源: 中华人民共和国民法典_20200528.docx
2026-05-05 15:32:22,831 - app.core.rag - WARNING - 知识片段清洗后为空，已跳过。来源: 中华人民共和国民法典_20200528.docx
2026-05-05 15:32:22,831 - app.core.rag - WARNING - 知识片段清洗后为空，已跳过。来源: 中华人民共和国民法典_20200528.docx
2026-05-05 15:32:22,832 - app.core.rag - WARNING - 知识片段清洗后为空，已跳过。来源: 中华人民共和国民法典_20200528.docx
2026-05-05 15:32:22,832 - app.core.rag - WARNING - 知识片段清洗后为空，已跳过。来源: 中华人民共和国民法典_20200528.docx
2026-05-05 15:32:22,832 - app.core.rag - WARNING - 知识片段清洗后为空，已跳过。来源: 中华人民共和国民法典_20200528.docx
2026-05-05 15:32:22,832 - app.core.rag - WARNING - 知识片段清洗后为空，已跳过。来源: 中华人民共和国民法典_20200528.docx
2026-05-05 15:32:22,832 - app.core.rag - WARNING - 知识片段清洗后为空，已跳过。来源: 中华人民共和国民法典_20200528.docx
2026-05-05 15:32:22,833 - app.core.rag - WARNING - 知识片段清洗后为空，已跳过。来源: 中华人民共和国民法典_20200528.docx
2026-05-05 15:32:22,833 - app.core.rag - WARNING - 知识片段清洗后为空，已跳过。来源: 中华人民共和国民法典_20200528.docx
2026-05-05 15:32:22,833 - app.core.rag - WARNING - 知识片段清洗后为空，已跳过。来源: 中华人民共和国民法典_20200528.docx
2026-05-05 15:32:22,833 - app.core.rag - WARNING - 知识片段清洗后为空，已跳过。来源: 中华人民共和国民法典_20200528.docx
2026-05-05 15:32:22,834 - app.core.rag - WARNING - 知识片段清洗后为空，已跳过。来源: 中华人民共和国民法典_20200528.docx
2026-05-05 15:32:22,834 - app.core.rag - WARNING - 知识片段清洗后为空，已跳过。来源: 中华人民共和国民法典_20200528.docx
2026-05-05 15:32:22,834 - app.core.rag - WARNING - 知识片段清洗后为空，已跳过。来源: 中华人民共和国民法典_20200528.docx
2026-05-05 15:32:22,834 - app.core.rag - WARNING - 知识片段清洗后为空，已跳过。来源: 中华人民共和国民法典_20200528.docx
2026-05-05 15:32:22,834 - app.core.rag - WARNING - 知识片段清洗后为空，已跳过。来源: 中华人民共和国民法典_20200528.docx
2026-05-05 15:32:22,834 - app.core.rag - WARNING - 知识片段清洗后为空，已跳过。来源: 中华人民共和国民法典_20200528.docx
2026-05-05 15:32:22,834 - app.core.rag - WARNING - 知识片段清洗后为空，已跳过。来源: 中华人民共和国民法典_20200528.docx
2026-05-05 15:32:22,836 - app.core.rag - WARNING - 知识片段清洗后为空，已跳过。来源: 中华人民共和国民法典_20200528.docx
2026-05-05 15:32:22,836 - app.core.rag - WARNING - 知识片段清洗后为空，已跳过。来源: 中华全国律师协会律师执业行为规范（2024 修订）.docx
2026-05-05 15:32:22,836 - app.core.rag - WARNING - 知识片段清洗后为空，已跳过。来源: 中华全国律师协会律师执业行为规范（2024 修订）.docx
2026-05-05 15:32:22,836 - app.core.rag - WARNING - 知识片段清洗后为空，已跳过。来源: 中华全国律师协会律师执业行为规范（2024 修订）.docx
2026-05-05 15:32:22,837 - app.core.rag - WARNING - 知识片段清洗后为空，已跳过。来源: 中华全国律师协会律师执业行为规范（2024 修订）.docx
2026-05-05 15:32:22,837 - app.core.rag - WARNING - 知识片段清洗后为空，已跳过。来源: 中华全国律师协会律师执业行为规范（2024 修订）.docx
2026-05-05 15:32:22,844 - app.core.rag - WARNING - 知识片段清洗后为空，已跳过。来源: 中华全国律师协会律师执业行为规范（2024 修订）.docx
2026-05-05 15:32:22,844 - app.core.rag - WARNING - 知识片段清洗后为空，已跳过。来源: 中华全国律师协会律师执业行为规范（2024 修订）.docx
2026-05-05 15:32:22,845 - app.core.rag - WARNING - 知识片段清洗后为空，已跳过。来源: 中华全国律师协会律师执业行为规范（2024 修订）.docx
2026-05-05 15:32:22,845 - app.core.rag - WARNING - 知识片段清洗后为空，已跳过。来源: 乳腺癌.docx
2026-05-05 15:32:22,845 - app.core.rag - WARNING - 知识片段清洗后为空，已跳过。来源: 乳腺癌.docx
2026-05-05 15:32:22,845 - app.core.rag - WARNING - 知识片段清洗后为空，已跳过。来源: 乳腺癌.docx
2026-05-05 15:32:22,845 - app.core.rag - WARNING - 知识片段清洗后为空，已跳过。来源: 乳腺癌.docx
2026-05-05 15:32:22,846 - app.core.rag - WARNING - 知识片段清洗后为空，已跳过。来源: 哮喘.docx
2026-05-05 15:32:22,846 - app.core.rag - WARNING - 知识片段清洗后为空，已跳过。来源: 哮喘.docx
2026-05-05 15:32:22,846 - app.core.rag - WARNING - 知识片段清洗后为空，已跳过。来源: 哮喘.docx
2026-05-05 15:32:22,846 - app.core.rag - WARNING - 知识片段清洗后为空，已跳过。来源: 商业银行理财管理办法2024.docx
2026-05-05 15:32:22,846 - app.core.rag - WARNING - 知识片段清洗后为空，已跳过。来源: 商业银行理财管理办法2024.docx
2026-05-05 15:32:22,846 - app.core.rag - WARNING - 知识片段清洗后为空，已跳过。来源: 国家基层高血压防治管理手册2025版.pdf
2026-05-05 15:32:22,847 - app.core.rag - WARNING - 知识片段清洗后为空，已跳过。来源: 国家基层高血压防治管理手册2025版.pdf
2026-05-05 15:32:22,847 - app.core.rag - WARNING - 知识片段清洗后为空，已跳过。来源: 国家基层高血压防治管理手册2025版.pdf
2026-05-05 15:32:22,847 - app.core.rag - WARNING - 知识片段清洗后为空，已跳过。来源: 国家基层高血压防治管理手册2025版.pdf
2026-05-05 15:32:22,847 - app.core.rag - WARNING - 知识片段清洗后为空，已跳过。来源: 国家基层高血压防治管理手册2025版.pdf
2026-05-05 15:32:22,847 - app.core.rag - WARNING - 知识片段清洗后为空，已跳过。来源: 国家基层高血压防治管理手册2025版.pdf
2026-05-05 15:32:22,848 - app.core.rag - WARNING - 知识片段清洗后为空，已跳过。来源: 国家基层高血压防治管理手册2025版.pdf
2026-05-05 15:32:22,848 - app.core.rag - WARNING - 知识片段清洗后为空，已跳过。来源: 国家基层高血压防治管理手册2025版.pdf
2026-05-05 15:32:22,848 - app.core.rag - WARNING - 知识片段清洗后为空，已跳过。来源: 国家基层高血压防治管理手册2025版.pdf
2026-05-05 15:32:22,848 - app.core.rag - WARNING - 知识片段清洗后为空，已跳过。来源: 国家基层高血压防治管理手册2025版.pdf
2026-05-05 15:32:22,848 - app.core.rag - WARNING - 知识片段清洗后为空，已跳过。来源: 国家基层高血压防治管理手册2025版.pdf
2026-05-05 15:32:22,849 - app.core.rag - WARNING - 知识片段清洗后为空，已跳过。来源: 国家基层高血压防治管理手册2025版.pdf
2026-05-05 15:32:22,849 - app.core.rag - WARNING - 知识片段清洗后为空，已跳过。来源: 国家基层高血压防治管理手册2025版.pdf
2026-05-05 15:32:22,849 - app.core.rag - WARNING - 知识片段清洗后为空，已跳过。来源: 国家基层高血压防治管理手册2025版.pdf
2026-05-05 15:32:22,849 - app.core.rag - WARNING - 知识片段清洗后为空，已跳过。来源: 国家基层高血压防治管理手册2025版.pdf
2026-05-05 15:32:22,849 - app.core.rag - WARNING - 知识片段清洗后为空，已跳过。来源: 国家基层高血压防治管理手册2025版.pdf
2026-05-05 15:32:22,849 - app.core.rag - WARNING - 知识片段清洗后为空，已跳过。来源: 国家基层高血压防治管理手册2025版.pdf
2026-05-05 15:32:22,849 - app.core.rag - WARNING - 知识片段清洗后为空，已跳过。来源: 国家基层高血压防治管理手册2025版.pdf
2026-05-05 15:32:22,851 - app.core.rag - WARNING - 知识片段清洗后为空，已跳过。来源: 国家基层高血压防治管理手册2025版.pdf
2026-05-05 15:32:22,851 - app.core.rag - WARNING - 知识片段清洗后为空，已跳过。来源: 国家基层高血压防治管理手册2025版.pdf
2026-05-05 15:32:22,851 - app.core.rag - WARNING - 知识片段清洗后为空，已跳过。来源: 国家基层高血压防治管理手册2025版.pdf
2026-05-05 15:32:22,851 - app.core.rag - WARNING - 知识片段清洗后为空，已跳过。来源: 国家基层高血压防治管理手册2025版.pdf
2026-05-05 15:32:22,851 - app.core.rag - WARNING - 知识片段清洗后为空，已跳过。来源: 国家基层高血压防治管理手册2025版.pdf
2026-05-05 15:32:22,851 - app.core.rag - WARNING - 知识片段清洗后为空，已跳过。来源: 国家基层高血压防治管理手册2025版.pdf
2026-05-05 15:32:22,852 - app.core.rag - WARNING - 知识片段清洗后为空，已跳过。来源: 国家基层高血压防治管理手册2025版.pdf
2026-05-05 15:32:22,852 - app.core.rag - WARNING - 知识片段清洗后为空，已跳过。来源: 国家基层高血压防治管理手册2025版.pdf
2026-05-05 15:32:22,852 - app.core.rag - WARNING - 知识片段清洗后为空，已跳过。来源: 国家基层高血压防治管理手册2025版.pdf
2026-05-05 15:32:22,853 - app.core.rag - WARNING - 知识片段清洗后为空，已跳过。来源: 国家基层高血压防治管理手册2025版.pdf
2026-05-05 15:32:22,853 - app.core.rag - WARNING - 知识片段清洗后为空，已跳过。来源: 国家基层高血压防治管理手册2025版.pdf
2026-05-05 15:32:22,854 - app.core.rag - WARNING - 知识片段清洗后为空，已跳过。来源: 国家基层高血压防治管理手册2025版.pdf
2026-05-05 15:32:22,854 - app.core.rag - WARNING - 知识片段清洗后为空，已跳过。来源: 国家基层高血压防治管理手册2025版.pdf
2026-05-05 15:32:22,854 - app.core.rag - WARNING - 知识片段清洗后为空，已跳过。来源: 国家基层高血压防治管理手册2025版.pdf
2026-05-05 15:32:22,854 - app.core.rag - WARNING - 知识片段清洗后为空，已跳过。来源: 国家基层高血压防治管理手册2025版.pdf
2026-05-05 15:32:22,854 - app.core.rag - WARNING - 知识片段清洗后为空，已跳过。来源: 国家基层高血压防治管理手册2025版.pdf
2026-05-05 15:32:22,854 - app.core.rag - WARNING - 知识片段清洗后为空，已跳过。来源: 国家基层高血压防治管理手册2025版.pdf
2026-05-05 15:32:22,854 - app.core.rag - WARNING - 知识片段清洗后为空，已跳过。来源: 国家基层高血压防治管理手册2025版.pdf
2026-05-05 15:32:22,856 - app.core.rag - WARNING - 知识片段清洗后为空，已跳过。来源: 天体物理学.docx
2026-05-05 15:32:22,856 - app.core.rag - WARNING - 知识片段清洗后为空，已跳过。来源: 天体物理学.docx
2026-05-05 15:32:22,856 - app.core.rag - WARNING - 知识片段清洗后为空，已跳过。来源: 天体物理学.docx
2026-05-05 15:32:22,857 - app.core.rag - WARNING - 知识片段清洗后为空，已跳过。来源: 天体物理学.docx
2026-05-05 15:32:22,857 - app.core.rag - WARNING - 知识片段清洗后为空，已跳过。来源: 天体物理学.docx
2026-05-05 15:32:22,857 - app.core.rag - WARNING - 知识片段清洗后为空，已跳过。来源: 天体物理学.docx
2026-05-05 15:32:22,858 - app.core.rag - WARNING - 知识片段清洗后为空，已跳过。来源: 天体物理学.docx
2026-05-05 15:32:22,858 - app.core.rag - WARNING - 知识片段清洗后为空，已跳过。来源: 天体物理学.docx
2026-05-05 15:32:22,858 - app.core.rag - WARNING - 知识片段清洗后为空，已跳过。来源: 天体物理学.docx
2026-05-05 15:32:22,858 - app.core.rag - WARNING - 知识片段清洗后为空，已跳过。来源: 天体物理学.docx
2026-05-05 15:32:22,858 - app.core.rag - WARNING - 知识片段清洗后为空，已跳过。来源: 天体物理学.docx
2026-05-05 15:32:22,858 - app.core.rag - WARNING - 知识片段清洗后为空，已跳过。来源: 天体物理学.docx
2026-05-05 15:32:22,859 - app.core.rag - WARNING - 知识片段清洗后为空，已跳过。来源: 天体物理学.docx
2026-05-05 15:32:22,860 - app.core.rag - WARNING - 知识片段清洗后为空，已跳过。来源: 天体物理学.docx
2026-05-05 15:32:22,861 - app.core.rag - WARNING - 知识片段清洗后为空，已跳过。来源: 天体物理学.docx
2026-05-05 15:32:22,861 - app.core.rag - WARNING - 知识片段清洗后为空，已跳过。来源: 天体物理学.docx
2026-05-05 15:32:22,861 - app.core.rag - WARNING - 知识片段清洗后为空，已跳过。来源: 天体物理学.docx
2026-05-05 15:32:22,861 - app.core.rag - WARNING - 知识片段清洗后为空，已跳过。来源: 天体物理学.docx
2026-05-05 15:32:22,861 - app.core.rag - WARNING - 知识片段清洗后为空，已跳过。来源: 天体物理学.docx
2026-05-05 15:32:22,861 - app.core.rag - WARNING - 知识片段清洗后为空，已跳过。来源: 天体物理学.docx
2026-05-05 15:32:22,861 - app.core.rag - WARNING - 知识片段清洗后为空，已跳过。来源: 天体物理学.docx
2026-05-05 15:32:22,861 - app.core.rag - WARNING - 知识片段清洗后为空，已跳过。来源: 天体物理学.docx
2026-05-05 15:32:22,863 - app.core.rag - WARNING - 知识片段清洗后为空，已跳过。来源: 天体物理学.docx
2026-05-05 15:32:22,863 - app.core.rag - WARNING - 知识片段清洗后为空，已跳过。来源: 天体物理学.docx
2026-05-05 15:32:22,863 - app.core.rag - WARNING - 知识片段清洗后为空，已跳过。来源: 天体物理学.docx
2026-05-05 15:32:22,863 - app.core.rag - WARNING - 知识片段清洗后为空，已跳过。来源: 天体物理学.docx
2026-05-05 15:32:22,863 - app.core.rag - WARNING - 知识片段清洗后为空，已跳过。来源: 天体物理学.docx
2026-05-05 15:32:22,864 - app.core.rag - WARNING - 知识片段清洗后为空，已跳过。来源: 天体物理学.docx
2026-05-05 15:32:22,864 - app.core.rag - WARNING - 知识片段清洗后为空，已跳过。来源: 天体物理学.docx
2026-05-05 15:32:22,864 - app.core.rag - WARNING - 知识片段清洗后为空，已跳过。来源: 天体物理学.docx
2026-05-05 15:32:22,864 - app.core.rag - WARNING - 知识片段清洗后为空，已跳过。来源: 天体物理学.docx
2026-05-05 15:32:22,865 - app.core.rag - WARNING - 知识片段清洗后为空，已跳过。来源: 天体物理学.docx
2026-05-05 15:32:22,865 - app.core.rag - WARNING - 知识片段清洗后为空，已跳过。来源: 天体物理学.docx
2026-05-05 15:32:22,865 - app.core.rag - WARNING - 知识片段清洗后为空，已跳过。来源: 天体物理学.docx
2026-05-05 15:32:22,865 - app.core.rag - WARNING - 知识片段清洗后为空，已跳过。来源: 天体物理学.docx
2026-05-05 15:32:22,866 - app.core.rag - WARNING - 知识片段清洗后为空，已跳过。来源: 天体物理学.docx
2026-05-05 15:32:22,866 - app.core.rag - WARNING - 知识片段清洗后为空，已跳过。来源: 天体物理学.docx
2026-05-05 15:32:22,866 - app.core.rag - WARNING - 知识片段清洗后为空，已跳过。来源: 天体物理学.docx
2026-05-05 15:32:22,866 - app.core.rag - WARNING - 知识片段清洗后为空，已跳过。来源: 天体物理学.docx
2026-05-05 15:32:22,866 - app.core.rag - WARNING - 知识片段清洗后为空，已跳过。来源: 天体物理学.docx
2026-05-05 15:32:22,866 - app.core.rag - WARNING - 知识片段清洗后为空，已跳过。来源: 天体物理学.docx
2026-05-05 15:32:22,867 - app.core.rag - WARNING - 知识片段清洗后为空，已跳过。来源: 天体物理学.docx
2026-05-05 15:32:22,867 - app.core.rag - WARNING - 知识片段清洗后为空，已跳过。来源: 天体物理学.docx
2026-05-05 15:32:22,867 - app.core.rag - WARNING - 知识片段清洗后为空，已跳过。来源: 天体物理学.docx
2026-05-05 15:32:22,867 - app.core.rag - WARNING - 知识片段清洗后为空，已跳过。来源: 天体物理学.docx
2026-05-05 15:32:22,867 - app.core.rag - WARNING - 知识片段清洗后为空，已跳过。来源: 天体物理学.docx
2026-05-05 15:32:22,868 - app.core.rag - WARNING - 知识片段清洗后为空，已跳过。来源: 天体物理学.docx
2026-05-05 15:32:22,868 - app.core.rag - WARNING - 知识片段清洗后为空，已跳过。来源: 天体物理学.docx
2026-05-05 15:32:22,868 - app.core.rag - WARNING - 知识片段清洗后为空，已跳过。来源: 天体物理学.docx
2026-05-05 15:32:22,868 - app.core.rag - WARNING - 知识片段清洗后为空，已跳过。来源: 天体物理学.docx
2026-05-05 15:32:22,868 - app.core.rag - WARNING - 知识片段清洗后为空，已跳过。来源: 天体物理学.docx
2026-05-05 15:32:22,868 - app.core.rag - WARNING - 知识片段清洗后为空，已跳过。来源: 天体物理学.docx
2026-05-05 15:32:22,869 - app.core.rag - WARNING - 知识片段清洗后为空，已跳过。来源: 天体物理学.docx
2026-05-05 15:32:22,869 - app.core.rag - WARNING - 知识片段清洗后为空，已跳过。来源: 天体物理学.docx
2026-05-05 15:32:22,869 - app.core.rag - WARNING - 知识片段清洗后为空，已跳过。来源: 天体物理学.docx
2026-05-05 15:32:22,869 - app.core.rag - WARNING - 知识片段清洗后为空，已跳过。来源: 天体物理学.docx
2026-05-05 15:32:22,869 - app.core.rag - WARNING - 知识片段清洗后为空，已跳过。来源: 天体物理学.docx
2026-05-05 15:32:22,869 - app.core.rag - WARNING - 知识片段清洗后为空，已跳过。来源: 天体物理学.docx
2026-05-05 15:32:22,870 - app.core.rag - WARNING - 知识片段清洗后为空，已跳过。来源: 天体物理学.docx
2026-05-05 15:32:22,870 - app.core.rag - WARNING - 知识片段清洗后为空，已跳过。来源: 天体物理学.docx
2026-05-05 15:32:22,870 - app.core.rag - WARNING - 知识片段清洗后为空，已跳过。来源: 天体物理学.docx
2026-05-05 15:32:22,870 - app.core.rag - WARNING - 知识片段清洗后为空，已跳过。来源: 天体物理学.docx
2026-05-05 15:32:22,870 - app.core.rag - WARNING - 知识片段清洗后为空，已跳过。来源: 天体物理学.docx
2026-05-05 15:32:22,870 - app.core.rag - WARNING - 知识片段清洗后为空，已跳过。来源: 天体物理学.docx
2026-05-05 15:32:22,871 - app.core.rag - WARNING - 知识片段清洗后为空，已跳过。来源: 天体物理学.docx
2026-05-05 15:32:22,871 - app.core.rag - WARNING - 知识片段清洗后为空，已跳过。来源: 天体物理学.docx
2026-05-05 15:32:22,871 - app.core.rag - WARNING - 知识片段清洗后为空，已跳过。来源: 天体物理学.docx
2026-05-05 15:32:22,871 - app.core.rag - WARNING - 知识片段清洗后为空，已跳过。来源: 天体物理学.docx
2026-05-05 15:32:22,871 - app.core.rag - WARNING - 知识片段清洗后为空，已跳过。来源: 天体物理学.docx
2026-05-05 15:32:22,871 - app.core.rag - WARNING - 知识片段清洗后为空，已跳过。来源: 天体物理学.docx
2026-05-05 15:32:22,871 - app.core.rag - WARNING - 知识片段清洗后为空，已跳过。来源: 天体物理学.docx
2026-05-05 15:32:22,873 - app.core.rag - WARNING - 知识片段清洗后为空，已跳过。来源: 天体物理学.docx
2026-05-05 15:32:22,873 - app.core.rag - WARNING - 知识片段清洗后为空，已跳过。来源: 天体物理学.docx
2026-05-05 15:32:22,873 - app.core.rag - WARNING - 知识片段清洗后为空，已跳过。来源: 天体物理学.docx
2026-05-05 15:32:22,873 - app.core.rag - WARNING - 知识片段清洗后为空，已跳过。来源: 天体物理学.docx
2026-05-05 15:32:22,873 - app.core.rag - WARNING - 知识片段清洗后为空，已跳过。来源: 天体物理学.docx
2026-05-05 15:32:22,873 - app.core.rag - WARNING - 知识片段清洗后为空，已跳过。来源: 天体物理学.docx
2026-05-05 15:32:22,873 - app.core.rag - WARNING - 知识片段清洗后为空，已跳过。来源: 天体物理学.docx
2026-05-05 15:32:22,873 - app.core.rag - WARNING - 知识片段清洗后为空，已跳过。来源: 天体物理学.docx
2026-05-05 15:32:22,874 - app.core.rag - WARNING - 知识片段清洗后为空，已跳过。来源: 天体物理学.docx
2026-05-05 15:32:22,874 - app.core.rag - WARNING - 知识片段清洗后为空，已跳过。来源: 天体物理学.docx
2026-05-05 15:32:22,874 - app.core.rag - WARNING - 知识片段清洗后为空，已跳过。来源: 天体物理学.docx
2026-05-05 15:32:22,874 - app.core.rag - WARNING - 知识片段清洗后为空，已跳过。来源: 天体物理学.docx
2026-05-05 15:32:22,874 - app.core.rag - WARNING - 知识片段清洗后为空，已跳过。来源: 天体物理学.docx
2026-05-05 15:32:22,874 - app.core.rag - WARNING - 知识片段清洗后为空，已跳过。来源: 天体物理学.docx
2026-05-05 15:32:22,874 - app.core.rag - WARNING - 知识片段清洗后为空，已跳过。来源: 天体物理学.docx
2026-05-05 15:32:22,874 - app.core.rag - WARNING - 知识片段清洗后为空，已跳过。来源: 天体物理学.docx
2026-05-05 15:32:22,876 - app.core.rag - WARNING - 知识片段清洗后为空，已跳过。来源: 天体物理学.docx
2026-05-05 15:32:22,876 - app.core.rag - WARNING - 知识片段清洗后为空，已跳过。来源: 天体物理学.docx
2026-05-05 15:32:22,876 - app.core.rag - WARNING - 知识片段清洗后为空，已跳过。来源: 天体物理学.docx
2026-05-05 15:32:22,876 - app.core.rag - WARNING - 知识片段清洗后为空，已跳过。来源: 天体物理学.docx
2026-05-05 15:32:22,876 - app.core.rag - WARNING - 知识片段清洗后为空，已跳过。来源: 天体物理学.docx
2026-05-05 15:32:22,877 - app.core.rag - WARNING - 知识片段清洗后为空，已跳过。来源: 天体物理学.docx
2026-05-05 15:32:22,877 - app.core.rag - WARNING - 知识片段清洗后为空，已跳过。来源: 天体物理学.docx
2026-05-05 15:32:22,877 - app.core.rag - WARNING - 知识片段清洗后为空，已跳过。来源: 天体物理学.docx
2026-05-05 15:32:22,877 - app.core.rag - WARNING - 知识片段清洗后为空，已跳过。来源: 天体物理学.docx
2026-05-05 15:32:22,877 - app.core.rag - WARNING - 知识片段清洗后为空，已跳过。来源: 天体物理学.docx
2026-05-05 15:32:22,877 - app.core.rag - WARNING - 知识片段清洗后为空，已跳过。来源: 天体物理学.docx
2026-05-05 15:32:22,878 - app.core.rag - WARNING - 知识片段清洗后为空，已跳过。来源: 天体物理学.docx
2026-05-05 15:32:22,878 - app.core.rag - WARNING - 知识片段清洗后为空，已跳过。来源: 天体物理学.docx
2026-05-05 15:32:22,878 - app.core.rag - WARNING - 知识片段清洗后为空，已跳过。来源: 天体物理学.docx
2026-05-05 15:32:22,878 - app.core.rag - WARNING - 知识片段清洗后为空，已跳过。来源: 天体物理学.docx
2026-05-05 15:32:22,878 - app.core.rag - WARNING - 知识片段清洗后为空，已跳过。来源: 天体物理学.docx
2026-05-05 15:32:22,878 - app.core.rag - WARNING - 知识片段清洗后为空，已跳过。来源: 天体物理学.docx
2026-05-05 15:32:22,878 - app.core.rag - WARNING - 知识片段清洗后为空，已跳过。来源: 天体物理学.docx
2026-05-05 15:32:22,879 - app.core.rag - WARNING - 知识片段清洗后为空，已跳过。来源: 天体物理学.docx
2026-05-05 15:32:22,879 - app.core.rag - WARNING - 知识片段清洗后为空，已跳过。来源: 天体物理学.docx
2026-05-05 15:32:22,879 - app.core.rag - WARNING - 知识片段清洗后为空，已跳过。来源: 天体物理学.docx
2026-05-05 15:32:22,879 - app.core.rag - WARNING - 知识片段清洗后为空，已跳过。来源: 天体物理学.docx
2026-05-05 15:32:22,879 - app.core.rag - WARNING - 知识片段清洗后为空，已跳过。来源: 天体物理学.docx
2026-05-05 15:32:22,880 - app.core.rag - WARNING - 知识片段清洗后为空，已跳过。来源: 天体物理学.docx
2026-05-05 15:32:22,880 - app.core.rag - WARNING - 知识片段清洗后为空，已跳过。来源: 天体物理学.docx
2026-05-05 15:32:22,880 - app.core.rag - WARNING - 知识片段清洗后为空，已跳过。来源: 天体物理学.docx
2026-05-05 15:32:22,880 - app.core.rag - WARNING - 知识片段清洗后为空，已跳过。来源: 天体物理学.docx
2026-05-05 15:32:22,880 - app.core.rag - WARNING - 知识片段清洗后为空，已跳过。来源: 天体物理学.docx
2026-05-05 15:32:22,880 - app.core.rag - WARNING - 知识片段清洗后为空，已跳过。来源: 天体物理学.docx
2026-05-05 15:32:22,881 - app.core.rag - WARNING - 知识片段清洗后为空，已跳过。来源: 天体物理学.docx
2026-05-05 15:32:22,881 - app.core.rag - WARNING - 知识片段清洗后为空，已跳过。来源: 天体物理学.docx
2026-05-05 15:32:22,881 - app.core.rag - WARNING - 知识片段清洗后为空，已跳过。来源: 天体物理学.docx
2026-05-05 15:32:22,881 - app.core.rag - WARNING - 知识片段清洗后为空，已跳过。来源: 天体物理学.docx
2026-05-05 15:32:22,881 - app.core.rag - WARNING - 知识片段清洗后为空，已跳过。来源: 天体物理学.docx
2026-05-05 15:32:22,881 - app.core.rag - WARNING - 知识片段清洗后为空，已跳过。来源: 天体物理学.docx
2026-05-05 15:32:22,881 - app.core.rag - WARNING - 知识片段清洗后为空，已跳过。来源: 天体物理学.docx
2026-05-05 15:32:22,881 - app.core.rag - WARNING - 知识片段清洗后为空，已跳过。来源: 天体物理学.docx
2026-05-05 15:32:22,882 - app.core.rag - WARNING - 知识片段清洗后为空，已跳过。来源: 天体物理学.docx
2026-05-05 15:32:22,882 - app.core.rag - WARNING - 知识片段清洗后为空，已跳过。来源: 天体物理学.docx
2026-05-05 15:32:22,882 - app.core.rag - WARNING - 知识片段清洗后为空，已跳过。来源: 天体物理学.docx
2026-05-05 15:32:22,882 - app.core.rag - WARNING - 知识片段清洗后为空，已跳过。来源: 天体物理学.docx
2026-05-05 15:32:22,883 - app.core.rag - WARNING - 知识片段清洗后为空，已跳过。来源: 天体物理学.docx
2026-05-05 15:32:22,883 - app.core.rag - WARNING - 知识片段清洗后为空，已跳过。来源: 天体物理学.docx
2026-05-05 15:32:22,883 - app.core.rag - WARNING - 知识片段清洗后为空，已跳过。来源: 天体物理学.docx
2026-05-05 15:32:22,883 - app.core.rag - WARNING - 知识片段清洗后为空，已跳过。来源: 天体物理学.docx
2026-05-05 15:32:22,883 - app.core.rag - WARNING - 知识片段清洗后为空，已跳过。来源: 天体物理学.docx
2026-05-05 15:32:22,883 - app.core.rag - WARNING - 知识片段清洗后为空，已跳过。来源: 天体物理学.docx
2026-05-05 15:32:22,884 - app.core.rag - WARNING - 知识片段清洗后为空，已跳过。来源: 天体物理学.docx
2026-05-05 15:32:22,884 - app.core.rag - WARNING - 知识片段清洗后为空，已跳过。来源: 天体物理学.docx
2026-05-05 15:32:22,884 - app.core.rag - WARNING - 知识片段清洗后为空，已跳过。来源: 天体物理学.docx
2026-05-05 15:32:22,884 - app.core.rag - WARNING - 知识片段清洗后为空，已跳过。来源: 天体物理学.docx
2026-05-05 15:32:22,884 - app.core.rag - WARNING - 知识片段清洗后为空，已跳过。来源: 天体物理学.docx
2026-05-05 15:32:22,884 - app.core.rag - WARNING - 知识片段清洗后为空，已跳过。来源: 天体物理学.docx
2026-05-05 15:32:22,884 - app.core.rag - WARNING - 知识片段清洗后为空，已跳过。来源: 天体物理学.docx
2026-05-05 15:32:22,884 - app.core.rag - WARNING - 知识片段清洗后为空，已跳过。来源: 天体物理学.docx
2026-05-05 15:32:22,886 - app.core.rag - WARNING - 知识片段清洗后为空，已跳过。来源: 天体物理学.docx
2026-05-05 15:32:22,886 - app.core.rag - WARNING - 知识片段清洗后为空，已跳过。来源: 天体物理学.docx
2026-05-05 15:32:22,886 - app.core.rag - WARNING - 知识片段清洗后为空，已跳过。来源: 天体物理学.docx
2026-05-05 15:32:22,886 - app.core.rag - WARNING - 知识片段清洗后为空，已跳过。来源: 天体物理学.docx
2026-05-05 15:32:22,886 - app.core.rag - WARNING - 知识片段清洗后为空，已跳过。来源: 天体物理学.docx
2026-05-05 15:32:22,886 - app.core.rag - WARNING - 知识片段清洗后为空，已跳过。来源: 天体物理学.docx
2026-05-05 15:32:22,887 - app.core.rag - WARNING - 知识片段清洗后为空，已跳过。来源: 天体物理学.docx
2026-05-05 15:32:22,887 - app.core.rag - WARNING - 知识片段清洗后为空，已跳过。来源: 天体物理学.docx
2026-05-05 15:32:22,887 - app.core.rag - WARNING - 知识片段清洗后为空，已跳过。来源: 天体物理学.docx
2026-05-05 15:32:22,887 - app.core.rag - WARNING - 知识片段清洗后为空，已跳过。来源: 天体物理学.docx
2026-05-05 15:32:22,887 - app.core.rag - WARNING - 知识片段清洗后为空，已跳过。来源: 天体物理学.docx
2026-05-05 15:32:22,888 - app.core.rag - WARNING - 知识片段清洗后为空，已跳过。来源: 天体物理学.docx
2026-05-05 15:32:22,888 - app.core.rag - WARNING - 知识片段清洗后为空，已跳过。来源: 天体物理学.docx
2026-05-05 15:32:22,888 - app.core.rag - WARNING - 知识片段清洗后为空，已跳过。来源: 天体物理学.docx
2026-05-05 15:32:22,888 - app.core.rag - WARNING - 知识片段清洗后为空，已跳过。来源: 天体物理学.docx
2026-05-05 15:32:22,889 - app.core.rag - WARNING - 知识片段清洗后为空，已跳过。来源: 天体物理学.docx
2026-05-05 15:32:22,889 - app.core.rag - WARNING - 知识片段清洗后为空，已跳过。来源: 天体物理学.docx
2026-05-05 15:32:22,889 - app.core.rag - WARNING - 知识片段清洗后为空，已跳过。来源: 失明与视力受损.docx
2026-05-05 15:32:22,889 - app.core.rag - WARNING - 知识片段清洗后为空，已跳过。来源: 失明与视力受损.docx
2026-05-05 15:32:22,889 - app.core.rag - WARNING - 知识片段清洗后为空，已跳过。来源: 失明与视力受损.docx
2026-05-05 15:32:22,890 - app.core.rag - WARNING - 知识片段清洗后为空，已跳过。来源: 心理健康.docx
2026-05-05 15:32:22,890 - app.core.rag - WARNING - 知识片段清洗后为空，已跳过。来源: 心理健康.docx
2026-05-05 15:32:22,890 - app.core.rag - WARNING - 知识片段清洗后为空，已跳过。来源: 心理健康.docx
2026-05-05 15:32:22,890 - app.core.rag - WARNING - 知识片段清洗后为空，已跳过。来源: 心理治疗规范 （2013年版）.pdf
2026-05-05 15:32:22,891 - app.core.rag - WARNING - 知识片段清洗后为空，已跳过。来源: 心理治疗规范 （2013年版）.pdf
2026-05-05 15:32:22,891 - app.core.rag - WARNING - 知识片段清洗后为空，已跳过。来源: 心理治疗规范 （2013年版）.pdf
2026-05-05 15:32:22,891 - app.core.rag - WARNING - 知识片段清洗后为空，已跳过。来源: 心理治疗规范 （2013年版）.pdf
2026-05-05 15:32:22,891 - app.core.rag - WARNING - 知识片段清洗后为空，已跳过。来源: 心理治疗规范 （2013年版）.pdf
2026-05-05 15:32:22,891 - app.core.rag - WARNING - 知识片段清洗后为空，已跳过。来源: 心理治疗规范 （2013年版）.pdf
2026-05-05 15:32:22,892 - app.core.rag - WARNING - 知识片段清洗后为空，已跳过。来源: 心理治疗规范 （2013年版）.pdf
2026-05-05 15:32:22,892 - app.core.rag - WARNING - 知识片段清洗后为空，已跳过。来源: 心理治疗规范 （2013年版）.pdf
2026-05-05 15:32:22,892 - app.core.rag - WARNING - 知识片段清洗后为空，已跳过。来源: 心理治疗规范 （2013年版）.pdf
2026-05-05 15:32:22,892 - app.core.rag - WARNING - 知识片段清洗后为空，已跳过。来源: 心理治疗规范 （2013年版）.pdf
2026-05-05 15:32:22,893 - app.core.rag - WARNING - 知识片段清洗后为空，已跳过。来源: 心理治疗规范 （2013年版）.pdf
2026-05-05 15:32:22,893 - app.core.rag - WARNING - 知识片段清洗后为空，已跳过。来源: 心理治疗规范 （2013年版）.pdf
2026-05-05 15:32:22,893 - app.core.rag - WARNING - 知识片段清洗后为空，已跳过。来源: 心理治疗规范 （2013年版）.pdf
2026-05-05 15:32:22,893 - app.core.rag - WARNING - 知识片段清洗后为空，已跳过。来源: 心理治疗规范 （2013年版）.pdf
2026-05-05 15:32:22,893 - app.core.rag - WARNING - 知识片段清洗后为空，已跳过。来源: 心理治疗规范 （2013年版）.pdf
2026-05-05 15:32:22,893 - app.core.rag - WARNING - 知识片段清洗后为空，已跳过。来源: 心理治疗规范 （2013年版）.pdf
2026-05-05 15:32:22,893 - app.core.rag - WARNING - 知识片段清洗后为空，已跳过。来源: 流感（季节性）.docx
2026-05-05 15:32:22,894 - app.core.rag - WARNING - 知识片段清洗后为空，已跳过。来源: 流感（季节性）.docx
2026-05-05 15:32:22,894 - app.core.rag - WARNING - 知识片段清洗后为空，已跳过。来源: 流感（季节性）.docx
2026-05-05 15:32:22,894 - app.core.rag - WARNING - 知识片段清洗后为空，已跳过。来源: 狂犬病.docx
2026-05-05 15:32:22,894 - app.core.rag - WARNING - 知识片段清洗后为空，已跳过。来源: 狂犬病.docx
2026-05-05 15:32:22,894 - app.core.rag - WARNING - 知识片段清洗后为空，已跳过。来源: 狂犬病.docx
2026-05-05 15:32:22,894 - app.core.rag - WARNING - 知识片段清洗后为空，已跳过。来源: 狂犬病.docx
2026-05-05 15:32:22,894 - app.core.rag - WARNING - 知识片段清洗后为空，已跳过。来源: 理财规划行业报告2024.docx
2026-05-05 15:32:22,894 - app.core.rag - WARNING - 知识片段清洗后为空，已跳过。来源: 理财规划行业报告2024.docx
2026-05-05 15:32:22,894 - app.core.rag - WARNING - 知识片段清洗后为空，已跳过。来源: 理财规划行业报告2024.docx
2026-05-05 15:32:22,896 - app.core.rag - WARNING - 知识片段清洗后为空，已跳过。来源: 理财规划行业报告2024.docx
2026-05-05 15:32:22,896 - app.core.rag - WARNING - 知识片段清洗后为空，已跳过。来源: 禁止童工的条款.docx
2026-05-05 15:32:22,896 - app.core.rag - WARNING - 知识片段清洗后为空，已跳过。来源: 禁止童工的条款.docx
2026-05-05 15:32:22,896 - app.core.rag - WARNING - 知识片段清洗后为空，已跳过。来源: 禁止童工的条款.docx
2026-05-05 15:32:22,896 - app.core.rag - WARNING - 知识片段清洗后为空，已跳过。来源: 科技人力资源报告2023..docx
2026-05-05 15:32:22,896 - app.core.rag - WARNING - 知识片段清洗后为空，已跳过。来源: 科技人力资源报告2023..docx
2026-05-05 15:32:22,896 - app.core.rag - WARNING - 知识片段清洗后为空，已跳过。来源: 科技咨询服务规范2023国标.docx
2026-05-05 15:32:22,896 - app.core.rag - WARNING - 知识片段清洗后为空，已跳过。来源: 科技咨询服务规范2023国标.docx
2026-05-05 15:32:22,906 - app.core.rag - WARNING - 知识片段清洗后为空，已跳过。来源: 科技咨询服务规范2023国标.docx
2026-05-05 15:32:22,906 - app.core.rag - WARNING - 知识片段清洗后为空，已跳过。来源: 科技服务业发展报告2024.docx
2026-05-05 15:32:22,906 - app.core.rag - WARNING - 知识片段清洗后为空，已跳过。来源: 糖尿病.docx
2026-05-05 15:32:22,906 - app.core.rag - WARNING - 知识片段清洗后为空，已跳过。来源: 糖尿病.docx
2026-05-05 15:32:22,907 - app.core.rag - WARNING - 知识片段清洗后为空，已跳过。来源: 糖尿病.docx
2026-05-05 15:32:22,907 - app.core.rag - WARNING - 知识片段清洗后为空，已跳过。来源: 职场心理健康.docx
2026-05-05 15:32:22,907 - app.core.rag - WARNING - 知识片段清洗后为空，已跳过。来源: 职场心理健康.docx
2026-05-05 15:32:22,907 - app.core.rag - WARNING - 知识片段清洗后为空，已跳过。来源: 职场心理健康.docx
2026-05-05 15:32:22,907 - app.core.rag - WARNING - 知识片段清洗后为空，已跳过。来源: 腰痛.docx
2026-05-05 15:32:22,908 - app.core.rag - WARNING - 知识片段清洗后为空，已跳过。来源: 腰痛.docx
2026-05-05 15:32:22,908 - app.core.rag - WARNING - 知识片段清洗后为空，已跳过。来源: 腰痛.docx
2026-05-05 15:32:22,908 - app.core.rag - WARNING - 知识片段清洗后为空，已跳过。来源: 自闭症.docx
2026-05-05 15:32:22,908 - app.core.rag - WARNING - 知识片段清洗后为空，已跳过。来源: 自闭症.docx
2026-05-05 15:32:22,908 - app.core.rag - WARNING - 知识片段清洗后为空，已跳过。来源: 自闭症.docx
2026-05-05 15:32:22,909 - app.core.rag - WARNING - 知识片段清洗后为空，已跳过。来源: 虚拟朋友.docx
2026-05-05 15:32:22,909 - app.core.rag - WARNING - 知识片段清洗后为空，已跳过。来源: 虚拟朋友.docx
2026-05-05 15:32:22,909 - app.core.rag - WARNING - 知识片段清洗后为空，已跳过。来源: 虚拟朋友.docx
2026-05-05 15:32:22,909 - app.core.rag - WARNING - 知识片段清洗后为空，已跳过。来源: 虚拟朋友.docx
2026-05-05 15:32:22,909 - app.core.rag - WARNING - 知识片段清洗后为空，已跳过。来源: 证券分析师执业行为规范.docx
2026-05-05 15:32:22,910 - app.core.rag - WARNING - 知识片段清洗后为空，已跳过。来源: 证券分析师执业行为规范.docx
2026-05-05 15:32:22,910 - app.core.rag - WARNING - 知识片段清洗后为空，已跳过。来源: 证券分析师执业行为规范.docx
2026-05-05 15:32:22,910 - app.core.rag - WARNING - 知识片段清洗后为空，已跳过。来源: 证券投资顾问业务暂行规定.docx
2026-05-05 15:32:22,910 - app.core.rag - WARNING - 知识片段清洗后为空，已跳过。来源: 证券投资顾问业务暂行规定.docx
2026-05-05 15:32:22,910 - app.core.rag - WARNING - 知识片段清洗后为空，已跳过。来源: 证券投资顾问业务暂行规定.docx
2026-05-05 15:32:22,910 - app.core.rag - WARNING - 知识片段清洗后为空，已跳过。来源: 证券行业发展报告2023.docx
2026-05-05 15:32:22,911 - app.core.rag - WARNING - 知识片段清洗后为空，已跳过。来源: 证券行业发展报告2023.docx
2026-05-05 15:32:22,911 - app.core.rag - WARNING - 知识片段清洗后为空，已跳过。来源: 财富管理白皮书2024.docx
2026-05-05 15:32:22,911 - app.core.rag - WARNING - 知识片段清洗后为空，已跳过。来源: 财富管理白皮书2024.docx
2026-05-05 15:32:22,911 - app.core.rag - WARNING - 知识片段清洗后为空，已跳过。来源: 财富管理白皮书2024.docx
2026-05-05 15:32:22,911 - app.core.rag - WARNING - 知识片段清洗后为空，已跳过。来源: 财富管理白皮书2024.docx
2026-05-05 15:32:22,911 - app.core.rag - WARNING - 知识片段清洗后为空，已跳过。来源: 贫血.docx
2026-05-05 15:32:22,911 - app.core.rag - WARNING - 知识片段清洗后为空，已跳过。来源: 贫血.docx
2026-05-05 15:32:22,912 - app.core.rag - WARNING - 知识片段清洗后为空，已跳过。来源: 贫血.docx
2026-05-05 15:32:22,913 - app.core.rag - WARNING - 知识片段清洗后为空，已跳过。来源: 内置兜底知识
2026-05-05 15:32:22,913 - app.core.rag - WARNING - 知识片段清洗后为空，已跳过。来源: 内置兜底知识
2026-05-05 15:32:22,913 - app.core.rag - WARNING - 知识片段清洗后为空，已跳过。来源: 内置兜底知识
2026-05-05 15:32:22,914 - app.core.rag - WARNING - 知识片段清洗后为空，已跳过。来源: 内置兜底知识
2026-05-05 15:32:22,914 - app.core.rag - WARNING - 知识片段清洗后为空，已跳过。来源: 内置兜底知识
2026-05-05 15:32:22,914 - app.core.rag - WARNING - 知识片段清洗后为空，已跳过。来源: 内置兜底知识
2026-05-05 15:32:22,914 - app.core.rag - WARNING - 知识片段清洗后为空，已跳过。来源: 内置兜底知识
2026-05-05 15:32:22,914 - app.core.rag - WARNING - 知识片段清洗后为空，已跳过。来源: 内置兜底知识
2026-05-05 15:32:22,914 - app.core.rag - WARNING - 知识片段清洗后为空，已跳过。来源: 内置兜底知识
2026-05-05 15:32:22,914 - app.core.rag - WARNING - 知识片段清洗后为空，已跳过。来源: 内置兜底知识
2026-05-05 15:32:22,914 - app.core.rag - WARNING - 知识片段清洗后为空，已跳过。来源: 内置兜底知识
2026-05-05 15:32:22,916 - app.core.rag - WARNING - 知识片段清洗后为空，已跳过。来源: 内置兜底知识
2026-05-05 15:32:22,916 - app.core.rag - WARNING - 知识片段清洗后为空，已跳过。来源: 内置兜底知识
2026-05-05 15:32:22,916 - app.core.rag - WARNING - 知识库缓存为空，无法初始化 BM25 索引
2026-05-05 15:32:22,916 - app.core.rag - INFO - 知识库初始化完成: {'total': 37, 'processed': 0, 'failed': 0, 'from_cache': True, 'role_counts': {'1': 0, '2': 0, '3': 0, '4': 0, '5': 0, '6': 0, '7': 0, '8': 0, '9': 0}, 'processed_files': [], 'failed_files': []}
2026-05-05 15:32:43,549 - sentence_transformers.SentenceTransformer - INFO - Load pretrained SentenceTransformer: C:\Users\freedom\Desktop\专业\模型\bge-base-zh-v1.5
2026-05-05 15:32:44,083 - sentence_transformers.SentenceTransformer - INFO - Use pytorch device_name: cpu
2026-05-05 15:32:44,097 - app.core.rag - INFO - 成功初始化向量化模型
2026-05-05 15:32:44,097 - app.core.rag - INFO - 成功初始化在线大模型
2026-05-05 15:32:44,098 - app.core.rag - INFO - 成功初始化大模型
2026-05-05 15:32:44,098 - app.core.rag - INFO - 知识库目录: C:\Users\freedom\Desktop\多角色聊天机器人\app\knowledge\data
2026-05-05 15:32:44,472 - app.core.rag - WARNING - 知识片段清洗后为空，已跳过。来源: 中华人民共和国国务院组织法.docx
2026-05-05 15:32:44,472 - app.core.rag - WARNING - 知识片段清洗后为空，已跳过。来源: 中华人民共和国妇女权益保护法.docx
2026-05-05 15:32:44,472 - app.core.rag - WARNING - 知识片段清洗后为空，已跳过。来源: 中华人民共和国妇女权益保护法.docx
2026-05-05 15:32:44,473 - app.core.rag - WARNING - 知识片段清洗后为空，已跳过。来源: 中华人民共和国妇女权益保护法.docx
2026-05-05 15:32:44,473 - app.core.rag - WARNING - 知识片段清洗后为空，已跳过。来源: 中华人民共和国妇女权益保护法.docx
2026-05-05 15:32:44,473 - app.core.rag - WARNING - 知识片段清洗后为空，已跳过。来源: 中华人民共和国妇女权益保护法.docx
2026-05-05 15:32:44,473 - app.core.rag - WARNING - 知识片段清洗后为空，已跳过。来源: 中华人民共和国宪法.docx
2026-05-05 15:32:44,473 - app.core.rag - WARNING - 知识片段清洗后为空，已跳过。来源: 中华人民共和国宪法.docx
2026-05-05 15:32:44,475 - app.core.rag - WARNING - 知识片段清洗后为空，已跳过。来源: 中华人民共和国宪法.docx
2026-05-05 15:32:44,475 - app.core.rag - WARNING - 知识片段清洗后为空，已跳过。来源: 中华人民共和国宪法.docx
2026-05-05 15:32:44,475 - app.core.rag - WARNING - 知识片段清洗后为空，已跳过。来源: 中华人民共和国宪法.docx
2026-05-05 15:32:44,475 - app.core.rag - WARNING - 知识片段清洗后为空，已跳过。来源: 中华人民共和国宪法.docx
2026-05-05 15:32:44,475 - app.core.rag - WARNING - 知识片段清洗后为空，已跳过。来源: 中华人民共和国宪法.docx
2026-05-05 15:32:44,476 - app.core.rag - WARNING - 知识片段清洗后为空，已跳过。来源: 中华人民共和国宪法.docx
2026-05-05 15:32:44,476 - app.core.rag - WARNING - 知识片段清洗后为空，已跳过。来源: 中华人民共和国宪法.docx
2026-05-05 15:32:44,476 - app.core.rag - WARNING - 知识片段清洗后为空，已跳过。来源: 中华人民共和国宪法.docx
2026-05-05 15:32:44,476 - app.core.rag - WARNING - 知识片段清洗后为空，已跳过。来源: 中华人民共和国宪法.docx
2026-05-05 15:32:44,476 - app.core.rag - WARNING - 知识片段清洗后为空，已跳过。来源: 中华人民共和国宪法.docx
2026-05-05 15:32:44,477 - app.core.rag - WARNING - 知识片段清洗后为空，已跳过。来源: 中华人民共和国宪法.docx
2026-05-05 15:32:44,477 - app.core.rag - WARNING - 知识片段清洗后为空，已跳过。来源: 中华人民共和国宪法.docx
2026-05-05 15:32:44,477 - app.core.rag - WARNING - 知识片段清洗后为空，已跳过。来源: 中华人民共和国宪法.docx
2026-05-05 15:32:44,477 - app.core.rag - WARNING - 知识片段清洗后为空，已跳过。来源: 中华人民共和国宪法.docx
2026-05-05 15:32:44,478 - app.core.rag - WARNING - 知识片段清洗后为空，已跳过。来源: 中华人民共和国宪法.docx
2026-05-05 15:32:44,478 - app.core.rag - WARNING - 知识片段清洗后为空，已跳过。来源: 中华人民共和国宪法.docx
2026-05-05 15:32:44,478 - app.core.rag - WARNING - 知识片段清洗后为空，已跳过。来源: 中华人民共和国宪法.docx
2026-05-05 15:32:44,479 - app.core.rag - WARNING - 知识片段清洗后为空，已跳过。来源: 中华人民共和国宪法.docx
2026-05-05 15:32:44,479 - app.core.rag - WARNING - 知识片段清洗后为空，已跳过。来源: 中华人民共和国宪法.docx
2026-05-05 15:32:44,479 - app.core.rag - WARNING - 知识片段清洗后为空，已跳过。来源: 中华人民共和国宪法.docx
2026-05-05 15:32:44,479 - app.core.rag - WARNING - 知识片段清洗后为空，已跳过。来源: 中华人民共和国宪法.docx
2026-05-05 15:32:44,480 - app.core.rag - WARNING - 知识片段清洗后为空，已跳过。来源: 中华人民共和国工会法.docx
2026-05-05 15:32:44,480 - app.core.rag - WARNING - 知识片段清洗后为空，已跳过。来源: 中华人民共和国工会法.docx
2026-05-05 15:32:44,480 - app.core.rag - WARNING - 知识片段清洗后为空，已跳过。来源: 中华人民共和国工会法.docx
2026-05-05 15:32:44,480 - app.core.rag - WARNING - 知识片段清洗后为空，已跳过。来源: 中华人民共和国工会法.docx
2026-05-05 15:32:44,481 - app.core.rag - WARNING - 知识片段清洗后为空，已跳过。来源: 中华人民共和国工会法.docx
2026-05-05 15:32:44,481 - app.core.rag - WARNING - 知识片段清洗后为空，已跳过。来源: 中华人民共和国工会法.docx
2026-05-05 15:32:44,481 - app.core.rag - WARNING - 知识片段清洗后为空，已跳过。来源: 中华人民共和国工会法.docx
2026-05-05 15:32:44,481 - app.core.rag - WARNING - 知识片段清洗后为空，已跳过。来源: 中华人民共和国未成年人保护法.docx
2026-05-05 15:32:44,481 - app.core.rag - WARNING - 知识片段清洗后为空，已跳过。来源: 中华人民共和国未成年人保护法.docx
2026-05-05 15:32:44,481 - app.core.rag - WARNING - 知识片段清洗后为空，已跳过。来源: 中华人民共和国未成年人保护法.docx
2026-05-05 15:32:44,482 - app.core.rag - WARNING - 知识片段清洗后为空，已跳过。来源: 中华人民共和国未成年人保护法.docx
2026-05-05 15:32:44,482 - app.core.rag - WARNING - 知识片段清洗后为空，已跳过。来源: 中华人民共和国未成年人保护法.docx
2026-05-05 15:32:44,482 - app.core.rag - WARNING - 知识片段清洗后为空，已跳过。来源: 中华人民共和国未成年人保护法.docx
2026-05-05 15:32:44,482 - app.core.rag - WARNING - 知识片段清洗后为空，已跳过。来源: 中华人民共和国未成年人保护法.docx
2026-05-05 15:32:44,483 - app.core.rag - WARNING - 知识片段清洗后为空，已跳过。来源: 中华人民共和国未成年人保护法.docx
2026-05-05 15:32:44,483 - app.core.rag - WARNING - 知识片段清洗后为空，已跳过。来源: 中华人民共和国民法典_20200528.docx
2026-05-05 15:32:44,483 - app.core.rag - WARNING - 知识片段清洗后为空，已跳过。来源: 中华人民共和国民法典_20200528.docx
2026-05-05 15:32:44,483 - app.core.rag - WARNING - 知识片段清洗后为空，已跳过。来源: 中华人民共和国民法典_20200528.docx
2026-05-05 15:32:44,483 - app.core.rag - WARNING - 知识片段清洗后为空，已跳过。来源: 中华人民共和国民法典_20200528.docx
2026-05-05 15:32:44,484 - app.core.rag - WARNING - 知识片段清洗后为空，已跳过。来源: 中华人民共和国民法典_20200528.docx
2026-05-05 15:32:44,484 - app.core.rag - WARNING - 知识片段清洗后为空，已跳过。来源: 中华人民共和国民法典_20200528.docx
2026-05-05 15:32:44,484 - app.core.rag - WARNING - 知识片段清洗后为空，已跳过。来源: 中华人民共和国民法典_20200528.docx
2026-05-05 15:32:44,484 - app.core.rag - WARNING - 知识片段清洗后为空，已跳过。来源: 中华人民共和国民法典_20200528.docx
2026-05-05 15:32:44,484 - app.core.rag - WARNING - 知识片段清洗后为空，已跳过。来源: 中华人民共和国民法典_20200528.docx
2026-05-05 15:32:44,484 - app.core.rag - WARNING - 知识片段清洗后为空，已跳过。来源: 中华人民共和国民法典_20200528.docx
2026-05-05 15:32:44,484 - app.core.rag - WARNING - 知识片段清洗后为空，已跳过。来源: 中华人民共和国民法典_20200528.docx
2026-05-05 15:32:44,486 - app.core.rag - WARNING - 知识片段清洗后为空，已跳过。来源: 中华人民共和国民法典_20200528.docx
2026-05-05 15:32:44,486 - app.core.rag - WARNING - 知识片段清洗后为空，已跳过。来源: 中华人民共和国民法典_20200528.docx
2026-05-05 15:32:44,486 - app.core.rag - WARNING - 知识片段清洗后为空，已跳过。来源: 中华人民共和国民法典_20200528.docx
2026-05-05 15:32:44,486 - app.core.rag - WARNING - 知识片段清洗后为空，已跳过。来源: 中华人民共和国民法典_20200528.docx
2026-05-05 15:32:44,487 - app.core.rag - WARNING - 知识片段清洗后为空，已跳过。来源: 中华人民共和国民法典_20200528.docx
2026-05-05 15:32:44,487 - app.core.rag - WARNING - 知识片段清洗后为空，已跳过。来源: 中华人民共和国民法典_20200528.docx
2026-05-05 15:32:44,487 - app.core.rag - WARNING - 知识片段清洗后为空，已跳过。来源: 中华人民共和国民法典_20200528.docx
2026-05-05 15:32:44,487 - app.core.rag - WARNING - 知识片段清洗后为空，已跳过。来源: 中华人民共和国民法典_20200528.docx
2026-05-05 15:32:44,487 - app.core.rag - WARNING - 知识片段清洗后为空，已跳过。来源: 中华人民共和国民法典_20200528.docx
2026-05-05 15:32:44,488 - app.core.rag - WARNING - 知识片段清洗后为空，已跳过。来源: 中华人民共和国民法典_20200528.docx
2026-05-05 15:32:44,488 - app.core.rag - WARNING - 知识片段清洗后为空，已跳过。来源: 中华人民共和国民法典_20200528.docx
2026-05-05 15:32:44,488 - app.core.rag - WARNING - 知识片段清洗后为空，已跳过。来源: 中华人民共和国民法典_20200528.docx
2026-05-05 15:32:44,489 - app.core.rag - WARNING - 知识片段清洗后为空，已跳过。来源: 中华人民共和国民法典_20200528.docx
2026-05-05 15:32:44,489 - app.core.rag - WARNING - 知识片段清洗后为空，已跳过。来源: 中华人民共和国民法典_20200528.docx
2026-05-05 15:32:44,489 - app.core.rag - WARNING - 知识片段清洗后为空，已跳过。来源: 中华人民共和国民法典_20200528.docx
2026-05-05 15:32:44,489 - app.core.rag - WARNING - 知识片段清洗后为空，已跳过。来源: 中华人民共和国民法典_20200528.docx
2026-05-05 15:32:44,490 - app.core.rag - WARNING - 知识片段清洗后为空，已跳过。来源: 中华人民共和国民法典_20200528.docx
2026-05-05 15:32:44,490 - app.core.rag - WARNING - 知识片段清洗后为空，已跳过。来源: 中华人民共和国民法典_20200528.docx
2026-05-05 15:32:44,490 - app.core.rag - WARNING - 知识片段清洗后为空，已跳过。来源: 中华人民共和国民法典_20200528.docx
2026-05-05 15:32:44,490 - app.core.rag - WARNING - 知识片段清洗后为空，已跳过。来源: 中华人民共和国民法典_20200528.docx
2026-05-05 15:32:44,491 - app.core.rag - WARNING - 知识片段清洗后为空，已跳过。来源: 中华人民共和国民法典_20200528.docx
2026-05-05 15:32:44,491 - app.core.rag - WARNING - 知识片段清洗后为空，已跳过。来源: 中华人民共和国民法典_20200528.docx
2026-05-05 15:32:44,491 - app.core.rag - WARNING - 知识片段清洗后为空，已跳过。来源: 中华人民共和国民法典_20200528.docx
2026-05-05 15:32:44,492 - app.core.rag - WARNING - 知识片段清洗后为空，已跳过。来源: 中华人民共和国民法典_20200528.docx
2026-05-05 15:32:44,492 - app.core.rag - WARNING - 知识片段清洗后为空，已跳过。来源: 中华人民共和国民法典_20200528.docx
2026-05-05 15:32:44,493 - app.core.rag - WARNING - 知识片段清洗后为空，已跳过。来源: 中华人民共和国民法典_20200528.docx
2026-05-05 15:32:44,493 - app.core.rag - WARNING - 知识片段清洗后为空，已跳过。来源: 中华人民共和国民法典_20200528.docx
2026-05-05 15:32:44,493 - app.core.rag - WARNING - 知识片段清洗后为空，已跳过。来源: 中华人民共和国民法典_20200528.docx
2026-05-05 15:32:44,493 - app.core.rag - WARNING - 知识片段清洗后为空，已跳过。来源: 中华人民共和国民法典_20200528.docx
2026-05-05 15:32:44,494 - app.core.rag - WARNING - 知识片段清洗后为空，已跳过。来源: 中华人民共和国民法典_20200528.docx
2026-05-05 15:32:44,494 - app.core.rag - WARNING - 知识片段清洗后为空，已跳过。来源: 中华人民共和国民法典_20200528.docx
2026-05-05 15:32:44,494 - app.core.rag - WARNING - 知识片段清洗后为空，已跳过。来源: 中华人民共和国民法典_20200528.docx
2026-05-05 15:32:44,494 - app.core.rag - WARNING - 知识片段清洗后为空，已跳过。来源: 中华人民共和国民法典_20200528.docx
2026-05-05 15:32:44,495 - app.core.rag - WARNING - 知识片段清洗后为空，已跳过。来源: 中华人民共和国民法典_20200528.docx
2026-05-05 15:32:44,495 - app.core.rag - WARNING - 知识片段清洗后为空，已跳过。来源: 中华人民共和国民法典_20200528.docx
2026-05-05 15:32:44,495 - app.core.rag - WARNING - 知识片段清洗后为空，已跳过。来源: 中华人民共和国民法典_20200528.docx
2026-05-05 15:32:44,495 - app.core.rag - WARNING - 知识片段清洗后为空，已跳过。来源: 中华人民共和国民法典_20200528.docx
2026-05-05 15:32:44,496 - app.core.rag - WARNING - 知识片段清洗后为空，已跳过。来源: 中华人民共和国民法典_20200528.docx
2026-05-05 15:32:44,496 - app.core.rag - WARNING - 知识片段清洗后为空，已跳过。来源: 中华人民共和国民法典_20200528.docx
2026-05-05 15:32:44,496 - app.core.rag - WARNING - 知识片段清洗后为空，已跳过。来源: 中华人民共和国民法典_20200528.docx
2026-05-05 15:32:44,497 - app.core.rag - WARNING - 知识片段清洗后为空，已跳过。来源: 中华人民共和国民法典_20200528.docx
2026-05-05 15:32:44,497 - app.core.rag - WARNING - 知识片段清洗后为空，已跳过。来源: 中华人民共和国民法典_20200528.docx
2026-05-05 15:32:44,497 - app.core.rag - WARNING - 知识片段清洗后为空，已跳过。来源: 中华人民共和国民法典_20200528.docx
2026-05-05 15:32:44,497 - app.core.rag - WARNING - 知识片段清洗后为空，已跳过。来源: 中华人民共和国民法典_20200528.docx
2026-05-05 15:32:44,498 - app.core.rag - WARNING - 知识片段清洗后为空，已跳过。来源: 中华人民共和国民法典_20200528.docx
2026-05-05 15:32:44,498 - app.core.rag - WARNING - 知识片段清洗后为空，已跳过。来源: 中华人民共和国民法典_20200528.docx
2026-05-05 15:32:44,498 - app.core.rag - WARNING - 知识片段清洗后为空，已跳过。来源: 中华人民共和国民法典_20200528.docx
2026-05-05 15:32:44,498 - app.core.rag - WARNING - 知识片段清洗后为空，已跳过。来源: 中华人民共和国民法典_20200528.docx
2026-05-05 15:32:44,498 - app.core.rag - WARNING - 知识片段清洗后为空，已跳过。来源: 中华人民共和国民法典_20200528.docx
2026-05-05 15:32:44,499 - app.core.rag - WARNING - 知识片段清洗后为空，已跳过。来源: 中华人民共和国民法典_20200528.docx
2026-05-05 15:32:44,499 - app.core.rag - WARNING - 知识片段清洗后为空，已跳过。来源: 中华人民共和国民法典_20200528.docx
2026-05-05 15:32:44,499 - app.core.rag - WARNING - 知识片段清洗后为空，已跳过。来源: 中华人民共和国民法典_20200528.docx
2026-05-05 15:32:44,499 - app.core.rag - WARNING - 知识片段清洗后为空，已跳过。来源: 中华人民共和国民法典_20200528.docx
2026-05-05 15:32:44,499 - app.core.rag - WARNING - 知识片段清洗后为空，已跳过。来源: 中华人民共和国民法典_20200528.docx
2026-05-05 15:32:44,501 - app.core.rag - WARNING - 知识片段清洗后为空，已跳过。来源: 中华人民共和国民法典_20200528.docx
2026-05-05 15:32:44,501 - app.core.rag - WARNING - 知识片段清洗后为空，已跳过。来源: 中华人民共和国民法典_20200528.docx
2026-05-05 15:32:44,501 - app.core.rag - WARNING - 知识片段清洗后为空，已跳过。来源: 中华人民共和国民法典_20200528.docx
2026-05-05 15:32:44,501 - app.core.rag - WARNING - 知识片段清洗后为空，已跳过。来源: 中华人民共和国民法典_20200528.docx
2026-05-05 15:32:44,502 - app.core.rag - WARNING - 知识片段清洗后为空，已跳过。来源: 中华人民共和国民法典_20200528.docx
2026-05-05 15:32:44,502 - app.core.rag - WARNING - 知识片段清洗后为空，已跳过。来源: 中华人民共和国民法典_20200528.docx
2026-05-05 15:32:44,503 - app.core.rag - WARNING - 知识片段清洗后为空，已跳过。来源: 中华人民共和国民法典_20200528.docx
2026-05-05 15:32:44,503 - app.core.rag - WARNING - 知识片段清洗后为空，已跳过。来源: 中华人民共和国民法典_20200528.docx
2026-05-05 15:32:44,503 - app.core.rag - WARNING - 知识片段清洗后为空，已跳过。来源: 中华人民共和国民法典_20200528.docx
2026-05-05 15:32:44,504 - app.core.rag - WARNING - 知识片段清洗后为空，已跳过。来源: 中华人民共和国民法典_20200528.docx
2026-05-05 15:32:44,504 - app.core.rag - WARNING - 知识片段清洗后为空，已跳过。来源: 中华人民共和国民法典_20200528.docx
2026-05-05 15:32:44,504 - app.core.rag - WARNING - 知识片段清洗后为空，已跳过。来源: 中华人民共和国民法典_20200528.docx
2026-05-05 15:32:44,504 - app.core.rag - WARNING - 知识片段清洗后为空，已跳过。来源: 中华人民共和国民法典_20200528.docx
2026-05-05 15:32:44,504 - app.core.rag - WARNING - 知识片段清洗后为空，已跳过。来源: 中华人民共和国民法典_20200528.docx
2026-05-05 15:32:44,504 - app.core.rag - WARNING - 知识片段清洗后为空，已跳过。来源: 中华人民共和国民法典_20200528.docx
2026-05-05 15:32:44,506 - app.core.rag - WARNING - 知识片段清洗后为空，已跳过。来源: 中华人民共和国民法典_20200528.docx
2026-05-05 15:32:44,506 - app.core.rag - WARNING - 知识片段清洗后为空，已跳过。来源: 中华人民共和国民法典_20200528.docx
2026-05-05 15:32:44,506 - app.core.rag - WARNING - 知识片段清洗后为空，已跳过。来源: 中华人民共和国民法典_20200528.docx
2026-05-05 15:32:44,506 - app.core.rag - WARNING - 知识片段清洗后为空，已跳过。来源: 中华人民共和国民法典_20200528.docx
2026-05-05 15:32:44,506 - app.core.rag - WARNING - 知识片段清洗后为空，已跳过。来源: 中华人民共和国民法典_20200528.docx
2026-05-05 15:32:44,507 - app.core.rag - WARNING - 知识片段清洗后为空，已跳过。来源: 中华人民共和国民法典_20200528.docx
2026-05-05 15:32:44,507 - app.core.rag - WARNING - 知识片段清洗后为空，已跳过。来源: 中华人民共和国民法典_20200528.docx
2026-05-05 15:32:44,507 - app.core.rag - WARNING - 知识片段清洗后为空，已跳过。来源: 中华人民共和国民法典_20200528.docx
2026-05-05 15:32:44,507 - app.core.rag - WARNING - 知识片段清洗后为空，已跳过。来源: 中华人民共和国民法典_20200528.docx
2026-05-05 15:32:44,508 - app.core.rag - WARNING - 知识片段清洗后为空，已跳过。来源: 中华人民共和国民法典_20200528.docx
2026-05-05 15:32:44,508 - app.core.rag - WARNING - 知识片段清洗后为空，已跳过。来源: 中华人民共和国民法典_20200528.docx
2026-05-05 15:32:44,508 - app.core.rag - WARNING - 知识片段清洗后为空，已跳过。来源: 中华人民共和国民法典_20200528.docx
2026-05-05 15:32:44,508 - app.core.rag - WARNING - 知识片段清洗后为空，已跳过。来源: 中华人民共和国民法典_20200528.docx
2026-05-05 15:32:44,508 - app.core.rag - WARNING - 知识片段清洗后为空，已跳过。来源: 中华人民共和国民法典_20200528.docx
2026-05-05 15:32:44,509 - app.core.rag - WARNING - 知识片段清洗后为空，已跳过。来源: 中华人民共和国民法典_20200528.docx
2026-05-05 15:32:44,509 - app.core.rag - WARNING - 知识片段清洗后为空，已跳过。来源: 中华人民共和国民法典_20200528.docx
2026-05-05 15:32:44,509 - app.core.rag - WARNING - 知识片段清洗后为空，已跳过。来源: 中华人民共和国民法典_20200528.docx
2026-05-05 15:32:44,509 - app.core.rag - WARNING - 知识片段清洗后为空，已跳过。来源: 中华人民共和国民法典_20200528.docx
2026-05-05 15:32:44,510 - app.core.rag - WARNING - 知识片段清洗后为空，已跳过。来源: 中华人民共和国民法典_20200528.docx
2026-05-05 15:32:44,510 - app.core.rag - WARNING - 知识片段清洗后为空，已跳过。来源: 中华人民共和国民法典_20200528.docx
2026-05-05 15:32:44,510 - app.core.rag - WARNING - 知识片段清洗后为空，已跳过。来源: 中华人民共和国民法典_20200528.docx
2026-05-05 15:32:44,511 - app.core.rag - WARNING - 知识片段清洗后为空，已跳过。来源: 中华人民共和国民法典_20200528.docx
2026-05-05 15:32:44,511 - app.core.rag - WARNING - 知识片段清洗后为空，已跳过。来源: 中华人民共和国民法典_20200528.docx
2026-05-05 15:32:44,511 - app.core.rag - WARNING - 知识片段清洗后为空，已跳过。来源: 中华人民共和国民法典_20200528.docx
2026-05-05 15:32:44,511 - app.core.rag - WARNING - 知识片段清洗后为空，已跳过。来源: 中华人民共和国民法典_20200528.docx
2026-05-05 15:32:44,511 - app.core.rag - WARNING - 知识片段清洗后为空，已跳过。来源: 中华人民共和国民法典_20200528.docx
2026-05-05 15:32:44,511 - app.core.rag - WARNING - 知识片段清洗后为空，已跳过。来源: 中华人民共和国民法典_20200528.docx
2026-05-05 15:32:44,511 - app.core.rag - WARNING - 知识片段清洗后为空，已跳过。来源: 中华人民共和国民法典_20200528.docx
2026-05-05 15:32:44,512 - app.core.rag - WARNING - 知识片段清洗后为空，已跳过。来源: 中华人民共和国民法典_20200528.docx
2026-05-05 15:32:44,512 - app.core.rag - WARNING - 知识片段清洗后为空，已跳过。来源: 中华人民共和国民法典_20200528.docx
2026-05-05 15:32:44,512 - app.core.rag - WARNING - 知识片段清洗后为空，已跳过。来源: 中华人民共和国民法典_20200528.docx
2026-05-05 15:32:44,512 - app.core.rag - WARNING - 知识片段清洗后为空，已跳过。来源: 中华人民共和国民法典_20200528.docx
2026-05-05 15:32:44,513 - app.core.rag - WARNING - 知识片段清洗后为空，已跳过。来源: 中华人民共和国民法典_20200528.docx
2026-05-05 15:32:44,513 - app.core.rag - WARNING - 知识片段清洗后为空，已跳过。来源: 中华人民共和国民法典_20200528.docx
2026-05-05 15:32:44,513 - app.core.rag - WARNING - 知识片段清洗后为空，已跳过。来源: 中华人民共和国民法典_20200528.docx
2026-05-05 15:32:44,513 - app.core.rag - WARNING - 知识片段清洗后为空，已跳过。来源: 中华全国律师协会律师执业行为规范（2024 修订）.docx
2026-05-05 15:32:44,514 - app.core.rag - WARNING - 知识片段清洗后为空，已跳过。来源: 中华全国律师协会律师执业行为规范（2024 修订）.docx
2026-05-05 15:32:44,514 - app.core.rag - WARNING - 知识片段清洗后为空，已跳过。来源: 中华全国律师协会律师执业行为规范（2024 修订）.docx
2026-05-05 15:32:44,514 - app.core.rag - WARNING - 知识片段清洗后为空，已跳过。来源: 中华全国律师协会律师执业行为规范（2024 修订）.docx
2026-05-05 15:32:44,514 - app.core.rag - WARNING - 知识片段清洗后为空，已跳过。来源: 中华全国律师协会律师执业行为规范（2024 修订）.docx
2026-05-05 15:32:44,514 - app.core.rag - WARNING - 知识片段清洗后为空，已跳过。来源: 中华全国律师协会律师执业行为规范（2024 修订）.docx
2026-05-05 15:32:44,514 - app.core.rag - WARNING - 知识片段清洗后为空，已跳过。来源: 中华全国律师协会律师执业行为规范（2024 修订）.docx
2026-05-05 15:32:44,516 - app.core.rag - WARNING - 知识片段清洗后为空，已跳过。来源: 中华全国律师协会律师执业行为规范（2024 修订）.docx
2026-05-05 15:32:44,516 - app.core.rag - WARNING - 知识片段清洗后为空，已跳过。来源: 乳腺癌.docx
2026-05-05 15:32:44,516 - app.core.rag - WARNING - 知识片段清洗后为空，已跳过。来源: 乳腺癌.docx
2026-05-05 15:32:44,516 - app.core.rag - WARNING - 知识片段清洗后为空，已跳过。来源: 乳腺癌.docx
2026-05-05 15:32:44,517 - app.core.rag - WARNING - 知识片段清洗后为空，已跳过。来源: 乳腺癌.docx
2026-05-05 15:32:44,517 - app.core.rag - WARNING - 知识片段清洗后为空，已跳过。来源: 哮喘.docx
2026-05-05 15:32:44,517 - app.core.rag - WARNING - 知识片段清洗后为空，已跳过。来源: 哮喘.docx
2026-05-05 15:32:44,517 - app.core.rag - WARNING - 知识片段清洗后为空，已跳过。来源: 哮喘.docx
2026-05-05 15:32:44,518 - app.core.rag - WARNING - 知识片段清洗后为空，已跳过。来源: 商业银行理财管理办法2024.docx
2026-05-05 15:32:44,518 - app.core.rag - WARNING - 知识片段清洗后为空，已跳过。来源: 商业银行理财管理办法2024.docx
2026-05-05 15:32:44,518 - app.core.rag - WARNING - 知识片段清洗后为空，已跳过。来源: 国家基层高血压防治管理手册2025版.pdf
2026-05-05 15:32:44,518 - app.core.rag - WARNING - 知识片段清洗后为空，已跳过。来源: 国家基层高血压防治管理手册2025版.pdf
2026-05-05 15:32:44,519 - app.core.rag - WARNING - 知识片段清洗后为空，已跳过。来源: 国家基层高血压防治管理手册2025版.pdf
2026-05-05 15:32:44,519 - app.core.rag - WARNING - 知识片段清洗后为空，已跳过。来源: 国家基层高血压防治管理手册2025版.pdf
2026-05-05 15:32:44,519 - app.core.rag - WARNING - 知识片段清洗后为空，已跳过。来源: 国家基层高血压防治管理手册2025版.pdf
2026-05-05 15:32:44,519 - app.core.rag - WARNING - 知识片段清洗后为空，已跳过。来源: 国家基层高血压防治管理手册2025版.pdf
2026-05-05 15:32:44,520 - app.core.rag - WARNING - 知识片段清洗后为空，已跳过。来源: 国家基层高血压防治管理手册2025版.pdf
2026-05-05 15:32:44,520 - app.core.rag - WARNING - 知识片段清洗后为空，已跳过。来源: 国家基层高血压防治管理手册2025版.pdf
2026-05-05 15:32:44,520 - app.core.rag - WARNING - 知识片段清洗后为空，已跳过。来源: 国家基层高血压防治管理手册2025版.pdf
2026-05-05 15:32:44,520 - app.core.rag - WARNING - 知识片段清洗后为空，已跳过。来源: 国家基层高血压防治管理手册2025版.pdf
2026-05-05 15:32:44,520 - app.core.rag - WARNING - 知识片段清洗后为空，已跳过。来源: 国家基层高血压防治管理手册2025版.pdf
2026-05-05 15:32:44,521 - app.core.rag - WARNING - 知识片段清洗后为空，已跳过。来源: 国家基层高血压防治管理手册2025版.pdf
2026-05-05 15:32:44,521 - app.core.rag - WARNING - 知识片段清洗后为空，已跳过。来源: 国家基层高血压防治管理手册2025版.pdf
2026-05-05 15:32:44,521 - app.core.rag - WARNING - 知识片段清洗后为空，已跳过。来源: 国家基层高血压防治管理手册2025版.pdf
2026-05-05 15:32:44,521 - app.core.rag - WARNING - 知识片段清洗后为空，已跳过。来源: 国家基层高血压防治管理手册2025版.pdf
2026-05-05 15:32:44,521 - app.core.rag - WARNING - 知识片段清洗后为空，已跳过。来源: 国家基层高血压防治管理手册2025版.pdf
2026-05-05 15:32:44,521 - app.core.rag - WARNING - 知识片段清洗后为空，已跳过。来源: 国家基层高血压防治管理手册2025版.pdf
2026-05-05 15:32:44,527 - app.core.rag - WARNING - 知识片段清洗后为空，已跳过。来源: 国家基层高血压防治管理手册2025版.pdf
2026-05-05 15:32:44,527 - app.core.rag - WARNING - 知识片段清洗后为空，已跳过。来源: 国家基层高血压防治管理手册2025版.pdf
2026-05-05 15:32:44,528 - app.core.rag - WARNING - 知识片段清洗后为空，已跳过。来源: 国家基层高血压防治管理手册2025版.pdf
2026-05-05 15:32:44,528 - app.core.rag - WARNING - 知识片段清洗后为空，已跳过。来源: 国家基层高血压防治管理手册2025版.pdf
2026-05-05 15:32:44,528 - app.core.rag - WARNING - 知识片段清洗后为空，已跳过。来源: 国家基层高血压防治管理手册2025版.pdf
2026-05-05 15:32:44,528 - app.core.rag - WARNING - 知识片段清洗后为空，已跳过。来源: 国家基层高血压防治管理手册2025版.pdf
2026-05-05 15:32:44,529 - app.core.rag - WARNING - 知识片段清洗后为空，已跳过。来源: 国家基层高血压防治管理手册2025版.pdf
2026-05-05 15:32:44,529 - app.core.rag - WARNING - 知识片段清洗后为空，已跳过。来源: 国家基层高血压防治管理手册2025版.pdf
2026-05-05 15:32:44,529 - app.core.rag - WARNING - 知识片段清洗后为空，已跳过。来源: 国家基层高血压防治管理手册2025版.pdf
2026-05-05 15:32:44,529 - app.core.rag - WARNING - 知识片段清洗后为空，已跳过。来源: 国家基层高血压防治管理手册2025版.pdf
2026-05-05 15:32:44,529 - app.core.rag - WARNING - 知识片段清洗后为空，已跳过。来源: 国家基层高血压防治管理手册2025版.pdf
2026-05-05 15:32:44,530 - app.core.rag - WARNING - 知识片段清洗后为空，已跳过。来源: 国家基层高血压防治管理手册2025版.pdf
2026-05-05 15:32:44,530 - app.core.rag - WARNING - 知识片段清洗后为空，已跳过。来源: 国家基层高血压防治管理手册2025版.pdf
2026-05-05 15:32:44,530 - app.core.rag - WARNING - 知识片段清洗后为空，已跳过。来源: 国家基层高血压防治管理手册2025版.pdf
2026-05-05 15:32:44,530 - app.core.rag - WARNING - 知识片段清洗后为空，已跳过。来源: 国家基层高血压防治管理手册2025版.pdf
2026-05-05 15:32:44,531 - app.core.rag - WARNING - 知识片段清洗后为空，已跳过。来源: 国家基层高血压防治管理手册2025版.pdf
2026-05-05 15:32:44,531 - app.core.rag - WARNING - 知识片段清洗后为空，已跳过。来源: 国家基层高血压防治管理手册2025版.pdf
2026-05-05 15:32:44,531 - app.core.rag - WARNING - 知识片段清洗后为空，已跳过。来源: 国家基层高血压防治管理手册2025版.pdf
2026-05-05 15:32:44,531 - app.core.rag - WARNING - 知识片段清洗后为空，已跳过。来源: 国家基层高血压防治管理手册2025版.pdf
2026-05-05 15:32:44,531 - app.core.rag - WARNING - 知识片段清洗后为空，已跳过。来源: 天体物理学.docx
2026-05-05 15:32:44,537 - app.core.rag - WARNING - 知识片段清洗后为空，已跳过。来源: 天体物理学.docx
2026-05-05 15:32:44,537 - app.core.rag - WARNING - 知识片段清洗后为空，已跳过。来源: 天体物理学.docx
2026-05-05 15:32:44,538 - app.core.rag - WARNING - 知识片段清洗后为空，已跳过。来源: 天体物理学.docx
2026-05-05 15:32:44,538 - app.core.rag - WARNING - 知识片段清洗后为空，已跳过。来源: 天体物理学.docx
2026-05-05 15:32:44,538 - app.core.rag - WARNING - 知识片段清洗后为空，已跳过。来源: 天体物理学.docx
2026-05-05 15:32:44,538 - app.core.rag - WARNING - 知识片段清洗后为空，已跳过。来源: 天体物理学.docx
2026-05-05 15:32:44,539 - app.core.rag - WARNING - 知识片段清洗后为空，已跳过。来源: 天体物理学.docx
2026-05-05 15:32:44,539 - app.core.rag - WARNING - 知识片段清洗后为空，已跳过。来源: 天体物理学.docx
2026-05-05 15:32:44,539 - app.core.rag - WARNING - 知识片段清洗后为空，已跳过。来源: 天体物理学.docx
2026-05-05 15:32:44,539 - app.core.rag - WARNING - 知识片段清洗后为空，已跳过。来源: 天体物理学.docx
2026-05-05 15:32:44,539 - app.core.rag - WARNING - 知识片段清洗后为空，已跳过。来源: 天体物理学.docx
2026-05-05 15:32:44,539 - app.core.rag - WARNING - 知识片段清洗后为空，已跳过。来源: 天体物理学.docx
2026-05-05 15:32:44,540 - app.core.rag - WARNING - 知识片段清洗后为空，已跳过。来源: 天体物理学.docx
2026-05-05 15:32:44,540 - app.core.rag - WARNING - 知识片段清洗后为空，已跳过。来源: 天体物理学.docx
2026-05-05 15:32:44,540 - app.core.rag - WARNING - 知识片段清洗后为空，已跳过。来源: 天体物理学.docx
2026-05-05 15:32:44,541 - app.core.rag - WARNING - 知识片段清洗后为空，已跳过。来源: 天体物理学.docx
2026-05-05 15:32:44,541 - app.core.rag - WARNING - 知识片段清洗后为空，已跳过。来源: 天体物理学.docx
2026-05-05 15:32:44,541 - app.core.rag - WARNING - 知识片段清洗后为空，已跳过。来源: 天体物理学.docx
2026-05-05 15:32:44,541 - app.core.rag - WARNING - 知识片段清洗后为空，已跳过。来源: 天体物理学.docx
2026-05-05 15:32:44,541 - app.core.rag - WARNING - 知识片段清洗后为空，已跳过。来源: 天体物理学.docx
2026-05-05 15:32:44,541 - app.core.rag - WARNING - 知识片段清洗后为空，已跳过。来源: 天体物理学.docx
2026-05-05 15:32:44,542 - app.core.rag - WARNING - 知识片段清洗后为空，已跳过。来源: 天体物理学.docx
2026-05-05 15:32:44,542 - app.core.rag - WARNING - 知识片段清洗后为空，已跳过。来源: 天体物理学.docx
2026-05-05 15:32:44,542 - app.core.rag - WARNING - 知识片段清洗后为空，已跳过。来源: 天体物理学.docx
2026-05-05 15:32:44,542 - app.core.rag - WARNING - 知识片段清洗后为空，已跳过。来源: 天体物理学.docx
2026-05-05 15:32:44,542 - app.core.rag - WARNING - 知识片段清洗后为空，已跳过。来源: 天体物理学.docx
2026-05-05 15:32:44,543 - app.core.rag - WARNING - 知识片段清洗后为空，已跳过。来源: 天体物理学.docx
2026-05-05 15:32:44,543 - app.core.rag - WARNING - 知识片段清洗后为空，已跳过。来源: 天体物理学.docx
2026-05-05 15:32:44,543 - app.core.rag - WARNING - 知识片段清洗后为空，已跳过。来源: 天体物理学.docx
2026-05-05 15:32:44,543 - app.core.rag - WARNING - 知识片段清洗后为空，已跳过。来源: 天体物理学.docx
2026-05-05 15:32:44,544 - app.core.rag - WARNING - 知识片段清洗后为空，已跳过。来源: 天体物理学.docx
2026-05-05 15:32:44,544 - app.core.rag - WARNING - 知识片段清洗后为空，已跳过。来源: 天体物理学.docx
2026-05-05 15:32:44,544 - app.core.rag - WARNING - 知识片段清洗后为空，已跳过。来源: 天体物理学.docx
2026-05-05 15:32:44,544 - app.core.rag - WARNING - 知识片段清洗后为空，已跳过。来源: 天体物理学.docx
2026-05-05 15:32:44,545 - app.core.rag - WARNING - 知识片段清洗后为空，已跳过。来源: 天体物理学.docx
2026-05-05 15:32:44,545 - app.core.rag - WARNING - 知识片段清洗后为空，已跳过。来源: 天体物理学.docx
2026-05-05 15:32:44,545 - app.core.rag - WARNING - 知识片段清洗后为空，已跳过。来源: 天体物理学.docx
2026-05-05 15:32:44,545 - app.core.rag - WARNING - 知识片段清洗后为空，已跳过。来源: 天体物理学.docx
2026-05-05 15:32:44,545 - app.core.rag - WARNING - 知识片段清洗后为空，已跳过。来源: 天体物理学.docx
2026-05-05 15:32:44,545 - app.core.rag - WARNING - 知识片段清洗后为空，已跳过。来源: 天体物理学.docx
2026-05-05 15:32:44,546 - app.core.rag - WARNING - 知识片段清洗后为空，已跳过。来源: 天体物理学.docx
2026-05-05 15:32:44,546 - app.core.rag - WARNING - 知识片段清洗后为空，已跳过。来源: 天体物理学.docx
2026-05-05 15:32:44,546 - app.core.rag - WARNING - 知识片段清洗后为空，已跳过。来源: 天体物理学.docx
2026-05-05 15:32:44,546 - app.core.rag - WARNING - 知识片段清洗后为空，已跳过。来源: 天体物理学.docx
2026-05-05 15:32:44,546 - app.core.rag - WARNING - 知识片段清洗后为空，已跳过。来源: 天体物理学.docx
2026-05-05 15:32:44,546 - app.core.rag - WARNING - 知识片段清洗后为空，已跳过。来源: 天体物理学.docx
2026-05-05 15:32:44,547 - app.core.rag - WARNING - 知识片段清洗后为空，已跳过。来源: 天体物理学.docx
2026-05-05 15:32:44,547 - app.core.rag - WARNING - 知识片段清洗后为空，已跳过。来源: 天体物理学.docx
2026-05-05 15:32:44,547 - app.core.rag - WARNING - 知识片段清洗后为空，已跳过。来源: 天体物理学.docx
2026-05-05 15:32:44,547 - app.core.rag - WARNING - 知识片段清洗后为空，已跳过。来源: 天体物理学.docx
2026-05-05 15:32:44,548 - app.core.rag - WARNING - 知识片段清洗后为空，已跳过。来源: 天体物理学.docx
2026-05-05 15:32:44,548 - app.core.rag - WARNING - 知识片段清洗后为空，已跳过。来源: 天体物理学.docx
2026-05-05 15:32:44,548 - app.core.rag - WARNING - 知识片段清洗后为空，已跳过。来源: 天体物理学.docx
2026-05-05 15:32:44,548 - app.core.rag - WARNING - 知识片段清洗后为空，已跳过。来源: 天体物理学.docx
2026-05-05 15:32:44,548 - app.core.rag - WARNING - 知识片段清洗后为空，已跳过。来源: 天体物理学.docx
2026-05-05 15:32:44,548 - app.core.rag - WARNING - 知识片段清洗后为空，已跳过。来源: 天体物理学.docx
2026-05-05 15:32:44,549 - app.core.rag - WARNING - 知识片段清洗后为空，已跳过。来源: 天体物理学.docx
2026-05-05 15:32:44,549 - app.core.rag - WARNING - 知识片段清洗后为空，已跳过。来源: 天体物理学.docx
2026-05-05 15:32:44,549 - app.core.rag - WARNING - 知识片段清洗后为空，已跳过。来源: 天体物理学.docx
2026-05-05 15:32:44,549 - app.core.rag - WARNING - 知识片段清洗后为空，已跳过。来源: 天体物理学.docx
2026-05-05 15:32:44,549 - app.core.rag - WARNING - 知识片段清洗后为空，已跳过。来源: 天体物理学.docx
2026-05-05 15:32:44,549 - app.core.rag - WARNING - 知识片段清洗后为空，已跳过。来源: 天体物理学.docx
2026-05-05 15:32:44,549 - app.core.rag - WARNING - 知识片段清洗后为空，已跳过。来源: 天体物理学.docx
2026-05-05 15:32:44,549 - app.core.rag - WARNING - 知识片段清洗后为空，已跳过。来源: 天体物理学.docx
2026-05-05 15:32:44,550 - app.core.rag - WARNING - 知识片段清洗后为空，已跳过。来源: 天体物理学.docx
2026-05-05 15:32:44,550 - app.core.rag - WARNING - 知识片段清洗后为空，已跳过。来源: 天体物理学.docx
2026-05-05 15:32:44,550 - app.core.rag - WARNING - 知识片段清洗后为空，已跳过。来源: 天体物理学.docx
2026-05-05 15:32:44,550 - app.core.rag - WARNING - 知识片段清洗后为空，已跳过。来源: 天体物理学.docx
2026-05-05 15:32:44,550 - app.core.rag - WARNING - 知识片段清洗后为空，已跳过。来源: 天体物理学.docx
2026-05-05 15:32:44,550 - app.core.rag - WARNING - 知识片段清洗后为空，已跳过。来源: 天体物理学.docx
2026-05-05 15:32:44,552 - app.core.rag - WARNING - 知识片段清洗后为空，已跳过。来源: 天体物理学.docx
2026-05-05 15:32:44,552 - app.core.rag - WARNING - 知识片段清洗后为空，已跳过。来源: 天体物理学.docx
2026-05-05 15:32:44,552 - app.core.rag - WARNING - 知识片段清洗后为空，已跳过。来源: 天体物理学.docx
2026-05-05 15:32:44,552 - app.core.rag - WARNING - 知识片段清洗后为空，已跳过。来源: 天体物理学.docx
2026-05-05 15:32:44,552 - app.core.rag - WARNING - 知识片段清洗后为空，已跳过。来源: 天体物理学.docx
2026-05-05 15:32:44,553 - app.core.rag - WARNING - 知识片段清洗后为空，已跳过。来源: 天体物理学.docx
2026-05-05 15:32:44,553 - app.core.rag - WARNING - 知识片段清洗后为空，已跳过。来源: 天体物理学.docx
2026-05-05 15:32:44,553 - app.core.rag - WARNING - 知识片段清洗后为空，已跳过。来源: 天体物理学.docx
2026-05-05 15:32:44,553 - app.core.rag - WARNING - 知识片段清洗后为空，已跳过。来源: 天体物理学.docx
2026-05-05 15:32:44,553 - app.core.rag - WARNING - 知识片段清洗后为空，已跳过。来源: 天体物理学.docx
2026-05-05 15:32:44,553 - app.core.rag - WARNING - 知识片段清洗后为空，已跳过。来源: 天体物理学.docx
2026-05-05 15:32:44,553 - app.core.rag - WARNING - 知识片段清洗后为空，已跳过。来源: 天体物理学.docx
2026-05-05 15:32:44,554 - app.core.rag - WARNING - 知识片段清洗后为空，已跳过。来源: 天体物理学.docx
2026-05-05 15:32:44,554 - app.core.rag - WARNING - 知识片段清洗后为空，已跳过。来源: 天体物理学.docx
2026-05-05 15:32:44,554 - app.core.rag - WARNING - 知识片段清洗后为空，已跳过。来源: 天体物理学.docx
2026-05-05 15:32:44,554 - app.core.rag - WARNING - 知识片段清洗后为空，已跳过。来源: 天体物理学.docx
2026-05-05 15:32:44,554 - app.core.rag - WARNING - 知识片段清洗后为空，已跳过。来源: 天体物理学.docx
2026-05-05 15:32:44,554 - app.core.rag - WARNING - 知识片段清洗后为空，已跳过。来源: 天体物理学.docx
2026-05-05 15:32:44,554 - app.core.rag - WARNING - 知识片段清洗后为空，已跳过。来源: 天体物理学.docx
2026-05-05 15:32:44,556 - app.core.rag - WARNING - 知识片段清洗后为空，已跳过。来源: 天体物理学.docx
2026-05-05 15:32:44,556 - app.core.rag - WARNING - 知识片段清洗后为空，已跳过。来源: 天体物理学.docx
2026-05-05 15:32:44,556 - app.core.rag - WARNING - 知识片段清洗后为空，已跳过。来源: 天体物理学.docx
2026-05-05 15:32:44,556 - app.core.rag - WARNING - 知识片段清洗后为空，已跳过。来源: 天体物理学.docx
2026-05-05 15:32:44,557 - app.core.rag - WARNING - 知识片段清洗后为空，已跳过。来源: 天体物理学.docx
2026-05-05 15:32:44,557 - app.core.rag - WARNING - 知识片段清洗后为空，已跳过。来源: 天体物理学.docx
2026-05-05 15:32:44,557 - app.core.rag - WARNING - 知识片段清洗后为空，已跳过。来源: 天体物理学.docx
2026-05-05 15:32:44,557 - app.core.rag - WARNING - 知识片段清洗后为空，已跳过。来源: 天体物理学.docx
2026-05-05 15:32:44,557 - app.core.rag - WARNING - 知识片段清洗后为空，已跳过。来源: 天体物理学.docx
2026-05-05 15:32:44,557 - app.core.rag - WARNING - 知识片段清洗后为空，已跳过。来源: 天体物理学.docx
2026-05-05 15:32:44,558 - app.core.rag - WARNING - 知识片段清洗后为空，已跳过。来源: 天体物理学.docx
2026-05-05 15:32:44,558 - app.core.rag - WARNING - 知识片段清洗后为空，已跳过。来源: 天体物理学.docx
2026-05-05 15:32:44,558 - app.core.rag - WARNING - 知识片段清洗后为空，已跳过。来源: 天体物理学.docx
2026-05-05 15:32:44,558 - app.core.rag - WARNING - 知识片段清洗后为空，已跳过。来源: 天体物理学.docx
2026-05-05 15:32:44,558 - app.core.rag - WARNING - 知识片段清洗后为空，已跳过。来源: 天体物理学.docx
2026-05-05 15:32:44,559 - app.core.rag - WARNING - 知识片段清洗后为空，已跳过。来源: 天体物理学.docx
2026-05-05 15:32:44,559 - app.core.rag - WARNING - 知识片段清洗后为空，已跳过。来源: 天体物理学.docx
2026-05-05 15:32:44,559 - app.core.rag - WARNING - 知识片段清洗后为空，已跳过。来源: 天体物理学.docx
2026-05-05 15:32:44,559 - app.core.rag - WARNING - 知识片段清洗后为空，已跳过。来源: 天体物理学.docx
2026-05-05 15:32:44,559 - app.core.rag - WARNING - 知识片段清洗后为空，已跳过。来源: 天体物理学.docx
2026-05-05 15:32:44,560 - app.core.rag - WARNING - 知识片段清洗后为空，已跳过。来源: 天体物理学.docx
2026-05-05 15:32:44,560 - app.core.rag - WARNING - 知识片段清洗后为空，已跳过。来源: 天体物理学.docx
2026-05-05 15:32:44,560 - app.core.rag - WARNING - 知识片段清洗后为空，已跳过。来源: 天体物理学.docx
2026-05-05 15:32:44,560 - app.core.rag - WARNING - 知识片段清洗后为空，已跳过。来源: 天体物理学.docx
2026-05-05 15:32:44,560 - app.core.rag - WARNING - 知识片段清洗后为空，已跳过。来源: 天体物理学.docx
2026-05-05 15:32:44,560 - app.core.rag - WARNING - 知识片段清洗后为空，已跳过。来源: 天体物理学.docx
2026-05-05 15:32:44,561 - app.core.rag - WARNING - 知识片段清洗后为空，已跳过。来源: 天体物理学.docx
2026-05-05 15:32:44,561 - app.core.rag - WARNING - 知识片段清洗后为空，已跳过。来源: 天体物理学.docx
2026-05-05 15:32:44,561 - app.core.rag - WARNING - 知识片段清洗后为空，已跳过。来源: 天体物理学.docx
2026-05-05 15:32:44,561 - app.core.rag - WARNING - 知识片段清洗后为空，已跳过。来源: 天体物理学.docx
2026-05-05 15:32:44,561 - app.core.rag - WARNING - 知识片段清洗后为空，已跳过。来源: 天体物理学.docx
2026-05-05 15:32:44,561 - app.core.rag - WARNING - 知识片段清洗后为空，已跳过。来源: 天体物理学.docx
2026-05-05 15:32:44,561 - app.core.rag - WARNING - 知识片段清洗后为空，已跳过。来源: 天体物理学.docx
2026-05-05 15:32:44,561 - app.core.rag - WARNING - 知识片段清洗后为空，已跳过。来源: 天体物理学.docx
2026-05-05 15:32:44,561 - app.core.rag - WARNING - 知识片段清洗后为空，已跳过。来源: 天体物理学.docx
2026-05-05 15:32:44,561 - app.core.rag - WARNING - 知识片段清洗后为空，已跳过。来源: 天体物理学.docx
2026-05-05 15:32:44,562 - app.core.rag - WARNING - 知识片段清洗后为空，已跳过。来源: 天体物理学.docx
2026-05-05 15:32:44,562 - app.core.rag - WARNING - 知识片段清洗后为空，已跳过。来源: 天体物理学.docx
2026-05-05 15:32:44,562 - app.core.rag - WARNING - 知识片段清洗后为空，已跳过。来源: 天体物理学.docx
2026-05-05 15:32:44,562 - app.core.rag - WARNING - 知识片段清洗后为空，已跳过。来源: 天体物理学.docx
2026-05-05 15:32:44,562 - app.core.rag - WARNING - 知识片段清洗后为空，已跳过。来源: 天体物理学.docx
2026-05-05 15:32:44,562 - app.core.rag - WARNING - 知识片段清洗后为空，已跳过。来源: 天体物理学.docx
2026-05-05 15:32:44,563 - app.core.rag - WARNING - 知识片段清洗后为空，已跳过。来源: 天体物理学.docx
2026-05-05 15:32:44,563 - app.core.rag - WARNING - 知识片段清洗后为空，已跳过。来源: 天体物理学.docx
2026-05-05 15:32:44,563 - app.core.rag - WARNING - 知识片段清洗后为空，已跳过。来源: 天体物理学.docx
2026-05-05 15:32:44,563 - app.core.rag - WARNING - 知识片段清洗后为空，已跳过。来源: 天体物理学.docx
2026-05-05 15:32:44,563 - app.core.rag - WARNING - 知识片段清洗后为空，已跳过。来源: 天体物理学.docx
2026-05-05 15:32:44,563 - app.core.rag - WARNING - 知识片段清洗后为空，已跳过。来源: 天体物理学.docx
2026-05-05 15:32:44,563 - app.core.rag - WARNING - 知识片段清洗后为空，已跳过。来源: 天体物理学.docx
2026-05-05 15:32:44,564 - app.core.rag - WARNING - 知识片段清洗后为空，已跳过。来源: 天体物理学.docx
2026-05-05 15:32:44,564 - app.core.rag - WARNING - 知识片段清洗后为空，已跳过。来源: 天体物理学.docx
2026-05-05 15:32:44,564 - app.core.rag - WARNING - 知识片段清洗后为空，已跳过。来源: 天体物理学.docx
2026-05-05 15:32:44,564 - app.core.rag - WARNING - 知识片段清洗后为空，已跳过。来源: 天体物理学.docx
2026-05-05 15:32:44,564 - app.core.rag - WARNING - 知识片段清洗后为空，已跳过。来源: 天体物理学.docx
2026-05-05 15:32:44,564 - app.core.rag - WARNING - 知识片段清洗后为空，已跳过。来源: 天体物理学.docx
2026-05-05 15:32:44,564 - app.core.rag - WARNING - 知识片段清洗后为空，已跳过。来源: 天体物理学.docx
2026-05-05 15:32:44,564 - app.core.rag - WARNING - 知识片段清洗后为空，已跳过。来源: 天体物理学.docx
2026-05-05 15:32:44,564 - app.core.rag - WARNING - 知识片段清洗后为空，已跳过。来源: 天体物理学.docx
2026-05-05 15:32:44,566 - app.core.rag - WARNING - 知识片段清洗后为空，已跳过。来源: 天体物理学.docx
2026-05-05 15:32:44,566 - app.core.rag - WARNING - 知识片段清洗后为空，已跳过。来源: 天体物理学.docx
2026-05-05 15:32:44,566 - app.core.rag - WARNING - 知识片段清洗后为空，已跳过。来源: 天体物理学.docx
2026-05-05 15:32:44,566 - app.core.rag - WARNING - 知识片段清洗后为空，已跳过。来源: 天体物理学.docx
2026-05-05 15:32:44,566 - app.core.rag - WARNING - 知识片段清洗后为空，已跳过。来源: 天体物理学.docx
2026-05-05 15:32:44,567 - app.core.rag - WARNING - 知识片段清洗后为空，已跳过。来源: 天体物理学.docx
2026-05-05 15:32:44,567 - app.core.rag - WARNING - 知识片段清洗后为空，已跳过。来源: 天体物理学.docx
2026-05-05 15:32:44,567 - app.core.rag - WARNING - 知识片段清洗后为空，已跳过。来源: 天体物理学.docx
2026-05-05 15:32:44,567 - app.core.rag - WARNING - 知识片段清洗后为空，已跳过。来源: 天体物理学.docx
2026-05-05 15:32:44,567 - app.core.rag - WARNING - 知识片段清洗后为空，已跳过。来源: 天体物理学.docx
2026-05-05 15:32:44,567 - app.core.rag - WARNING - 知识片段清洗后为空，已跳过。来源: 天体物理学.docx
2026-05-05 15:32:44,568 - app.core.rag - WARNING - 知识片段清洗后为空，已跳过。来源: 失明与视力受损.docx
2026-05-05 15:32:44,568 - app.core.rag - WARNING - 知识片段清洗后为空，已跳过。来源: 失明与视力受损.docx
2026-05-05 15:32:44,568 - app.core.rag - WARNING - 知识片段清洗后为空，已跳过。来源: 失明与视力受损.docx
2026-05-05 15:32:44,568 - app.core.rag - WARNING - 知识片段清洗后为空，已跳过。来源: 心理健康.docx
2026-05-05 15:32:44,568 - app.core.rag - WARNING - 知识片段清洗后为空，已跳过。来源: 心理健康.docx
2026-05-05 15:32:44,569 - app.core.rag - WARNING - 知识片段清洗后为空，已跳过。来源: 心理健康.docx
2026-05-05 15:32:44,569 - app.core.rag - WARNING - 知识片段清洗后为空，已跳过。来源: 心理治疗规范 （2013年版）.pdf
2026-05-05 15:32:44,569 - app.core.rag - WARNING - 知识片段清洗后为空，已跳过。来源: 心理治疗规范 （2013年版）.pdf
2026-05-05 15:32:44,569 - app.core.rag - WARNING - 知识片段清洗后为空，已跳过。来源: 心理治疗规范 （2013年版）.pdf
2026-05-05 15:32:44,569 - app.core.rag - WARNING - 知识片段清洗后为空，已跳过。来源: 心理治疗规范 （2013年版）.pdf
2026-05-05 15:32:44,570 - app.core.rag - WARNING - 知识片段清洗后为空，已跳过。来源: 心理治疗规范 （2013年版）.pdf
2026-05-05 15:32:44,570 - app.core.rag - WARNING - 知识片段清洗后为空，已跳过。来源: 心理治疗规范 （2013年版）.pdf
2026-05-05 15:32:44,570 - app.core.rag - WARNING - 知识片段清洗后为空，已跳过。来源: 心理治疗规范 （2013年版）.pdf
2026-05-05 15:32:44,571 - app.core.rag - WARNING - 知识片段清洗后为空，已跳过。来源: 心理治疗规范 （2013年版）.pdf
2026-05-05 15:32:44,571 - app.core.rag - WARNING - 知识片段清洗后为空，已跳过。来源: 心理治疗规范 （2013年版）.pdf
2026-05-05 15:32:44,571 - app.core.rag - WARNING - 知识片段清洗后为空，已跳过。来源: 心理治疗规范 （2013年版）.pdf
2026-05-05 15:32:44,571 - app.core.rag - WARNING - 知识片段清洗后为空，已跳过。来源: 心理治疗规范 （2013年版）.pdf
2026-05-05 15:32:44,571 - app.core.rag - WARNING - 知识片段清洗后为空，已跳过。来源: 心理治疗规范 （2013年版）.pdf
2026-05-05 15:32:44,571 - app.core.rag - WARNING - 知识片段清洗后为空，已跳过。来源: 心理治疗规范 （2013年版）.pdf
2026-05-05 15:32:44,571 - app.core.rag - WARNING - 知识片段清洗后为空，已跳过。来源: 心理治疗规范 （2013年版）.pdf
2026-05-05 15:32:44,571 - app.core.rag - WARNING - 知识片段清洗后为空，已跳过。来源: 心理治疗规范 （2013年版）.pdf
2026-05-05 15:32:44,571 - app.core.rag - WARNING - 知识片段清洗后为空，已跳过。来源: 心理治疗规范 （2013年版）.pdf
2026-05-05 15:32:44,571 - app.core.rag - WARNING - 知识片段清洗后为空，已跳过。来源: 流感（季节性）.docx
2026-05-05 15:32:44,573 - app.core.rag - WARNING - 知识片段清洗后为空，已跳过。来源: 流感（季节性）.docx
2026-05-05 15:32:44,573 - app.core.rag - WARNING - 知识片段清洗后为空，已跳过。来源: 流感（季节性）.docx
2026-05-05 15:32:44,573 - app.core.rag - WARNING - 知识片段清洗后为空，已跳过。来源: 狂犬病.docx
2026-05-05 15:32:44,573 - app.core.rag - WARNING - 知识片段清洗后为空，已跳过。来源: 狂犬病.docx
2026-05-05 15:32:44,573 - app.core.rag - WARNING - 知识片段清洗后为空，已跳过。来源: 狂犬病.docx
2026-05-05 15:32:44,573 - app.core.rag - WARNING - 知识片段清洗后为空，已跳过。来源: 狂犬病.docx
2026-05-05 15:32:44,574 - app.core.rag - WARNING - 知识片段清洗后为空，已跳过。来源: 理财规划行业报告2024.docx
2026-05-05 15:32:44,574 - app.core.rag - WARNING - 知识片段清洗后为空，已跳过。来源: 理财规划行业报告2024.docx
2026-05-05 15:32:44,574 - app.core.rag - WARNING - 知识片段清洗后为空，已跳过。来源: 理财规划行业报告2024.docx
2026-05-05 15:32:44,574 - app.core.rag - WARNING - 知识片段清洗后为空，已跳过。来源: 理财规划行业报告2024.docx
2026-05-05 15:32:44,574 - app.core.rag - WARNING - 知识片段清洗后为空，已跳过。来源: 禁止童工的条款.docx
2026-05-05 15:32:44,574 - app.core.rag - WARNING - 知识片段清洗后为空，已跳过。来源: 禁止童工的条款.docx
2026-05-05 15:32:44,574 - app.core.rag - WARNING - 知识片段清洗后为空，已跳过。来源: 禁止童工的条款.docx
2026-05-05 15:32:44,575 - app.core.rag - WARNING - 知识片段清洗后为空，已跳过。来源: 科技人力资源报告2023..docx
2026-05-05 15:32:44,575 - app.core.rag - WARNING - 知识片段清洗后为空，已跳过。来源: 科技人力资源报告2023..docx
2026-05-05 15:32:44,575 - app.core.rag - WARNING - 知识片段清洗后为空，已跳过。来源: 科技咨询服务规范2023国标.docx
2026-05-05 15:32:44,575 - app.core.rag - WARNING - 知识片段清洗后为空，已跳过。来源: 科技咨询服务规范2023国标.docx
2026-05-05 15:32:44,575 - app.core.rag - WARNING - 知识片段清洗后为空，已跳过。来源: 科技咨询服务规范2023国标.docx
2026-05-05 15:32:44,576 - app.core.rag - WARNING - 知识片段清洗后为空，已跳过。来源: 科技服务业发展报告2024.docx
2026-05-05 15:32:44,576 - app.core.rag - WARNING - 知识片段清洗后为空，已跳过。来源: 糖尿病.docx
2026-05-05 15:32:44,576 - app.core.rag - WARNING - 知识片段清洗后为空，已跳过。来源: 糖尿病.docx
2026-05-05 15:32:44,577 - app.core.rag - WARNING - 知识片段清洗后为空，已跳过。来源: 糖尿病.docx
2026-05-05 15:32:44,577 - app.core.rag - WARNING - 知识片段清洗后为空，已跳过。来源: 职场心理健康.docx
2026-05-05 15:32:44,577 - app.core.rag - WARNING - 知识片段清洗后为空，已跳过。来源: 职场心理健康.docx
2026-05-05 15:32:44,577 - app.core.rag - WARNING - 知识片段清洗后为空，已跳过。来源: 职场心理健康.docx
2026-05-05 15:32:44,577 - app.core.rag - WARNING - 知识片段清洗后为空，已跳过。来源: 腰痛.docx
2026-05-05 15:32:44,577 - app.core.rag - WARNING - 知识片段清洗后为空，已跳过。来源: 腰痛.docx
2026-05-05 15:32:44,578 - app.core.rag - WARNING - 知识片段清洗后为空，已跳过。来源: 腰痛.docx
2026-05-05 15:32:44,578 - app.core.rag - WARNING - 知识片段清洗后为空，已跳过。来源: 自闭症.docx
2026-05-05 15:32:44,578 - app.core.rag - WARNING - 知识片段清洗后为空，已跳过。来源: 自闭症.docx
2026-05-05 15:32:44,578 - app.core.rag - WARNING - 知识片段清洗后为空，已跳过。来源: 自闭症.docx
2026-05-05 15:32:44,578 - app.core.rag - WARNING - 知识片段清洗后为空，已跳过。来源: 虚拟朋友.docx
2026-05-05 15:32:44,578 - app.core.rag - WARNING - 知识片段清洗后为空，已跳过。来源: 虚拟朋友.docx
2026-05-05 15:32:44,578 - app.core.rag - WARNING - 知识片段清洗后为空，已跳过。来源: 虚拟朋友.docx
2026-05-05 15:32:44,579 - app.core.rag - WARNING - 知识片段清洗后为空，已跳过。来源: 虚拟朋友.docx
2026-05-05 15:32:44,579 - app.core.rag - WARNING - 知识片段清洗后为空，已跳过。来源: 证券分析师执业行为规范.docx
2026-05-05 15:32:44,579 - app.core.rag - WARNING - 知识片段清洗后为空，已跳过。来源: 证券分析师执业行为规范.docx
2026-05-05 15:32:44,579 - app.core.rag - WARNING - 知识片段清洗后为空，已跳过。来源: 证券分析师执业行为规范.docx
2026-05-05 15:32:44,579 - app.core.rag - WARNING - 知识片段清洗后为空，已跳过。来源: 证券投资顾问业务暂行规定.docx
2026-05-05 15:32:44,579 - app.core.rag - WARNING - 知识片段清洗后为空，已跳过。来源: 证券投资顾问业务暂行规定.docx
2026-05-05 15:32:44,579 - app.core.rag - WARNING - 知识片段清洗后为空，已跳过。来源: 证券投资顾问业务暂行规定.docx
2026-05-05 15:32:44,579 - app.core.rag - WARNING - 知识片段清洗后为空，已跳过。来源: 证券行业发展报告2023.docx
2026-05-05 15:32:44,579 - app.core.rag - WARNING - 知识片段清洗后为空，已跳过。来源: 证券行业发展报告2023.docx
2026-05-05 15:32:44,580 - app.core.rag - WARNING - 知识片段清洗后为空，已跳过。来源: 财富管理白皮书2024.docx
2026-05-05 15:32:44,580 - app.core.rag - WARNING - 知识片段清洗后为空，已跳过。来源: 财富管理白皮书2024.docx
2026-05-05 15:32:44,580 - app.core.rag - WARNING - 知识片段清洗后为空，已跳过。来源: 财富管理白皮书2024.docx
2026-05-05 15:32:44,580 - app.core.rag - WARNING - 知识片段清洗后为空，已跳过。来源: 财富管理白皮书2024.docx
2026-05-05 15:32:44,580 - app.core.rag - WARNING - 知识片段清洗后为空，已跳过。来源: 贫血.docx
2026-05-05 15:32:44,580 - app.core.rag - WARNING - 知识片段清洗后为空，已跳过。来源: 贫血.docx
2026-05-05 15:32:44,580 - app.core.rag - WARNING - 知识片段清洗后为空，已跳过。来源: 贫血.docx
2026-05-05 15:32:44,582 - app.core.rag - WARNING - 知识片段清洗后为空，已跳过。来源: 内置兜底知识
2026-05-05 15:32:44,582 - app.core.rag - WARNING - 知识片段清洗后为空，已跳过。来源: 内置兜底知识
2026-05-05 15:32:44,582 - app.core.rag - WARNING - 知识片段清洗后为空，已跳过。来源: 内置兜底知识
2026-05-05 15:32:44,582 - app.core.rag - WARNING - 知识片段清洗后为空，已跳过。来源: 内置兜底知识
2026-05-05 15:32:44,584 - app.core.rag - WARNING - 知识片段清洗后为空，已跳过。来源: 内置兜底知识
2026-05-05 15:32:44,584 - app.core.rag - WARNING - 知识片段清洗后为空，已跳过。来源: 内置兜底知识
2026-05-05 15:32:44,584 - app.core.rag - WARNING - 知识片段清洗后为空，已跳过。来源: 内置兜底知识
2026-05-05 15:32:44,585 - app.core.rag - WARNING - 知识片段清洗后为空，已跳过。来源: 内置兜底知识
2026-05-05 15:32:44,585 - app.core.rag - WARNING - 知识片段清洗后为空，已跳过。来源: 内置兜底知识
2026-05-05 15:32:44,585 - app.core.rag - WARNING - 知识片段清洗后为空，已跳过。来源: 内置兜底知识
2026-05-05 15:32:44,585 - app.core.rag - WARNING - 知识片段清洗后为空，已跳过。来源: 内置兜底知识
2026-05-05 15:32:44,586 - app.core.rag - WARNING - 知识片段清洗后为空，已跳过。来源: 内置兜底知识
2026-05-05 15:32:44,586 - app.core.rag - WARNING - 知识片段清洗后为空，已跳过。来源: 内置兜底知识
2026-05-05 15:32:44,586 - app.core.rag - WARNING - 知识库缓存为空，无法初始化 BM25 索引
2026-05-05 15:32:44,586 - app.core.rag - INFO - 知识库初始化完成: {'total': 37, 'processed': 0, 'failed': 0, 'from_cache': True, 'role_counts': {'1': 0, '2': 0, '3': 0, '4': 0, '5': 0, '6': 0, '7': 0, '8': 0, '9': 0}, 'processed_files': [], 'failed_files': []}
2026-05-05 15:32:44,811 - sentence_transformers.SentenceTransformer - INFO - Load pretrained SentenceTransformer: C:\Users\freedom\Desktop\专业\模型\bge-base-zh-v1.5
2026-05-05 15:32:45,065 - sentence_transformers.SentenceTransformer - INFO - Use pytorch device_name: cpu
2026-05-05 15:32:45,099 - app.core.rag - INFO - 成功初始化向量化模型
2026-05-05 15:32:45,100 - app.core.rag - INFO - 成功初始化在线大模型
2026-05-05 15:32:45,100 - app.core.rag - INFO - 成功初始化大模型
2026-05-05 15:32:45,100 - app.core.rag - INFO - 知识库目录: C:\Users\freedom\Desktop\多角色聊天机器人\app\knowledge\data
2026-05-05 15:32:45,436 - app.core.rag - WARNING - 知识片段清洗后为空，已跳过。来源: 中华人民共和国国务院组织法.docx
2026-05-05 15:32:45,436 - app.core.rag - WARNING - 知识片段清洗后为空，已跳过。来源: 中华人民共和国妇女权益保护法.docx
2026-05-05 15:32:45,436 - app.core.rag - WARNING - 知识片段清洗后为空，已跳过。来源: 中华人民共和国妇女权益保护法.docx
2026-05-05 15:32:45,437 - app.core.rag - WARNING - 知识片段清洗后为空，已跳过。来源: 中华人民共和国妇女权益保护法.docx
2026-05-05 15:32:45,437 - app.core.rag - WARNING - 知识片段清洗后为空，已跳过。来源: 中华人民共和国妇女权益保护法.docx
2026-05-05 15:32:45,437 - app.core.rag - WARNING - 知识片段清洗后为空，已跳过。来源: 中华人民共和国妇女权益保护法.docx
2026-05-05 15:32:45,438 - app.core.rag - WARNING - 知识片段清洗后为空，已跳过。来源: 中华人民共和国宪法.docx
2026-05-05 15:32:45,438 - app.core.rag - WARNING - 知识片段清洗后为空，已跳过。来源: 中华人民共和国宪法.docx
2026-05-05 15:32:45,438 - app.core.rag - WARNING - 知识片段清洗后为空，已跳过。来源: 中华人民共和国宪法.docx
2026-05-05 15:32:45,438 - app.core.rag - WARNING - 知识片段清洗后为空，已跳过。来源: 中华人民共和国宪法.docx
2026-05-05 15:32:45,438 - app.core.rag - WARNING - 知识片段清洗后为空，已跳过。来源: 中华人民共和国宪法.docx
2026-05-05 15:32:45,439 - app.core.rag - WARNING - 知识片段清洗后为空，已跳过。来源: 中华人民共和国宪法.docx
2026-05-05 15:32:45,439 - app.core.rag - WARNING - 知识片段清洗后为空，已跳过。来源: 中华人民共和国宪法.docx
2026-05-05 15:32:45,439 - app.core.rag - WARNING - 知识片段清洗后为空，已跳过。来源: 中华人民共和国宪法.docx
2026-05-05 15:32:45,439 - app.core.rag - WARNING - 知识片段清洗后为空，已跳过。来源: 中华人民共和国宪法.docx
2026-05-05 15:32:45,440 - app.core.rag - WARNING - 知识片段清洗后为空，已跳过。来源: 中华人民共和国宪法.docx
2026-05-05 15:32:45,440 - app.core.rag - WARNING - 知识片段清洗后为空，已跳过。来源: 中华人民共和国宪法.docx
2026-05-05 15:32:45,440 - app.core.rag - WARNING - 知识片段清洗后为空，已跳过。来源: 中华人民共和国宪法.docx
2026-05-05 15:32:45,441 - app.core.rag - WARNING - 知识片段清洗后为空，已跳过。来源: 中华人民共和国宪法.docx
2026-05-05 15:32:45,441 - app.core.rag - WARNING - 知识片段清洗后为空，已跳过。来源: 中华人民共和国宪法.docx
2026-05-05 15:32:45,441 - app.core.rag - WARNING - 知识片段清洗后为空，已跳过。来源: 中华人民共和国宪法.docx
2026-05-05 15:32:45,441 - app.core.rag - WARNING - 知识片段清洗后为空，已跳过。来源: 中华人民共和国宪法.docx
2026-05-05 15:32:45,441 - app.core.rag - WARNING - 知识片段清洗后为空，已跳过。来源: 中华人民共和国宪法.docx
2026-05-05 15:32:45,442 - app.core.rag - WARNING - 知识片段清洗后为空，已跳过。来源: 中华人民共和国宪法.docx
2026-05-05 15:32:45,442 - app.core.rag - WARNING - 知识片段清洗后为空，已跳过。来源: 中华人民共和国宪法.docx
2026-05-05 15:32:45,442 - app.core.rag - WARNING - 知识片段清洗后为空，已跳过。来源: 中华人民共和国宪法.docx
2026-05-05 15:32:45,442 - app.core.rag - WARNING - 知识片段清洗后为空，已跳过。来源: 中华人民共和国宪法.docx
2026-05-05 15:32:45,443 - app.core.rag - WARNING - 知识片段清洗后为空，已跳过。来源: 中华人民共和国宪法.docx
2026-05-05 15:32:45,443 - app.core.rag - WARNING - 知识片段清洗后为空，已跳过。来源: 中华人民共和国宪法.docx
2026-05-05 15:32:45,443 - app.core.rag - WARNING - 知识片段清洗后为空，已跳过。来源: 中华人民共和国工会法.docx
2026-05-05 15:32:45,443 - app.core.rag - WARNING - 知识片段清洗后为空，已跳过。来源: 中华人民共和国工会法.docx
2026-05-05 15:32:45,444 - app.core.rag - WARNING - 知识片段清洗后为空，已跳过。来源: 中华人民共和国工会法.docx
2026-05-05 15:32:45,444 - app.core.rag - WARNING - 知识片段清洗后为空，已跳过。来源: 中华人民共和国工会法.docx
2026-05-05 15:32:45,444 - app.core.rag - WARNING - 知识片段清洗后为空，已跳过。来源: 中华人民共和国工会法.docx
2026-05-05 15:32:45,444 - app.core.rag - WARNING - 知识片段清洗后为空，已跳过。来源: 中华人民共和国工会法.docx
2026-05-05 15:32:45,444 - app.core.rag - WARNING - 知识片段清洗后为空，已跳过。来源: 中华人民共和国工会法.docx
2026-05-05 15:32:45,444 - app.core.rag - WARNING - 知识片段清洗后为空，已跳过。来源: 中华人民共和国未成年人保护法.docx
2026-05-05 15:32:45,444 - app.core.rag - WARNING - 知识片段清洗后为空，已跳过。来源: 中华人民共和国未成年人保护法.docx
2026-05-05 15:32:45,444 - app.core.rag - WARNING - 知识片段清洗后为空，已跳过。来源: 中华人民共和国未成年人保护法.docx
2026-05-05 15:32:45,444 - app.core.rag - WARNING - 知识片段清洗后为空，已跳过。来源: 中华人民共和国未成年人保护法.docx
2026-05-05 15:32:45,446 - app.core.rag - WARNING - 知识片段清洗后为空，已跳过。来源: 中华人民共和国未成年人保护法.docx
2026-05-05 15:32:45,446 - app.core.rag - WARNING - 知识片段清洗后为空，已跳过。来源: 中华人民共和国未成年人保护法.docx
2026-05-05 15:32:45,446 - app.core.rag - WARNING - 知识片段清洗后为空，已跳过。来源: 中华人民共和国未成年人保护法.docx
2026-05-05 15:32:45,446 - app.core.rag - WARNING - 知识片段清洗后为空，已跳过。来源: 中华人民共和国未成年人保护法.docx
2026-05-05 15:32:45,446 - app.core.rag - WARNING - 知识片段清洗后为空，已跳过。来源: 中华人民共和国民法典_20200528.docx
2026-05-05 15:32:45,447 - app.core.rag - WARNING - 知识片段清洗后为空，已跳过。来源: 中华人民共和国民法典_20200528.docx
2026-05-05 15:32:45,447 - app.core.rag - WARNING - 知识片段清洗后为空，已跳过。来源: 中华人民共和国民法典_20200528.docx
2026-05-05 15:32:45,447 - app.core.rag - WARNING - 知识片段清洗后为空，已跳过。来源: 中华人民共和国民法典_20200528.docx
2026-05-05 15:32:45,447 - app.core.rag - WARNING - 知识片段清洗后为空，已跳过。来源: 中华人民共和国民法典_20200528.docx
2026-05-05 15:32:45,447 - app.core.rag - WARNING - 知识片段清洗后为空，已跳过。来源: 中华人民共和国民法典_20200528.docx
2026-05-05 15:32:45,448 - app.core.rag - WARNING - 知识片段清洗后为空，已跳过。来源: 中华人民共和国民法典_20200528.docx
2026-05-05 15:32:45,448 - app.core.rag - WARNING - 知识片段清洗后为空，已跳过。来源: 中华人民共和国民法典_20200528.docx
2026-05-05 15:32:45,448 - app.core.rag - WARNING - 知识片段清洗后为空，已跳过。来源: 中华人民共和国民法典_20200528.docx
2026-05-05 15:32:45,448 - app.core.rag - WARNING - 知识片段清洗后为空，已跳过。来源: 中华人民共和国民法典_20200528.docx
2026-05-05 15:32:45,448 - app.core.rag - WARNING - 知识片段清洗后为空，已跳过。来源: 中华人民共和国民法典_20200528.docx
2026-05-05 15:32:45,448 - app.core.rag - WARNING - 知识片段清洗后为空，已跳过。来源: 中华人民共和国民法典_20200528.docx
2026-05-05 15:32:45,449 - app.core.rag - WARNING - 知识片段清洗后为空，已跳过。来源: 中华人民共和国民法典_20200528.docx
2026-05-05 15:32:45,449 - app.core.rag - WARNING - 知识片段清洗后为空，已跳过。来源: 中华人民共和国民法典_20200528.docx
2026-05-05 15:32:45,449 - app.core.rag - WARNING - 知识片段清洗后为空，已跳过。来源: 中华人民共和国民法典_20200528.docx
2026-05-05 15:32:45,450 - app.core.rag - WARNING - 知识片段清洗后为空，已跳过。来源: 中华人民共和国民法典_20200528.docx
2026-05-05 15:32:45,450 - app.core.rag - WARNING - 知识片段清洗后为空，已跳过。来源: 中华人民共和国民法典_20200528.docx
2026-05-05 15:32:45,450 - app.core.rag - WARNING - 知识片段清洗后为空，已跳过。来源: 中华人民共和国民法典_20200528.docx
2026-05-05 15:32:45,451 - app.core.rag - WARNING - 知识片段清洗后为空，已跳过。来源: 中华人民共和国民法典_20200528.docx
2026-05-05 15:32:45,451 - app.core.rag - WARNING - 知识片段清洗后为空，已跳过。来源: 中华人民共和国民法典_20200528.docx
2026-05-05 15:32:45,451 - app.core.rag - WARNING - 知识片段清洗后为空，已跳过。来源: 中华人民共和国民法典_20200528.docx
2026-05-05 15:32:45,451 - app.core.rag - WARNING - 知识片段清洗后为空，已跳过。来源: 中华人民共和国民法典_20200528.docx
2026-05-05 15:32:45,451 - app.core.rag - WARNING - 知识片段清洗后为空，已跳过。来源: 中华人民共和国民法典_20200528.docx
2026-05-05 15:32:45,451 - app.core.rag - WARNING - 知识片段清洗后为空，已跳过。来源: 中华人民共和国民法典_20200528.docx
2026-05-05 15:32:45,451 - app.core.rag - WARNING - 知识片段清洗后为空，已跳过。来源: 中华人民共和国民法典_20200528.docx
2026-05-05 15:32:45,453 - app.core.rag - WARNING - 知识片段清洗后为空，已跳过。来源: 中华人民共和国民法典_20200528.docx
2026-05-05 15:32:45,453 - app.core.rag - WARNING - 知识片段清洗后为空，已跳过。来源: 中华人民共和国民法典_20200528.docx
2026-05-05 15:32:45,453 - app.core.rag - WARNING - 知识片段清洗后为空，已跳过。来源: 中华人民共和国民法典_20200528.docx
2026-05-05 15:32:45,454 - app.core.rag - WARNING - 知识片段清洗后为空，已跳过。来源: 中华人民共和国民法典_20200528.docx
2026-05-05 15:32:45,454 - app.core.rag - WARNING - 知识片段清洗后为空，已跳过。来源: 中华人民共和国民法典_20200528.docx
2026-05-05 15:32:45,454 - app.core.rag - WARNING - 知识片段清洗后为空，已跳过。来源: 中华人民共和国民法典_20200528.docx
2026-05-05 15:32:45,454 - app.core.rag - WARNING - 知识片段清洗后为空，已跳过。来源: 中华人民共和国民法典_20200528.docx
2026-05-05 15:32:45,455 - app.core.rag - WARNING - 知识片段清洗后为空，已跳过。来源: 中华人民共和国民法典_20200528.docx
2026-05-05 15:32:45,455 - app.core.rag - WARNING - 知识片段清洗后为空，已跳过。来源: 中华人民共和国民法典_20200528.docx
2026-05-05 15:32:45,455 - app.core.rag - WARNING - 知识片段清洗后为空，已跳过。来源: 中华人民共和国民法典_20200528.docx
2026-05-05 15:32:45,455 - app.core.rag - WARNING - 知识片段清洗后为空，已跳过。来源: 中华人民共和国民法典_20200528.docx
2026-05-05 15:32:45,455 - app.core.rag - WARNING - 知识片段清洗后为空，已跳过。来源: 中华人民共和国民法典_20200528.docx
2026-05-05 15:32:45,456 - app.core.rag - WARNING - 知识片段清洗后为空，已跳过。来源: 中华人民共和国民法典_20200528.docx
2026-05-05 15:32:45,456 - app.core.rag - WARNING - 知识片段清洗后为空，已跳过。来源: 中华人民共和国民法典_20200528.docx
2026-05-05 15:32:45,456 - app.core.rag - WARNING - 知识片段清洗后为空，已跳过。来源: 中华人民共和国民法典_20200528.docx
2026-05-05 15:32:45,456 - app.core.rag - WARNING - 知识片段清洗后为空，已跳过。来源: 中华人民共和国民法典_20200528.docx
2026-05-05 15:32:45,456 - app.core.rag - WARNING - 知识片段清洗后为空，已跳过。来源: 中华人民共和国民法典_20200528.docx
2026-05-05 15:32:45,457 - app.core.rag - WARNING - 知识片段清洗后为空，已跳过。来源: 中华人民共和国民法典_20200528.docx
2026-05-05 15:32:45,457 - app.core.rag - WARNING - 知识片段清洗后为空，已跳过。来源: 中华人民共和国民法典_20200528.docx
2026-05-05 15:32:45,457 - app.core.rag - WARNING - 知识片段清洗后为空，已跳过。来源: 中华人民共和国民法典_20200528.docx
2026-05-05 15:32:45,457 - app.core.rag - WARNING - 知识片段清洗后为空，已跳过。来源: 中华人民共和国民法典_20200528.docx
2026-05-05 15:32:45,458 - app.core.rag - WARNING - 知识片段清洗后为空，已跳过。来源: 中华人民共和国民法典_20200528.docx
2026-05-05 15:32:45,458 - app.core.rag - WARNING - 知识片段清洗后为空，已跳过。来源: 中华人民共和国民法典_20200528.docx
2026-05-05 15:32:45,458 - app.core.rag - WARNING - 知识片段清洗后为空，已跳过。来源: 中华人民共和国民法典_20200528.docx
2026-05-05 15:32:45,458 - app.core.rag - WARNING - 知识片段清洗后为空，已跳过。来源: 中华人民共和国民法典_20200528.docx
2026-05-05 15:32:45,459 - app.core.rag - WARNING - 知识片段清洗后为空，已跳过。来源: 中华人民共和国民法典_20200528.docx
2026-05-05 15:32:45,459 - app.core.rag - WARNING - 知识片段清洗后为空，已跳过。来源: 中华人民共和国民法典_20200528.docx
2026-05-05 15:32:45,459 - app.core.rag - WARNING - 知识片段清洗后为空，已跳过。来源: 中华人民共和国民法典_20200528.docx
2026-05-05 15:32:45,459 - app.core.rag - WARNING - 知识片段清洗后为空，已跳过。来源: 中华人民共和国民法典_20200528.docx
2026-05-05 15:32:45,460 - app.core.rag - WARNING - 知识片段清洗后为空，已跳过。来源: 中华人民共和国民法典_20200528.docx
2026-05-05 15:32:45,460 - app.core.rag - WARNING - 知识片段清洗后为空，已跳过。来源: 中华人民共和国民法典_20200528.docx
2026-05-05 15:32:45,460 - app.core.rag - WARNING - 知识片段清洗后为空，已跳过。来源: 中华人民共和国民法典_20200528.docx
2026-05-05 15:32:45,460 - app.core.rag - WARNING - 知识片段清洗后为空，已跳过。来源: 中华人民共和国民法典_20200528.docx
2026-05-05 15:32:45,460 - app.core.rag - WARNING - 知识片段清洗后为空，已跳过。来源: 中华人民共和国民法典_20200528.docx
2026-05-05 15:32:45,461 - app.core.rag - WARNING - 知识片段清洗后为空，已跳过。来源: 中华人民共和国民法典_20200528.docx
2026-05-05 15:32:45,461 - app.core.rag - WARNING - 知识片段清洗后为空，已跳过。来源: 中华人民共和国民法典_20200528.docx
2026-05-05 15:32:45,461 - app.core.rag - WARNING - 知识片段清洗后为空，已跳过。来源: 中华人民共和国民法典_20200528.docx
2026-05-05 15:32:45,461 - app.core.rag - WARNING - 知识片段清洗后为空，已跳过。来源: 中华人民共和国民法典_20200528.docx
2026-05-05 15:32:45,461 - app.core.rag - WARNING - 知识片段清洗后为空，已跳过。来源: 中华人民共和国民法典_20200528.docx
2026-05-05 15:32:45,461 - app.core.rag - WARNING - 知识片段清洗后为空，已跳过。来源: 中华人民共和国民法典_20200528.docx
2026-05-05 15:32:45,461 - app.core.rag - WARNING - 知识片段清洗后为空，已跳过。来源: 中华人民共和国民法典_20200528.docx
2026-05-05 15:32:45,464 - app.core.rag - WARNING - 知识片段清洗后为空，已跳过。来源: 中华人民共和国民法典_20200528.docx
2026-05-05 15:32:45,465 - app.core.rag - WARNING - 知识片段清洗后为空，已跳过。来源: 中华人民共和国民法典_20200528.docx
2026-05-05 15:32:45,465 - app.core.rag - WARNING - 知识片段清洗后为空，已跳过。来源: 中华人民共和国民法典_20200528.docx
2026-05-05 15:32:45,465 - app.core.rag - WARNING - 知识片段清洗后为空，已跳过。来源: 中华人民共和国民法典_20200528.docx
2026-05-05 15:32:45,466 - app.core.rag - WARNING - 知识片段清洗后为空，已跳过。来源: 中华人民共和国民法典_20200528.docx
2026-05-05 15:32:45,466 - app.core.rag - WARNING - 知识片段清洗后为空，已跳过。来源: 中华人民共和国民法典_20200528.docx
2026-05-05 15:32:45,466 - app.core.rag - WARNING - 知识片段清洗后为空，已跳过。来源: 中华人民共和国民法典_20200528.docx
2026-05-05 15:32:45,466 - app.core.rag - WARNING - 知识片段清洗后为空，已跳过。来源: 中华人民共和国民法典_20200528.docx
2026-05-05 15:32:45,467 - app.core.rag - WARNING - 知识片段清洗后为空，已跳过。来源: 中华人民共和国民法典_20200528.docx
2026-05-05 15:32:45,467 - app.core.rag - WARNING - 知识片段清洗后为空，已跳过。来源: 中华人民共和国民法典_20200528.docx
2026-05-05 15:32:45,467 - app.core.rag - WARNING - 知识片段清洗后为空，已跳过。来源: 中华人民共和国民法典_20200528.docx
2026-05-05 15:32:45,468 - app.core.rag - WARNING - 知识片段清洗后为空，已跳过。来源: 中华人民共和国民法典_20200528.docx
2026-05-05 15:32:45,468 - app.core.rag - WARNING - 知识片段清洗后为空，已跳过。来源: 中华人民共和国民法典_20200528.docx
2026-05-05 15:32:45,468 - app.core.rag - WARNING - 知识片段清洗后为空，已跳过。来源: 中华人民共和国民法典_20200528.docx
2026-05-05 15:32:45,468 - app.core.rag - WARNING - 知识片段清洗后为空，已跳过。来源: 中华人民共和国民法典_20200528.docx
2026-05-05 15:32:45,468 - app.core.rag - WARNING - 知识片段清洗后为空，已跳过。来源: 中华人民共和国民法典_20200528.docx
2026-05-05 15:32:45,469 - app.core.rag - WARNING - 知识片段清洗后为空，已跳过。来源: 中华人民共和国民法典_20200528.docx
2026-05-05 15:32:45,469 - app.core.rag - WARNING - 知识片段清洗后为空，已跳过。来源: 中华人民共和国民法典_20200528.docx
2026-05-05 15:32:45,469 - app.core.rag - WARNING - 知识片段清洗后为空，已跳过。来源: 中华人民共和国民法典_20200528.docx
2026-05-05 15:32:45,469 - app.core.rag - WARNING - 知识片段清洗后为空，已跳过。来源: 中华人民共和国民法典_20200528.docx
2026-05-05 15:32:45,469 - app.core.rag - WARNING - 知识片段清洗后为空，已跳过。来源: 中华人民共和国民法典_20200528.docx
2026-05-05 15:32:45,470 - app.core.rag - WARNING - 知识片段清洗后为空，已跳过。来源: 中华人民共和国民法典_20200528.docx
2026-05-05 15:32:45,470 - app.core.rag - WARNING - 知识片段清洗后为空，已跳过。来源: 中华人民共和国民法典_20200528.docx
2026-05-05 15:32:45,470 - app.core.rag - WARNING - 知识片段清洗后为空，已跳过。来源: 中华人民共和国民法典_20200528.docx
2026-05-05 15:32:45,470 - app.core.rag - WARNING - 知识片段清洗后为空，已跳过。来源: 中华人民共和国民法典_20200528.docx
2026-05-05 15:32:45,470 - app.core.rag - WARNING - 知识片段清洗后为空，已跳过。来源: 中华人民共和国民法典_20200528.docx
2026-05-05 15:32:45,471 - app.core.rag - WARNING - 知识片段清洗后为空，已跳过。来源: 中华人民共和国民法典_20200528.docx
2026-05-05 15:32:45,472 - app.core.rag - WARNING - 知识片段清洗后为空，已跳过。来源: 中华人民共和国民法典_20200528.docx
2026-05-05 15:32:45,472 - app.core.rag - WARNING - 知识片段清洗后为空，已跳过。来源: 中华人民共和国民法典_20200528.docx
2026-05-05 15:32:45,472 - app.core.rag - WARNING - 知识片段清洗后为空，已跳过。来源: 中华人民共和国民法典_20200528.docx
2026-05-05 15:32:45,472 - app.core.rag - WARNING - 知识片段清洗后为空，已跳过。来源: 中华人民共和国民法典_20200528.docx
2026-05-05 15:32:45,472 - app.core.rag - WARNING - 知识片段清洗后为空，已跳过。来源: 中华人民共和国民法典_20200528.docx
2026-05-05 15:32:45,473 - app.core.rag - WARNING - 知识片段清洗后为空，已跳过。来源: 中华人民共和国民法典_20200528.docx
2026-05-05 15:32:45,473 - app.core.rag - WARNING - 知识片段清洗后为空，已跳过。来源: 中华人民共和国民法典_20200528.docx
2026-05-05 15:32:45,473 - app.core.rag - WARNING - 知识片段清洗后为空，已跳过。来源: 中华人民共和国民法典_20200528.docx
2026-05-05 15:32:45,473 - app.core.rag - WARNING - 知识片段清洗后为空，已跳过。来源: 中华人民共和国民法典_20200528.docx
2026-05-05 15:32:45,473 - app.core.rag - WARNING - 知识片段清洗后为空，已跳过。来源: 中华人民共和国民法典_20200528.docx
2026-05-05 15:32:45,474 - app.core.rag - WARNING - 知识片段清洗后为空，已跳过。来源: 中华人民共和国民法典_20200528.docx
2026-05-05 15:32:45,474 - app.core.rag - WARNING - 知识片段清洗后为空，已跳过。来源: 中华人民共和国民法典_20200528.docx
2026-05-05 15:32:45,474 - app.core.rag - WARNING - 知识片段清洗后为空，已跳过。来源: 中华人民共和国民法典_20200528.docx
2026-05-05 15:32:45,474 - app.core.rag - WARNING - 知识片段清洗后为空，已跳过。来源: 中华人民共和国民法典_20200528.docx
2026-05-05 15:32:45,474 - app.core.rag - WARNING - 知识片段清洗后为空，已跳过。来源: 中华人民共和国民法典_20200528.docx
2026-05-05 15:32:45,474 - app.core.rag - WARNING - 知识片段清洗后为空，已跳过。来源: 中华人民共和国民法典_20200528.docx
2026-05-05 15:32:45,474 - app.core.rag - WARNING - 知识片段清洗后为空，已跳过。来源: 中华人民共和国民法典_20200528.docx
2026-05-05 15:32:45,476 - app.core.rag - WARNING - 知识片段清洗后为空，已跳过。来源: 中华人民共和国民法典_20200528.docx
2026-05-05 15:32:45,476 - app.core.rag - WARNING - 知识片段清洗后为空，已跳过。来源: 中华人民共和国民法典_20200528.docx
2026-05-05 15:32:45,476 - app.core.rag - WARNING - 知识片段清洗后为空，已跳过。来源: 中华人民共和国民法典_20200528.docx
2026-05-05 15:32:45,476 - app.core.rag - WARNING - 知识片段清洗后为空，已跳过。来源: 中华人民共和国民法典_20200528.docx
2026-05-05 15:32:45,477 - app.core.rag - WARNING - 知识片段清洗后为空，已跳过。来源: 中华人民共和国民法典_20200528.docx
2026-05-05 15:32:45,477 - app.core.rag - WARNING - 知识片段清洗后为空，已跳过。来源: 中华全国律师协会律师执业行为规范（2024 修订）.docx
2026-05-05 15:32:45,477 - app.core.rag - WARNING - 知识片段清洗后为空，已跳过。来源: 中华全国律师协会律师执业行为规范（2024 修订）.docx
2026-05-05 15:32:45,477 - app.core.rag - WARNING - 知识片段清洗后为空，已跳过。来源: 中华全国律师协会律师执业行为规范（2024 修订）.docx
2026-05-05 15:32:45,481 - app.core.rag - WARNING - 知识片段清洗后为空，已跳过。来源: 中华全国律师协会律师执业行为规范（2024 修订）.docx
2026-05-05 15:32:45,481 - app.core.rag - WARNING - 知识片段清洗后为空，已跳过。来源: 中华全国律师协会律师执业行为规范（2024 修订）.docx
2026-05-05 15:32:45,481 - app.core.rag - WARNING - 知识片段清洗后为空，已跳过。来源: 中华全国律师协会律师执业行为规范（2024 修订）.docx
2026-05-05 15:32:45,481 - app.core.rag - WARNING - 知识片段清洗后为空，已跳过。来源: 中华全国律师协会律师执业行为规范（2024 修订）.docx
2026-05-05 15:32:45,483 - app.core.rag - WARNING - 知识片段清洗后为空，已跳过。来源: 中华全国律师协会律师执业行为规范（2024 修订）.docx
2026-05-05 15:32:45,483 - app.core.rag - WARNING - 知识片段清洗后为空，已跳过。来源: 乳腺癌.docx
2026-05-05 15:32:45,483 - app.core.rag - WARNING - 知识片段清洗后为空，已跳过。来源: 乳腺癌.docx
2026-05-05 15:32:45,483 - app.core.rag - WARNING - 知识片段清洗后为空，已跳过。来源: 乳腺癌.docx
2026-05-05 15:32:45,483 - app.core.rag - WARNING - 知识片段清洗后为空，已跳过。来源: 乳腺癌.docx
2026-05-05 15:32:45,484 - app.core.rag - WARNING - 知识片段清洗后为空，已跳过。来源: 哮喘.docx
2026-05-05 15:32:45,484 - app.core.rag - WARNING - 知识片段清洗后为空，已跳过。来源: 哮喘.docx
2026-05-05 15:32:45,484 - app.core.rag - WARNING - 知识片段清洗后为空，已跳过。来源: 哮喘.docx
2026-05-05 15:32:45,484 - app.core.rag - WARNING - 知识片段清洗后为空，已跳过。来源: 商业银行理财管理办法2024.docx
2026-05-05 15:32:45,484 - app.core.rag - WARNING - 知识片段清洗后为空，已跳过。来源: 商业银行理财管理办法2024.docx
2026-05-05 15:32:45,485 - app.core.rag - WARNING - 知识片段清洗后为空，已跳过。来源: 国家基层高血压防治管理手册2025版.pdf
2026-05-05 15:32:45,485 - app.core.rag - WARNING - 知识片段清洗后为空，已跳过。来源: 国家基层高血压防治管理手册2025版.pdf
2026-05-05 15:32:45,485 - app.core.rag - WARNING - 知识片段清洗后为空，已跳过。来源: 国家基层高血压防治管理手册2025版.pdf
2026-05-05 15:32:45,485 - app.core.rag - WARNING - 知识片段清洗后为空，已跳过。来源: 国家基层高血压防治管理手册2025版.pdf
2026-05-05 15:32:45,485 - app.core.rag - WARNING - 知识片段清洗后为空，已跳过。来源: 国家基层高血压防治管理手册2025版.pdf
2026-05-05 15:32:45,486 - app.core.rag - WARNING - 知识片段清洗后为空，已跳过。来源: 国家基层高血压防治管理手册2025版.pdf
2026-05-05 15:32:45,486 - app.core.rag - WARNING - 知识片段清洗后为空，已跳过。来源: 国家基层高血压防治管理手册2025版.pdf
2026-05-05 15:32:45,486 - app.core.rag - WARNING - 知识片段清洗后为空，已跳过。来源: 国家基层高血压防治管理手册2025版.pdf
2026-05-05 15:32:45,486 - app.core.rag - WARNING - 知识片段清洗后为空，已跳过。来源: 国家基层高血压防治管理手册2025版.pdf
2026-05-05 15:32:45,486 - app.core.rag - WARNING - 知识片段清洗后为空，已跳过。来源: 国家基层高血压防治管理手册2025版.pdf
2026-05-05 15:32:45,486 - app.core.rag - WARNING - 知识片段清洗后为空，已跳过。来源: 国家基层高血压防治管理手册2025版.pdf
2026-05-05 15:32:45,486 - app.core.rag - WARNING - 知识片段清洗后为空，已跳过。来源: 国家基层高血压防治管理手册2025版.pdf
2026-05-05 15:32:45,487 - app.core.rag - WARNING - 知识片段清洗后为空，已跳过。来源: 国家基层高血压防治管理手册2025版.pdf
2026-05-05 15:32:45,488 - app.core.rag - WARNING - 知识片段清洗后为空，已跳过。来源: 国家基层高血压防治管理手册2025版.pdf
2026-05-05 15:32:45,488 - app.core.rag - WARNING - 知识片段清洗后为空，已跳过。来源: 国家基层高血压防治管理手册2025版.pdf
2026-05-05 15:32:45,488 - app.core.rag - WARNING - 知识片段清洗后为空，已跳过。来源: 国家基层高血压防治管理手册2025版.pdf
2026-05-05 15:32:45,489 - app.core.rag - WARNING - 知识片段清洗后为空，已跳过。来源: 国家基层高血压防治管理手册2025版.pdf
2026-05-05 15:32:45,489 - app.core.rag - WARNING - 知识片段清洗后为空，已跳过。来源: 国家基层高血压防治管理手册2025版.pdf
2026-05-05 15:32:45,489 - app.core.rag - WARNING - 知识片段清洗后为空，已跳过。来源: 国家基层高血压防治管理手册2025版.pdf
2026-05-05 15:32:45,489 - app.core.rag - WARNING - 知识片段清洗后为空，已跳过。来源: 国家基层高血压防治管理手册2025版.pdf
2026-05-05 15:32:45,489 - app.core.rag - WARNING - 知识片段清洗后为空，已跳过。来源: 国家基层高血压防治管理手册2025版.pdf
2026-05-05 15:32:45,489 - app.core.rag - WARNING - 知识片段清洗后为空，已跳过。来源: 国家基层高血压防治管理手册2025版.pdf
2026-05-05 15:32:45,489 - app.core.rag - WARNING - 知识片段清洗后为空，已跳过。来源: 国家基层高血压防治管理手册2025版.pdf
2026-05-05 15:32:45,489 - app.core.rag - WARNING - 知识片段清洗后为空，已跳过。来源: 国家基层高血压防治管理手册2025版.pdf
2026-05-05 15:32:45,491 - app.core.rag - WARNING - 知识片段清洗后为空，已跳过。来源: 国家基层高血压防治管理手册2025版.pdf
2026-05-05 15:32:45,491 - app.core.rag - WARNING - 知识片段清洗后为空，已跳过。来源: 国家基层高血压防治管理手册2025版.pdf
2026-05-05 15:32:45,491 - app.core.rag - WARNING - 知识片段清洗后为空，已跳过。来源: 国家基层高血压防治管理手册2025版.pdf
2026-05-05 15:32:45,491 - app.core.rag - WARNING - 知识片段清洗后为空，已跳过。来源: 国家基层高血压防治管理手册2025版.pdf
2026-05-05 15:32:45,491 - app.core.rag - WARNING - 知识片段清洗后为空，已跳过。来源: 国家基层高血压防治管理手册2025版.pdf
2026-05-05 15:32:45,491 - app.core.rag - WARNING - 知识片段清洗后为空，已跳过。来源: 国家基层高血压防治管理手册2025版.pdf
2026-05-05 15:32:45,491 - app.core.rag - WARNING - 知识片段清洗后为空，已跳过。来源: 国家基层高血压防治管理手册2025版.pdf
2026-05-05 15:32:45,491 - app.core.rag - WARNING - 知识片段清洗后为空，已跳过。来源: 国家基层高血压防治管理手册2025版.pdf
2026-05-05 15:32:45,492 - app.core.rag - WARNING - 知识片段清洗后为空，已跳过。来源: 国家基层高血压防治管理手册2025版.pdf
2026-05-05 15:32:45,492 - app.core.rag - WARNING - 知识片段清洗后为空，已跳过。来源: 国家基层高血压防治管理手册2025版.pdf
2026-05-05 15:32:45,492 - app.core.rag - WARNING - 知识片段清洗后为空，已跳过。来源: 国家基层高血压防治管理手册2025版.pdf
2026-05-05 15:32:45,492 - app.core.rag - WARNING - 知识片段清洗后为空，已跳过。来源: 国家基层高血压防治管理手册2025版.pdf
2026-05-05 15:32:45,493 - app.core.rag - WARNING - 知识片段清洗后为空，已跳过。来源: 天体物理学.docx
2026-05-05 15:32:45,493 - app.core.rag - WARNING - 知识片段清洗后为空，已跳过。来源: 天体物理学.docx
2026-05-05 15:32:45,493 - app.core.rag - WARNING - 知识片段清洗后为空，已跳过。来源: 天体物理学.docx
2026-05-05 15:32:45,493 - app.core.rag - WARNING - 知识片段清洗后为空，已跳过。来源: 天体物理学.docx
2026-05-05 15:32:45,494 - app.core.rag - WARNING - 知识片段清洗后为空，已跳过。来源: 天体物理学.docx
2026-05-05 15:32:45,494 - app.core.rag - WARNING - 知识片段清洗后为空，已跳过。来源: 天体物理学.docx
2026-05-05 15:32:45,494 - app.core.rag - WARNING - 知识片段清洗后为空，已跳过。来源: 天体物理学.docx
2026-05-05 15:32:45,494 - app.core.rag - WARNING - 知识片段清洗后为空，已跳过。来源: 天体物理学.docx
2026-05-05 15:32:45,494 - app.core.rag - WARNING - 知识片段清洗后为空，已跳过。来源: 天体物理学.docx
2026-05-05 15:32:45,494 - app.core.rag - WARNING - 知识片段清洗后为空，已跳过。来源: 天体物理学.docx
2026-05-05 15:32:45,494 - app.core.rag - WARNING - 知识片段清洗后为空，已跳过。来源: 天体物理学.docx
2026-05-05 15:32:45,494 - app.core.rag - WARNING - 知识片段清洗后为空，已跳过。来源: 天体物理学.docx
2026-05-05 15:32:45,496 - app.core.rag - WARNING - 知识片段清洗后为空，已跳过。来源: 天体物理学.docx
2026-05-05 15:32:45,496 - app.core.rag - WARNING - 知识片段清洗后为空，已跳过。来源: 天体物理学.docx
2026-05-05 15:32:45,496 - app.core.rag - WARNING - 知识片段清洗后为空，已跳过。来源: 天体物理学.docx
2026-05-05 15:32:45,496 - app.core.rag - WARNING - 知识片段清洗后为空，已跳过。来源: 天体物理学.docx
2026-05-05 15:32:45,496 - app.core.rag - WARNING - 知识片段清洗后为空，已跳过。来源: 天体物理学.docx
2026-05-05 15:32:45,497 - app.core.rag - WARNING - 知识片段清洗后为空，已跳过。来源: 天体物理学.docx
2026-05-05 15:32:45,497 - app.core.rag - WARNING - 知识片段清洗后为空，已跳过。来源: 天体物理学.docx
2026-05-05 15:32:45,497 - app.core.rag - WARNING - 知识片段清洗后为空，已跳过。来源: 天体物理学.docx
2026-05-05 15:32:45,498 - app.core.rag - WARNING - 知识片段清洗后为空，已跳过。来源: 天体物理学.docx
2026-05-05 15:32:45,498 - app.core.rag - WARNING - 知识片段清洗后为空，已跳过。来源: 天体物理学.docx
2026-05-05 15:32:45,498 - app.core.rag - WARNING - 知识片段清洗后为空，已跳过。来源: 天体物理学.docx
2026-05-05 15:32:45,498 - app.core.rag - WARNING - 知识片段清洗后为空，已跳过。来源: 天体物理学.docx
2026-05-05 15:32:45,498 - app.core.rag - WARNING - 知识片段清洗后为空，已跳过。来源: 天体物理学.docx
2026-05-05 15:32:45,499 - app.core.rag - WARNING - 知识片段清洗后为空，已跳过。来源: 天体物理学.docx
2026-05-05 15:32:45,499 - app.core.rag - WARNING - 知识片段清洗后为空，已跳过。来源: 天体物理学.docx
2026-05-05 15:32:45,499 - app.core.rag - WARNING - 知识片段清洗后为空，已跳过。来源: 天体物理学.docx
2026-05-05 15:32:45,499 - app.core.rag - WARNING - 知识片段清洗后为空，已跳过。来源: 天体物理学.docx
2026-05-05 15:32:45,499 - app.core.rag - WARNING - 知识片段清洗后为空，已跳过。来源: 天体物理学.docx
2026-05-05 15:32:45,500 - app.core.rag - WARNING - 知识片段清洗后为空，已跳过。来源: 天体物理学.docx
2026-05-05 15:32:45,500 - app.core.rag - WARNING - 知识片段清洗后为空，已跳过。来源: 天体物理学.docx
2026-05-05 15:32:45,500 - app.core.rag - WARNING - 知识片段清洗后为空，已跳过。来源: 天体物理学.docx
2026-05-05 15:32:45,500 - app.core.rag - WARNING - 知识片段清洗后为空，已跳过。来源: 天体物理学.docx
2026-05-05 15:32:45,504 - app.core.rag - WARNING - 知识片段清洗后为空，已跳过。来源: 天体物理学.docx
2026-05-05 15:32:45,504 - app.core.rag - WARNING - 知识片段清洗后为空，已跳过。来源: 天体物理学.docx
2026-05-05 15:32:45,504 - app.core.rag - WARNING - 知识片段清洗后为空，已跳过。来源: 天体物理学.docx
2026-05-05 15:32:45,505 - app.core.rag - WARNING - 知识片段清洗后为空，已跳过。来源: 天体物理学.docx
2026-05-05 15:32:45,505 - app.core.rag - WARNING - 知识片段清洗后为空，已跳过。来源: 天体物理学.docx
2026-05-05 15:32:45,505 - app.core.rag - WARNING - 知识片段清洗后为空，已跳过。来源: 天体物理学.docx
2026-05-05 15:32:45,505 - app.core.rag - WARNING - 知识片段清洗后为空，已跳过。来源: 天体物理学.docx
2026-05-05 15:32:45,505 - app.core.rag - WARNING - 知识片段清洗后为空，已跳过。来源: 天体物理学.docx
2026-05-05 15:32:45,506 - app.core.rag - WARNING - 知识片段清洗后为空，已跳过。来源: 天体物理学.docx
2026-05-05 15:32:45,506 - app.core.rag - WARNING - 知识片段清洗后为空，已跳过。来源: 天体物理学.docx
2026-05-05 15:32:45,506 - app.core.rag - WARNING - 知识片段清洗后为空，已跳过。来源: 天体物理学.docx
2026-05-05 15:32:45,506 - app.core.rag - WARNING - 知识片段清洗后为空，已跳过。来源: 天体物理学.docx
2026-05-05 15:32:45,506 - app.core.rag - WARNING - 知识片段清洗后为空，已跳过。来源: 天体物理学.docx
2026-05-05 15:32:45,506 - app.core.rag - WARNING - 知识片段清洗后为空，已跳过。来源: 天体物理学.docx
2026-05-05 15:32:45,506 - app.core.rag - WARNING - 知识片段清洗后为空，已跳过。来源: 天体物理学.docx
2026-05-05 15:32:45,507 - app.core.rag - WARNING - 知识片段清洗后为空，已跳过。来源: 天体物理学.docx
2026-05-05 15:32:45,507 - app.core.rag - WARNING - 知识片段清洗后为空，已跳过。来源: 天体物理学.docx
2026-05-05 15:32:45,507 - app.core.rag - WARNING - 知识片段清洗后为空，已跳过。来源: 天体物理学.docx
2026-05-05 15:32:45,507 - app.core.rag - WARNING - 知识片段清洗后为空，已跳过。来源: 天体物理学.docx
2026-05-05 15:32:45,507 - app.core.rag - WARNING - 知识片段清洗后为空，已跳过。来源: 天体物理学.docx
2026-05-05 15:32:45,507 - app.core.rag - WARNING - 知识片段清洗后为空，已跳过。来源: 天体物理学.docx
2026-05-05 15:32:45,507 - app.core.rag - WARNING - 知识片段清洗后为空，已跳过。来源: 天体物理学.docx
2026-05-05 15:32:45,508 - app.core.rag - WARNING - 知识片段清洗后为空，已跳过。来源: 天体物理学.docx
2026-05-05 15:32:45,508 - app.core.rag - WARNING - 知识片段清洗后为空，已跳过。来源: 天体物理学.docx
2026-05-05 15:32:45,508 - app.core.rag - WARNING - 知识片段清洗后为空，已跳过。来源: 天体物理学.docx
2026-05-05 15:32:45,508 - app.core.rag - WARNING - 知识片段清洗后为空，已跳过。来源: 天体物理学.docx
2026-05-05 15:32:45,508 - app.core.rag - WARNING - 知识片段清洗后为空，已跳过。来源: 天体物理学.docx
2026-05-05 15:32:45,508 - app.core.rag - WARNING - 知识片段清洗后为空，已跳过。来源: 天体物理学.docx
2026-05-05 15:32:45,508 - app.core.rag - WARNING - 知识片段清洗后为空，已跳过。来源: 天体物理学.docx
2026-05-05 15:32:45,509 - app.core.rag - WARNING - 知识片段清洗后为空，已跳过。来源: 天体物理学.docx
2026-05-05 15:32:45,509 - app.core.rag - WARNING - 知识片段清洗后为空，已跳过。来源: 天体物理学.docx
2026-05-05 15:32:45,509 - app.core.rag - WARNING - 知识片段清洗后为空，已跳过。来源: 天体物理学.docx
2026-05-05 15:32:45,509 - app.core.rag - WARNING - 知识片段清洗后为空，已跳过。来源: 天体物理学.docx
2026-05-05 15:32:45,509 - app.core.rag - WARNING - 知识片段清洗后为空，已跳过。来源: 天体物理学.docx
2026-05-05 15:32:45,509 - app.core.rag - WARNING - 知识片段清洗后为空，已跳过。来源: 天体物理学.docx
2026-05-05 15:32:45,509 - app.core.rag - WARNING - 知识片段清洗后为空，已跳过。来源: 天体物理学.docx
2026-05-05 15:32:45,509 - app.core.rag - WARNING - 知识片段清洗后为空，已跳过。来源: 天体物理学.docx
2026-05-05 15:32:45,510 - app.core.rag - WARNING - 知识片段清洗后为空，已跳过。来源: 天体物理学.docx
2026-05-05 15:32:45,510 - app.core.rag - WARNING - 知识片段清洗后为空，已跳过。来源: 天体物理学.docx
2026-05-05 15:32:45,510 - app.core.rag - WARNING - 知识片段清洗后为空，已跳过。来源: 天体物理学.docx
2026-05-05 15:32:45,510 - app.core.rag - WARNING - 知识片段清洗后为空，已跳过。来源: 天体物理学.docx
2026-05-05 15:32:45,510 - app.core.rag - WARNING - 知识片段清洗后为空，已跳过。来源: 天体物理学.docx
2026-05-05 15:32:45,510 - app.core.rag - WARNING - 知识片段清洗后为空，已跳过。来源: 天体物理学.docx
2026-05-05 15:32:45,511 - app.core.rag - WARNING - 知识片段清洗后为空，已跳过。来源: 天体物理学.docx
2026-05-05 15:32:45,511 - app.core.rag - WARNING - 知识片段清洗后为空，已跳过。来源: 天体物理学.docx
2026-05-05 15:32:45,511 - app.core.rag - WARNING - 知识片段清洗后为空，已跳过。来源: 天体物理学.docx
2026-05-05 15:32:45,511 - app.core.rag - WARNING - 知识片段清洗后为空，已跳过。来源: 天体物理学.docx
2026-05-05 15:32:45,511 - app.core.rag - WARNING - 知识片段清洗后为空，已跳过。来源: 天体物理学.docx
2026-05-05 15:32:45,512 - app.core.rag - WARNING - 知识片段清洗后为空，已跳过。来源: 天体物理学.docx
2026-05-05 15:32:45,512 - app.core.rag - WARNING - 知识片段清洗后为空，已跳过。来源: 天体物理学.docx
2026-05-05 15:32:45,512 - app.core.rag - WARNING - 知识片段清洗后为空，已跳过。来源: 天体物理学.docx
2026-05-05 15:32:45,512 - app.core.rag - WARNING - 知识片段清洗后为空，已跳过。来源: 天体物理学.docx
2026-05-05 15:32:45,513 - app.core.rag - WARNING - 知识片段清洗后为空，已跳过。来源: 天体物理学.docx
2026-05-05 15:32:45,513 - app.core.rag - WARNING - 知识片段清洗后为空，已跳过。来源: 天体物理学.docx
2026-05-05 15:32:45,513 - app.core.rag - WARNING - 知识片段清洗后为空，已跳过。来源: 天体物理学.docx
2026-05-05 15:32:45,513 - app.core.rag - WARNING - 知识片段清洗后为空，已跳过。来源: 天体物理学.docx
2026-05-05 15:32:45,515 - app.core.rag - WARNING - 知识片段清洗后为空，已跳过。来源: 天体物理学.docx
2026-05-05 15:32:45,515 - app.core.rag - WARNING - 知识片段清洗后为空，已跳过。来源: 天体物理学.docx
2026-05-05 15:32:45,515 - app.core.rag - WARNING - 知识片段清洗后为空，已跳过。来源: 天体物理学.docx
2026-05-05 15:32:45,515 - app.core.rag - WARNING - 知识片段清洗后为空，已跳过。来源: 天体物理学.docx
2026-05-05 15:32:45,515 - app.core.rag - WARNING - 知识片段清洗后为空，已跳过。来源: 天体物理学.docx
2026-05-05 15:32:45,515 - app.core.rag - WARNING - 知识片段清洗后为空，已跳过。来源: 天体物理学.docx
2026-05-05 15:32:45,515 - app.core.rag - WARNING - 知识片段清洗后为空，已跳过。来源: 天体物理学.docx
2026-05-05 15:32:45,515 - app.core.rag - WARNING - 知识片段清洗后为空，已跳过。来源: 天体物理学.docx
2026-05-05 15:32:45,516 - app.core.rag - WARNING - 知识片段清洗后为空，已跳过。来源: 天体物理学.docx
2026-05-05 15:32:45,516 - app.core.rag - WARNING - 知识片段清洗后为空，已跳过。来源: 天体物理学.docx
2026-05-05 15:32:45,516 - app.core.rag - WARNING - 知识片段清洗后为空，已跳过。来源: 天体物理学.docx
2026-05-05 15:32:45,516 - app.core.rag - WARNING - 知识片段清洗后为空，已跳过。来源: 天体物理学.docx
2026-05-05 15:32:45,516 - app.core.rag - WARNING - 知识片段清洗后为空，已跳过。来源: 天体物理学.docx
2026-05-05 15:32:45,517 - app.core.rag - WARNING - 知识片段清洗后为空，已跳过。来源: 天体物理学.docx
2026-05-05 15:32:45,517 - app.core.rag - WARNING - 知识片段清洗后为空，已跳过。来源: 天体物理学.docx
2026-05-05 15:32:45,517 - app.core.rag - WARNING - 知识片段清洗后为空，已跳过。来源: 天体物理学.docx
2026-05-05 15:32:45,517 - app.core.rag - WARNING - 知识片段清洗后为空，已跳过。来源: 天体物理学.docx
2026-05-05 15:32:45,517 - app.core.rag - WARNING - 知识片段清洗后为空，已跳过。来源: 天体物理学.docx
2026-05-05 15:32:45,518 - app.core.rag - WARNING - 知识片段清洗后为空，已跳过。来源: 天体物理学.docx
2026-05-05 15:32:45,518 - app.core.rag - WARNING - 知识片段清洗后为空，已跳过。来源: 天体物理学.docx
2026-05-05 15:32:45,518 - app.core.rag - WARNING - 知识片段清洗后为空，已跳过。来源: 天体物理学.docx
2026-05-05 15:32:45,518 - app.core.rag - WARNING - 知识片段清洗后为空，已跳过。来源: 天体物理学.docx
2026-05-05 15:32:45,518 - app.core.rag - WARNING - 知识片段清洗后为空，已跳过。来源: 天体物理学.docx
2026-05-05 15:32:45,519 - app.core.rag - WARNING - 知识片段清洗后为空，已跳过。来源: 天体物理学.docx
2026-05-05 15:32:45,519 - app.core.rag - WARNING - 知识片段清洗后为空，已跳过。来源: 天体物理学.docx
2026-05-05 15:32:45,519 - app.core.rag - WARNING - 知识片段清洗后为空，已跳过。来源: 天体物理学.docx
2026-05-05 15:32:45,519 - app.core.rag - WARNING - 知识片段清洗后为空，已跳过。来源: 天体物理学.docx
2026-05-05 15:32:45,519 - app.core.rag - WARNING - 知识片段清洗后为空，已跳过。来源: 天体物理学.docx
2026-05-05 15:32:45,519 - app.core.rag - WARNING - 知识片段清洗后为空，已跳过。来源: 天体物理学.docx
2026-05-05 15:32:45,519 - app.core.rag - WARNING - 知识片段清洗后为空，已跳过。来源: 天体物理学.docx
2026-05-05 15:32:45,521 - app.core.rag - WARNING - 知识片段清洗后为空，已跳过。来源: 天体物理学.docx
2026-05-05 15:32:45,521 - app.core.rag - WARNING - 知识片段清洗后为空，已跳过。来源: 天体物理学.docx
2026-05-05 15:32:45,521 - app.core.rag - WARNING - 知识片段清洗后为空，已跳过。来源: 天体物理学.docx
2026-05-05 15:32:45,521 - app.core.rag - WARNING - 知识片段清洗后为空，已跳过。来源: 天体物理学.docx
2026-05-05 15:32:45,521 - app.core.rag - WARNING - 知识片段清洗后为空，已跳过。来源: 天体物理学.docx
2026-05-05 15:32:45,521 - app.core.rag - WARNING - 知识片段清洗后为空，已跳过。来源: 天体物理学.docx
2026-05-05 15:32:45,522 - app.core.rag - WARNING - 知识片段清洗后为空，已跳过。来源: 天体物理学.docx
2026-05-05 15:32:45,522 - app.core.rag - WARNING - 知识片段清洗后为空，已跳过。来源: 天体物理学.docx
2026-05-05 15:32:45,522 - app.core.rag - WARNING - 知识片段清洗后为空，已跳过。来源: 天体物理学.docx
2026-05-05 15:32:45,522 - app.core.rag - WARNING - 知识片段清洗后为空，已跳过。来源: 天体物理学.docx
2026-05-05 15:32:45,522 - app.core.rag - WARNING - 知识片段清洗后为空，已跳过。来源: 天体物理学.docx
2026-05-05 15:32:45,522 - app.core.rag - WARNING - 知识片段清洗后为空，已跳过。来源: 天体物理学.docx
2026-05-05 15:32:45,522 - app.core.rag - WARNING - 知识片段清洗后为空，已跳过。来源: 天体物理学.docx
2026-05-05 15:32:45,523 - app.core.rag - WARNING - 知识片段清洗后为空，已跳过。来源: 天体物理学.docx
2026-05-05 15:32:45,523 - app.core.rag - WARNING - 知识片段清洗后为空，已跳过。来源: 天体物理学.docx
2026-05-05 15:32:45,523 - app.core.rag - WARNING - 知识片段清洗后为空，已跳过。来源: 天体物理学.docx
2026-05-05 15:32:45,523 - app.core.rag - WARNING - 知识片段清洗后为空，已跳过。来源: 天体物理学.docx
2026-05-05 15:32:45,523 - app.core.rag - WARNING - 知识片段清洗后为空，已跳过。来源: 天体物理学.docx
2026-05-05 15:32:45,523 - app.core.rag - WARNING - 知识片段清洗后为空，已跳过。来源: 天体物理学.docx
2026-05-05 15:32:45,524 - app.core.rag - WARNING - 知识片段清洗后为空，已跳过。来源: 天体物理学.docx
2026-05-05 15:32:45,524 - app.core.rag - WARNING - 知识片段清洗后为空，已跳过。来源: 天体物理学.docx
2026-05-05 15:32:45,524 - app.core.rag - WARNING - 知识片段清洗后为空，已跳过。来源: 天体物理学.docx
2026-05-05 15:32:45,524 - app.core.rag - WARNING - 知识片段清洗后为空，已跳过。来源: 天体物理学.docx
2026-05-05 15:32:45,524 - app.core.rag - WARNING - 知识片段清洗后为空，已跳过。来源: 天体物理学.docx
2026-05-05 15:32:45,524 - app.core.rag - WARNING - 知识片段清洗后为空，已跳过。来源: 天体物理学.docx
2026-05-05 15:32:45,524 - app.core.rag - WARNING - 知识片段清洗后为空，已跳过。来源: 天体物理学.docx
2026-05-05 15:32:45,526 - app.core.rag - WARNING - 知识片段清洗后为空，已跳过。来源: 天体物理学.docx
2026-05-05 15:32:45,526 - app.core.rag - WARNING - 知识片段清洗后为空，已跳过。来源: 天体物理学.docx
2026-05-05 15:32:45,526 - app.core.rag - WARNING - 知识片段清洗后为空，已跳过。来源: 天体物理学.docx
2026-05-05 15:32:45,526 - app.core.rag - WARNING - 知识片段清洗后为空，已跳过。来源: 天体物理学.docx
2026-05-05 15:32:45,526 - app.core.rag - WARNING - 知识片段清洗后为空，已跳过。来源: 天体物理学.docx
2026-05-05 15:32:45,526 - app.core.rag - WARNING - 知识片段清洗后为空，已跳过。来源: 天体物理学.docx
2026-05-05 15:32:45,527 - app.core.rag - WARNING - 知识片段清洗后为空，已跳过。来源: 天体物理学.docx
2026-05-05 15:32:45,527 - app.core.rag - WARNING - 知识片段清洗后为空，已跳过。来源: 天体物理学.docx
2026-05-05 15:32:45,527 - app.core.rag - WARNING - 知识片段清洗后为空，已跳过。来源: 天体物理学.docx
2026-05-05 15:32:45,527 - app.core.rag - WARNING - 知识片段清洗后为空，已跳过。来源: 天体物理学.docx
2026-05-05 15:32:45,527 - app.core.rag - WARNING - 知识片段清洗后为空，已跳过。来源: 天体物理学.docx
2026-05-05 15:32:45,528 - app.core.rag - WARNING - 知识片段清洗后为空，已跳过。来源: 天体物理学.docx
2026-05-05 15:32:45,528 - app.core.rag - WARNING - 知识片段清洗后为空，已跳过。来源: 天体物理学.docx
2026-05-05 15:32:45,528 - app.core.rag - WARNING - 知识片段清洗后为空，已跳过。来源: 失明与视力受损.docx
2026-05-05 15:32:45,528 - app.core.rag - WARNING - 知识片段清洗后为空，已跳过。来源: 失明与视力受损.docx
2026-05-05 15:32:45,528 - app.core.rag - WARNING - 知识片段清洗后为空，已跳过。来源: 失明与视力受损.docx
2026-05-05 15:32:45,528 - app.core.rag - WARNING - 知识片段清洗后为空，已跳过。来源: 心理健康.docx
2026-05-05 15:32:45,529 - app.core.rag - WARNING - 知识片段清洗后为空，已跳过。来源: 心理健康.docx
2026-05-05 15:32:45,529 - app.core.rag - WARNING - 知识片段清洗后为空，已跳过。来源: 心理健康.docx
2026-05-05 15:32:45,529 - app.core.rag - WARNING - 知识片段清洗后为空，已跳过。来源: 心理治疗规范 （2013年版）.pdf
2026-05-05 15:32:45,529 - app.core.rag - WARNING - 知识片段清洗后为空，已跳过。来源: 心理治疗规范 （2013年版）.pdf
2026-05-05 15:32:45,529 - app.core.rag - WARNING - 知识片段清洗后为空，已跳过。来源: 心理治疗规范 （2013年版）.pdf
2026-05-05 15:32:45,530 - app.core.rag - WARNING - 知识片段清洗后为空，已跳过。来源: 心理治疗规范 （2013年版）.pdf
2026-05-05 15:32:45,530 - app.core.rag - WARNING - 知识片段清洗后为空，已跳过。来源: 心理治疗规范 （2013年版）.pdf
2026-05-05 15:32:45,530 - app.core.rag - WARNING - 知识片段清洗后为空，已跳过。来源: 心理治疗规范 （2013年版）.pdf
2026-05-05 15:32:45,530 - app.core.rag - WARNING - 知识片段清洗后为空，已跳过。来源: 心理治疗规范 （2013年版）.pdf
2026-05-05 15:32:45,530 - app.core.rag - WARNING - 知识片段清洗后为空，已跳过。来源: 心理治疗规范 （2013年版）.pdf
2026-05-05 15:32:45,531 - app.core.rag - WARNING - 知识片段清洗后为空，已跳过。来源: 心理治疗规范 （2013年版）.pdf
2026-05-05 15:32:45,531 - app.core.rag - WARNING - 知识片段清洗后为空，已跳过。来源: 心理治疗规范 （2013年版）.pdf
2026-05-05 15:32:45,531 - app.core.rag - WARNING - 知识片段清洗后为空，已跳过。来源: 心理治疗规范 （2013年版）.pdf
2026-05-05 15:32:45,531 - app.core.rag - WARNING - 知识片段清洗后为空，已跳过。来源: 心理治疗规范 （2013年版）.pdf
2026-05-05 15:32:45,531 - app.core.rag - WARNING - 知识片段清洗后为空，已跳过。来源: 心理治疗规范 （2013年版）.pdf
2026-05-05 15:32:45,532 - app.core.rag - WARNING - 知识片段清洗后为空，已跳过。来源: 心理治疗规范 （2013年版）.pdf
2026-05-05 15:32:45,532 - app.core.rag - WARNING - 知识片段清洗后为空，已跳过。来源: 心理治疗规范 （2013年版）.pdf
2026-05-05 15:32:45,532 - app.core.rag - WARNING - 知识片段清洗后为空，已跳过。来源: 心理治疗规范 （2013年版）.pdf
2026-05-05 15:32:45,532 - app.core.rag - WARNING - 知识片段清洗后为空，已跳过。来源: 流感（季节性）.docx
2026-05-05 15:32:45,532 - app.core.rag - WARNING - 知识片段清洗后为空，已跳过。来源: 流感（季节性）.docx
2026-05-05 15:32:45,532 - app.core.rag - WARNING - 知识片段清洗后为空，已跳过。来源: 流感（季节性）.docx
2026-05-05 15:32:45,533 - app.core.rag - WARNING - 知识片段清洗后为空，已跳过。来源: 狂犬病.docx
2026-05-05 15:32:45,533 - app.core.rag - WARNING - 知识片段清洗后为空，已跳过。来源: 狂犬病.docx
2026-05-05 15:32:45,533 - app.core.rag - WARNING - 知识片段清洗后为空，已跳过。来源: 狂犬病.docx
2026-05-05 15:32:45,533 - app.core.rag - WARNING - 知识片段清洗后为空，已跳过。来源: 狂犬病.docx
2026-05-05 15:32:45,533 - app.core.rag - WARNING - 知识片段清洗后为空，已跳过。来源: 理财规划行业报告2024.docx
2026-05-05 15:32:45,534 - app.core.rag - WARNING - 知识片段清洗后为空，已跳过。来源: 理财规划行业报告2024.docx
2026-05-05 15:32:45,534 - app.core.rag - WARNING - 知识片段清洗后为空，已跳过。来源: 理财规划行业报告2024.docx
2026-05-05 15:32:45,534 - app.core.rag - WARNING - 知识片段清洗后为空，已跳过。来源: 理财规划行业报告2024.docx
2026-05-05 15:32:45,534 - app.core.rag - WARNING - 知识片段清洗后为空，已跳过。来源: 禁止童工的条款.docx
2026-05-05 15:32:45,534 - app.core.rag - WARNING - 知识片段清洗后为空，已跳过。来源: 禁止童工的条款.docx
2026-05-05 15:32:45,535 - app.core.rag - WARNING - 知识片段清洗后为空，已跳过。来源: 禁止童工的条款.docx
2026-05-05 15:32:45,535 - app.core.rag - WARNING - 知识片段清洗后为空，已跳过。来源: 科技人力资源报告2023..docx
2026-05-05 15:32:45,535 - app.core.rag - WARNING - 知识片段清洗后为空，已跳过。来源: 科技人力资源报告2023..docx
2026-05-05 15:32:45,535 - app.core.rag - WARNING - 知识片段清洗后为空，已跳过。来源: 科技咨询服务规范2023国标.docx
2026-05-05 15:32:45,535 - app.core.rag - WARNING - 知识片段清洗后为空，已跳过。来源: 科技咨询服务规范2023国标.docx
2026-05-05 15:32:45,536 - app.core.rag - WARNING - 知识片段清洗后为空，已跳过。来源: 科技咨询服务规范2023国标.docx
2026-05-05 15:32:45,536 - app.core.rag - WARNING - 知识片段清洗后为空，已跳过。来源: 科技服务业发展报告2024.docx
2026-05-05 15:32:45,536 - app.core.rag - WARNING - 知识片段清洗后为空，已跳过。来源: 糖尿病.docx
2026-05-05 15:32:45,536 - app.core.rag - WARNING - 知识片段清洗后为空，已跳过。来源: 糖尿病.docx
2026-05-05 15:32:45,536 - app.core.rag - WARNING - 知识片段清洗后为空，已跳过。来源: 糖尿病.docx
2026-05-05 15:32:45,536 - app.core.rag - WARNING - 知识片段清洗后为空，已跳过。来源: 职场心理健康.docx
2026-05-05 15:32:45,536 - app.core.rag - WARNING - 知识片段清洗后为空，已跳过。来源: 职场心理健康.docx
2026-05-05 15:32:45,536 - app.core.rag - WARNING - 知识片段清洗后为空，已跳过。来源: 职场心理健康.docx
2026-05-05 15:32:45,536 - app.core.rag - WARNING - 知识片段清洗后为空，已跳过。来源: 腰痛.docx
2026-05-05 15:32:45,537 - app.core.rag - WARNING - 知识片段清洗后为空，已跳过。来源: 腰痛.docx
2026-05-05 15:32:45,537 - app.core.rag - WARNING - 知识片段清洗后为空，已跳过。来源: 腰痛.docx
2026-05-05 15:32:45,537 - app.core.rag - WARNING - 知识片段清洗后为空，已跳过。来源: 自闭症.docx
2026-05-05 15:32:45,537 - app.core.rag - WARNING - 知识片段清洗后为空，已跳过。来源: 自闭症.docx
2026-05-05 15:32:45,537 - app.core.rag - WARNING - 知识片段清洗后为空，已跳过。来源: 自闭症.docx
2026-05-05 15:32:45,538 - app.core.rag - WARNING - 知识片段清洗后为空，已跳过。来源: 虚拟朋友.docx
2026-05-05 15:32:45,538 - app.core.rag - WARNING - 知识片段清洗后为空，已跳过。来源: 虚拟朋友.docx
2026-05-05 15:32:45,538 - app.core.rag - WARNING - 知识片段清洗后为空，已跳过。来源: 虚拟朋友.docx
2026-05-05 15:32:45,538 - app.core.rag - WARNING - 知识片段清洗后为空，已跳过。来源: 虚拟朋友.docx
2026-05-05 15:32:45,538 - app.core.rag - WARNING - 知识片段清洗后为空，已跳过。来源: 证券分析师执业行为规范.docx
2026-05-05 15:32:45,539 - app.core.rag - WARNING - 知识片段清洗后为空，已跳过。来源: 证券分析师执业行为规范.docx
2026-05-05 15:32:45,539 - app.core.rag - WARNING - 知识片段清洗后为空，已跳过。来源: 证券分析师执业行为规范.docx
2026-05-05 15:32:45,539 - app.core.rag - WARNING - 知识片段清洗后为空，已跳过。来源: 证券投资顾问业务暂行规定.docx
2026-05-05 15:32:45,539 - app.core.rag - WARNING - 知识片段清洗后为空，已跳过。来源: 证券投资顾问业务暂行规定.docx
2026-05-05 15:32:45,539 - app.core.rag - WARNING - 知识片段清洗后为空，已跳过。来源: 证券投资顾问业务暂行规定.docx
2026-05-05 15:32:45,539 - app.core.rag - WARNING - 知识片段清洗后为空，已跳过。来源: 证券行业发展报告2023.docx
2026-05-05 15:32:45,539 - app.core.rag - WARNING - 知识片段清洗后为空，已跳过。来源: 证券行业发展报告2023.docx
2026-05-05 15:32:45,539 - app.core.rag - WARNING - 知识片段清洗后为空，已跳过。来源: 财富管理白皮书2024.docx
2026-05-05 15:32:45,539 - app.core.rag - WARNING - 知识片段清洗后为空，已跳过。来源: 财富管理白皮书2024.docx
2026-05-05 15:32:45,541 - app.core.rag - WARNING - 知识片段清洗后为空，已跳过。来源: 财富管理白皮书2024.docx
2026-05-05 15:32:45,541 - app.core.rag - WARNING - 知识片段清洗后为空，已跳过。来源: 财富管理白皮书2024.docx
2026-05-05 15:32:45,541 - app.core.rag - WARNING - 知识片段清洗后为空，已跳过。来源: 贫血.docx
2026-05-05 15:32:45,541 - app.core.rag - WARNING - 知识片段清洗后为空，已跳过。来源: 贫血.docx
2026-05-05 15:32:45,541 - app.core.rag - WARNING - 知识片段清洗后为空，已跳过。来源: 贫血.docx
2026-05-05 15:32:45,542 - app.core.rag - WARNING - 知识片段清洗后为空，已跳过。来源: 内置兜底知识
2026-05-05 15:32:45,543 - app.core.rag - WARNING - 知识片段清洗后为空，已跳过。来源: 内置兜底知识
2026-05-05 15:32:45,543 - app.core.rag - WARNING - 知识片段清洗后为空，已跳过。来源: 内置兜底知识
2026-05-05 15:32:45,543 - app.core.rag - WARNING - 知识片段清洗后为空，已跳过。来源: 内置兜底知识
2026-05-05 15:32:45,543 - app.core.rag - WARNING - 知识片段清洗后为空，已跳过。来源: 内置兜底知识
2026-05-05 15:32:45,543 - app.core.rag - WARNING - 知识片段清洗后为空，已跳过。来源: 内置兜底知识
2026-05-05 15:32:45,543 - app.core.rag - WARNING - 知识片段清洗后为空，已跳过。来源: 内置兜底知识
2026-05-05 15:32:45,543 - app.core.rag - WARNING - 知识片段清洗后为空，已跳过。来源: 内置兜底知识
2026-05-05 15:32:45,544 - app.core.rag - WARNING - 知识片段清洗后为空，已跳过。来源: 内置兜底知识
2026-05-05 15:32:45,544 - app.core.rag - WARNING - 知识片段清洗后为空，已跳过。来源: 内置兜底知识
2026-05-05 15:32:45,544 - app.core.rag - WARNING - 知识片段清洗后为空，已跳过。来源: 内置兜底知识
2026-05-05 15:32:45,544 - app.core.rag - WARNING - 知识片段清洗后为空，已跳过。来源: 内置兜底知识
2026-05-05 15:32:45,546 - app.core.rag - WARNING - 知识片段清洗后为空，已跳过。来源: 内置兜底知识
2026-05-05 15:32:45,546 - app.core.rag - WARNING - 知识库缓存为空，无法初始化 BM25 索引
2026-05-05 15:32:45,546 - app.core.rag - INFO - 知识库初始化完成: {'total': 37, 'processed': 0, 'failed': 0, 'from_cache': True, 'role_counts': {'1': 0, '2': 0, '3': 0, '4': 0, '5': 0, '6': 0, '7': 0, '8': 0, '9': 0}, 'processed_files': [], 'failed_files': []}
2026-05-05 16:11:09,709 - sentence_transformers.SentenceTransformer - INFO - Load pretrained SentenceTransformer: C:\Users\freedom\Desktop\专业\模型\bge-base-zh-v1.5
2026-05-05 16:11:10,435 - sentence_transformers.SentenceTransformer - INFO - Use pytorch device_name: cpu
2026-05-05 16:11:10,440 - app.core.rag - INFO - 成功初始化向量化模型
2026-05-05 16:11:12,298 - sentence_transformers.cross_encoder.CrossEncoder - INFO - Use pytorch device: cpu
2026-05-05 16:11:12,299 - app.core.rag - INFO - 成功初始化CrossEncoder重排序模型
2026-05-05 16:11:12,299 - app.core.rag - INFO - 成功初始化在线大模型
2026-05-05 16:11:12,299 - app.core.rag - INFO - 成功初始化大模型
2026-05-05 16:11:12,299 - app.core.rag - INFO - 知识库目录: C:\Users\freedom\Desktop\多角色聊天机器人\app\knowledge\data
2026-05-05 16:11:12,781 - app.core.rag - INFO - 开始构建 BM25 索引...
2026-05-05 16:11:12,781 - jieba - DEBUG - Building prefix dict from the default dictionary ...
2026-05-05 16:11:12,781 - jieba - DEBUG - Loading model from cache C:\Users\freedom\AppData\Local\Temp\jieba.cache
2026-05-05 16:11:13,456 - jieba - DEBUG - Loading model cost 0.674 seconds.
2026-05-05 16:11:13,456 - jieba - DEBUG - Prefix dict has been built successfully.
2026-05-05 16:11:14,626 - app.core.rag - INFO - BM25 索引构建完成，语料库大小: 473
2026-05-05 16:11:14,627 - app.core.rag - INFO - 知识库初始化完成: {'total': 37, 'processed': 0, 'failed': 0, 'from_cache': True, 'role_counts': {'1': 85, '2': 172, '3': 25, '4': 0, '5': 165, '6': 8, '7': 0, '8': 4, '9': 10}, 'processed_files': [], 'failed_files': []}
2026-05-05 16:12:09,878 - sentence_transformers.SentenceTransformer - INFO - Load pretrained SentenceTransformer: C:\Users\freedom\Desktop\专业\模型\bge-base-zh-v1.5
2026-05-05 16:12:10,607 - sentence_transformers.SentenceTransformer - INFO - Use pytorch device_name: cpu
2026-05-05 16:12:10,611 - app.core.rag - INFO - 成功初始化向量化模型
2026-05-05 16:12:12,261 - sentence_transformers.cross_encoder.CrossEncoder - INFO - Use pytorch device: cpu
2026-05-05 16:12:12,263 - app.core.rag - INFO - 成功初始化CrossEncoder重排序模型
2026-05-05 16:12:12,263 - app.core.rag - INFO - 成功初始化在线大模型
2026-05-05 16:12:12,263 - app.core.rag - INFO - 成功初始化大模型
2026-05-05 16:12:12,263 - app.core.rag - INFO - 知识库目录: C:\Users\freedom\Desktop\多角色聊天机器人\app\knowledge\data
2026-05-05 16:12:12,740 - app.core.rag - INFO - 开始构建 BM25 索引...
2026-05-05 16:12:12,740 - jieba - DEBUG - Building prefix dict from the default dictionary ...
2026-05-05 16:12:12,741 - jieba - DEBUG - Loading model from cache C:\Users\freedom\AppData\Local\Temp\jieba.cache
2026-05-05 16:12:13,435 - jieba - DEBUG - Loading model cost 0.694 seconds.
2026-05-05 16:12:13,436 - jieba - DEBUG - Prefix dict has been built successfully.
2026-05-05 16:12:14,634 - app.core.rag - INFO - BM25 索引构建完成，语料库大小: 473
2026-05-05 16:12:14,635 - app.core.rag - INFO - 知识库初始化完成: {'total': 37, 'processed': 0, 'failed': 0, 'from_cache': True, 'role_counts': {'1': 85, '2': 172, '3': 25, '4': 0, '5': 165, '6': 8, '7': 0, '8': 4, '9': 10}, 'processed_files': [], 'failed_files': []}
2026-05-05 16:12:33,661 - sentence_transformers.SentenceTransformer - INFO - Load pretrained SentenceTransformer: C:\Users\freedom\Desktop\专业\模型\bge-base-zh-v1.5
2026-05-05 16:12:34,356 - sentence_transformers.SentenceTransformer - INFO - Use pytorch device_name: cpu
2026-05-05 16:12:34,361 - app.core.rag - INFO - 成功初始化向量化模型
2026-05-05 16:12:36,507 - sentence_transformers.cross_encoder.CrossEncoder - INFO - Use pytorch device: cpu
2026-05-05 16:12:36,507 - app.core.rag - INFO - 成功初始化CrossEncoder重排序模型
2026-05-05 16:12:36,508 - app.core.rag - INFO - 成功初始化在线大模型
2026-05-05 16:12:36,508 - app.core.rag - INFO - 成功初始化大模型
2026-05-05 16:12:36,509 - app.core.rag - INFO - 知识库目录: C:\Users\freedom\Desktop\多角色聊天机器人\app\knowledge\data
2026-05-05 16:12:37,057 - app.core.rag - INFO - 开始构建 BM25 索引...
2026-05-05 16:12:37,057 - jieba - DEBUG - Building prefix dict from the default dictionary ...
2026-05-05 16:12:37,058 - jieba - DEBUG - Loading model from cache C:\Users\freedom\AppData\Local\Temp\jieba.cache
2026-05-05 16:12:37,970 - jieba - DEBUG - Loading model cost 0.912 seconds.
2026-05-05 16:12:37,971 - jieba - DEBUG - Prefix dict has been built successfully.
2026-05-05 16:12:39,208 - app.core.rag - INFO - BM25 索引构建完成，语料库大小: 473
2026-05-05 16:12:39,209 - app.core.rag - INFO - 知识库初始化完成: {'total': 37, 'processed': 0, 'failed': 0, 'from_cache': True, 'role_counts': {'1': 85, '2': 172, '3': 25, '4': 0, '5': 165, '6': 8, '7': 0, '8': 4, '9': 10}, 'processed_files': [], 'failed_files': []}
2026-05-05 16:13:20,135 - sentence_transformers.SentenceTransformer - INFO - Load pretrained SentenceTransformer: C:\Users\freedom\Desktop\专业\模型\bge-base-zh-v1.5
2026-05-05 16:13:20,964 - sentence_transformers.SentenceTransformer - INFO - Use pytorch device_name: cpu
2026-05-05 16:13:20,969 - app.core.rag - INFO - 成功初始化向量化模型
2026-05-05 16:13:23,932 - sentence_transformers.cross_encoder.CrossEncoder - INFO - Use pytorch device: cpu
2026-05-05 16:13:23,933 - app.core.rag - INFO - 成功初始化CrossEncoder重排序模型
2026-05-05 16:13:23,933 - app.core.rag - INFO - 成功初始化在线大模型
2026-05-05 16:13:23,933 - app.core.rag - INFO - 成功初始化大模型
2026-05-05 16:13:23,934 - app.core.rag - INFO - 知识库目录: C:\Users\freedom\Desktop\多角色聊天机器人\app\knowledge\data
2026-05-05 16:13:24,373 - app.core.rag - INFO - 开始构建 BM25 索引...
2026-05-05 16:13:24,373 - jieba - DEBUG - Building prefix dict from the default dictionary ...
2026-05-05 16:13:24,373 - jieba - DEBUG - Loading model from cache C:\Users\freedom\AppData\Local\Temp\jieba.cache
2026-05-05 16:13:25,021 - jieba - DEBUG - Loading model cost 0.648 seconds.
2026-05-05 16:13:25,021 - jieba - DEBUG - Prefix dict has been built successfully.
2026-05-05 16:13:26,131 - app.core.rag - INFO - BM25 索引构建完成，语料库大小: 473
2026-05-05 16:13:26,131 - app.core.rag - INFO - 知识库初始化完成: {'total': 37, 'processed': 0, 'failed': 0, 'from_cache': True, 'role_counts': {'1': 85, '2': 172, '3': 25, '4': 0, '5': 165, '6': 8, '7': 0, '8': 4, '9': 10}, 'processed_files': [], 'failed_files': []}
2026-05-05 16:14:49,271 - app.core.rag - INFO - 成功初始化向量化模型
2026-05-05 16:14:51,274 - app.core.rag - INFO - 成功初始化CrossEncoder重排序模型
2026-05-05 16:14:51,274 - app.core.rag - INFO - 成功初始化在线大模型
2026-05-05 16:14:51,275 - app.core.rag - INFO - 成功初始化大模型
2026-05-05 16:14:51,275 - app.core.rag - INFO - 知识库目录: C:\Users\freedom\Desktop\多角色聊天机器人\app\knowledge\data
2026-05-05 16:14:51,733 - app.core.rag - INFO - 开始构建 BM25 索引...
2026-05-05 16:14:53,559 - app.core.rag - INFO - BM25 索引构建完成，语料库大小: 473
2026-05-05 16:14:53,561 - app.core.rag - INFO - 知识库初始化完成: {'total': 37, 'processed': 0, 'failed': 0, 'from_cache': True, 'role_counts': {'1': 85, '2': 172, '3': 25, '4': 0, '5': 165, '6': 8, '7': 0, '8': 4, '9': 10}, 'processed_files': [], 'failed_files': []}
2026-05-05 16:15:14,315 - app.core.rag - INFO - 成功初始化向量化模型
2026-05-05 16:15:15,979 - app.core.rag - INFO - 成功初始化CrossEncoder重排序模型
2026-05-05 16:15:15,981 - app.core.rag - INFO - 成功初始化在线大模型
2026-05-05 16:15:15,981 - app.core.rag - INFO - 成功初始化大模型
2026-05-05 16:15:15,981 - app.core.rag - INFO - 知识库目录: C:\Users\freedom\Desktop\多角色聊天机器人\app\knowledge\data
2026-05-05 16:15:22,709 - app.core.rag - INFO - 开始构建 BM25 索引...
2026-05-05 16:15:24,701 - app.core.rag - INFO - BM25 索引构建完成，语料库大小: 478
2026-05-05 16:15:24,702 - app.core.rag - INFO - 知识库初始化完成: {'total': 37, 'processed': 32, 'failed': 0, 'processed_files': ['中华人民共和国国务院组织法.docx', '中华人民共和国妇女权益保护法.docx', '中华人民共和国宪法.docx', '中华人民共和国工会法.docx', '中华人民共和国未成年人保护法.docx', '中华人民共和国民法典_20200528.docx', '中华全国律师协会律师执业行为规范（2024 修订）.docx', '乳腺癌.docx', '哮喘.docx', '商业银行理财管理办法2024.docx', '国家基层高血压防治管理手册2025版.pdf', '天体物理学.docx', '失明与视力受损.docx', '心理健康.docx', '心理治疗规范 （2013年版）.pdf', '流感（季节性）.docx', '狂犬病.docx', '理财规划行业报告2024.docx', '禁止童工的条款.docx', '科技人力资源报告2023..docx', '科技咨询服务规范2023国标.docx', '科技服务业发展报告2024.docx', '糖尿病.docx', '职场心理健康.docx', '腰痛.docx', '自闭症.docx', '虚拟朋友.docx', '证券分析师执业行为规范.docx', '证券投资顾问业务暂行规定.docx', '证券行业发展报告2023.docx', '财富管理白皮书2024.docx', '贫血.docx'], 'failed_files': [], 'skipped': 5, 'skipped_files': [{'file': '义务教育数学课程标准（2022年版）.20220428160938.pdf', 'reason': '扫描版PDF已跳过：安装 Tesseract OCR + chi_sim，并设置 PDF_ENABLE_OCR=1 后可导入全文', 'role_ids': [4]}, {'file': '义务教育英语课程标准（2022年版）.20220428160837.pdf', 'reason': '扫描版PDF已跳过：安装 Tesseract OCR + chi_sim，并设置 PDF_ENABLE_OCR=1 后可导入全文', 'role_ids': [4, 7]}, {'file': '义务教育语文课程标准（2022年版）.20220428161048.pdf', 'reason': '扫描版PDF已跳过：安装 Tesseract OCR + chi_sim，并设置 PDF_ENABLE_OCR=1 后可导入全文', 'role_ids': [4]}, {'file': '义务教育课程方案（2022年版）.20220428161149.pdf', 'reason': '扫描版PDF已跳过：安装 Tesseract OCR + chi_sim，并设置 PDF_ENABLE_OCR=1 后可导入全文', 'role_ids': [4]}, {'file': '英语课程标准.pdf', 'reason': '扫描版PDF已跳过：安装 Tesseract OCR + chi_sim，并设置 PDF_ENABLE_OCR=1 后可导入全文', 'role_ids': [4, 7]}]}
2026-05-05 16:16:24,649 - app.core.rag - INFO - 成功初始化向量化模型
2026-05-05 16:16:26,582 - app.core.rag - INFO - 成功初始化CrossEncoder重排序模型
2026-05-05 16:16:26,582 - app.core.rag - INFO - 成功初始化在线大模型
2026-05-05 16:16:26,583 - app.core.rag - INFO - 成功初始化大模型
2026-05-05 16:16:26,583 - app.core.rag - INFO - 知识库目录: C:\Users\freedom\Desktop\多角色聊天机器人\app\knowledge\data
2026-05-05 16:16:27,047 - app.core.rag - INFO - 开始构建 BM25 索引...
2026-05-05 16:16:28,901 - app.core.rag - INFO - BM25 索引构建完成，语料库大小: 473
2026-05-05 16:16:28,901 - app.core.rag - INFO - 知识库初始化完成: {'total': 37, 'processed': 0, 'failed': 0, 'from_cache': True, 'role_counts': {'1': 85, '2': 172, '3': 25, '4': 0, '5': 165, '6': 8, '7': 0, '8': 4, '9': 10}, 'processed_files': [], 'failed_files': []}
2026-05-05 16:18:01,895 - app.core.rag - INFO - 成功初始化向量化模型
2026-05-05 16:18:03,851 - app.core.rag - INFO - 成功初始化CrossEncoder重排序模型
2026-05-05 16:18:03,851 - app.core.rag - INFO - 成功初始化在线大模型
2026-05-05 16:18:03,851 - app.core.rag - INFO - 成功初始化大模型
2026-05-05 16:18:03,853 - app.core.rag - INFO - 知识库目录: C:\Users\freedom\Desktop\多角色聊天机器人\app\knowledge\data
2026-05-05 16:18:04,303 - app.core.rag - INFO - 开始构建 BM25 索引...
2026-05-05 16:18:06,181 - app.core.rag - INFO - BM25 索引构建完成，语料库大小: 473
2026-05-05 16:18:06,182 - app.core.rag - INFO - 知识库初始化完成: {'total': 37, 'processed': 0, 'failed': 0, 'from_cache': True, 'role_counts': {'1': 85, '2': 172, '3': 25, '4': 0, '5': 165, '6': 8, '7': 0, '8': 4, '9': 10}, 'processed_files': [], 'failed_files': [], 'skipped': 0, 'skipped_files': []}
2026-05-05 16:18:20,633 - app.core.rag - INFO - 成功初始化向量化模型
2026-05-05 16:18:23,779 - app.core.rag - INFO - 成功初始化CrossEncoder重排序模型
2026-05-05 16:18:23,779 - app.core.rag - INFO - 成功初始化在线大模型
2026-05-05 16:18:23,779 - app.core.rag - INFO - 成功初始化大模型
2026-05-05 16:18:23,779 - app.core.rag - INFO - 知识库目录: C:\Users\freedom\Desktop\多角色聊天机器人\app\knowledge\data
2026-05-05 16:18:24,221 - app.core.rag - INFO - 开始构建 BM25 索引...
2026-05-05 16:18:25,960 - app.core.rag - INFO - BM25 索引构建完成，语料库大小: 473
2026-05-05 16:18:25,960 - app.core.rag - INFO - 知识库初始化完成: {'total': 37, 'processed': 0, 'failed': 0, 'from_cache': True, 'role_counts': {'1': 85, '2': 172, '3': 25, '4': 0, '5': 165, '6': 8, '7': 0, '8': 4, '9': 10}, 'processed_files': [], 'failed_files': [], 'skipped': 0, 'skipped_files': []}
2026-05-05 16:19:26,299 - app.core.rag - INFO - 鎴愬姛鍒濆鍖栧悜閲忓寲妯″瀷
2026-05-05 16:19:28,507 - app.core.rag - INFO - 鎴愬姛鍒濆鍖朇rossEncoder閲嶆帓搴忔ā鍨�
2026-05-05 16:19:28,508 - app.core.rag - INFO - 鎴愬姛鍒濆鍖栧湪绾垮ぇ妯″瀷
2026-05-05 16:19:28,508 - app.core.rag - INFO - 鎴愬姛鍒濆鍖栧ぇ妯″瀷
2026-05-05 16:19:28,508 - app.core.rag - INFO - 鐭ヨ瘑搴撶洰褰�: C:\Users\freedom\Desktop\澶氳鑹茶亰澶╂満鍣ㄤ汉\app\knowledge\data
2026-05-05 16:19:28,939 - app.core.rag - INFO - 寮�濮嬫瀯寤� BM25 绱㈠紩...
2026-05-05 16:19:30,753 - app.core.rag - INFO - BM25 绱㈠紩鏋勫缓瀹屾垚锛岃鏂欏簱澶у皬: 473
2026-05-05 16:19:30,754 - app.core.rag - INFO - 鐭ヨ瘑搴撳垵濮嬪寲瀹屾垚: {'total': 37, 'processed': 0, 'failed': 0, 'from_cache': True, 'role_counts': {'1': 85, '2': 172, '3': 25, '4': 0, '5': 165, '6': 8, '7': 0, '8': 4, '9': 10}, 'processed_files': [], 'failed_files': [], 'skipped': 0, 'skipped_files': []}
2026-05-05 16:20:03,969 - app.core.rag - INFO - 鎴愬姛鍒濆鍖栧悜閲忓寲妯″瀷
2026-05-05 16:20:06,409 - app.core.rag - INFO - 鎴愬姛鍒濆鍖朇rossEncoder閲嶆帓搴忔ā鍨�
2026-05-05 16:20:06,410 - app.core.rag - INFO - 鎴愬姛鍒濆鍖栧湪绾垮ぇ妯″瀷
2026-05-05 16:20:06,410 - app.core.rag - INFO - 鎴愬姛鍒濆鍖栧ぇ妯″瀷
2026-05-05 16:20:06,410 - app.core.rag - INFO - 鐭ヨ瘑搴撶洰褰�: C:\Users\freedom\Desktop\澶氳鑹茶亰澶╂満鍣ㄤ汉\app\knowledge\data
2026-05-05 16:20:06,855 - app.core.rag - INFO - 寮�濮嬫瀯寤� BM25 绱㈠紩...
2026-05-05 16:20:08,699 - app.core.rag - INFO - BM25 绱㈠紩鏋勫缓瀹屾垚锛岃鏂欏簱澶у皬: 478
2026-05-05 16:20:08,699 - app.core.rag - INFO - 鐭ヨ瘑搴撳垵濮嬪寲瀹屾垚: {'total': 37, 'processed': 0, 'failed': 0, 'from_cache': True, 'role_counts': {'1': 85, '2': 172, '3': 25, '4': 0, '5': 165, '6': 8, '7': 0, '8': 4, '9': 10}, 'processed_files': [], 'failed_files': [], 'skipped': 5, 'skipped_files': [{'file': '涔夊姟鏁欒偛鏁板璇剧▼鏍囧噯锛�2022骞寸増锛�.20220428160938.pdf', 'reason': '鎵弿鐗圥DF宸茶烦杩囷細瀹夎 Tesseract OCR + chi_sim锛屽苟璁剧疆 PDF_ENABLE_OCR=1 鍚庡彲瀵煎叆鍏ㄦ枃', 'role_ids': [4]}, {'file': '涔夊姟鏁欒偛鑻辫璇剧▼鏍囧噯锛�2022骞寸増锛�.20220428160837.pdf', 'reason': '鎵弿鐗圥DF宸茶烦杩囷細瀹夎 Tesseract OCR + chi_sim锛屽苟璁剧疆 PDF_ENABLE_OCR=1 鍚庡彲瀵煎叆鍏ㄦ枃', 'role_ids': [4, 7]}, {'file': '涔夊姟鏁欒偛璇枃璇剧▼鏍囧噯锛�2022骞寸増锛�.20220428161048.pdf', 'reason': '鎵弿鐗圥DF宸茶烦杩囷細瀹夎 Tesseract OCR + chi_sim锛屽苟璁剧疆 PDF_ENABLE_OCR=1 鍚庡彲瀵煎叆鍏ㄦ枃', 'role_ids': [4]}, {'file': '涔夊姟鏁欒偛璇剧▼鏂规锛�2022骞寸増锛�.20220428161149.pdf', 'reason': '鎵弿鐗圥DF宸茶烦杩囷細瀹夎 Tesseract OCR + chi_sim锛屽苟璁剧疆 PDF_ENABLE_OCR=1 鍚庡彲瀵煎叆鍏ㄦ枃', 'role_ids': [4]}, {'file': '鑻辫璇剧▼鏍囧噯.pdf', 'reason': '鎵弿鐗圥DF宸茶烦杩囷細瀹夎 Tesseract OCR + chi_sim锛屽苟璁剧疆 PDF_ENABLE_OCR=1 鍚庡彲瀵煎叆鍏ㄦ枃', 'role_ids': [4, 7]}]}
2026-05-05 19:30:30,650 - app.core.rag - INFO - 鎴愬姛鍒濆鍖栧悜閲忓寲妯″瀷
2026-05-05 19:30:32,809 - app.core.rag - INFO - 鎴愬姛鍒濆鍖朇rossEncoder閲嶆帓搴忔ā鍨�
2026-05-05 19:30:32,809 - app.core.rag - INFO - 鎴愬姛鍒濆鍖栧湪绾垮ぇ妯″瀷
2026-05-05 19:30:32,809 - app.core.rag - INFO - 鎴愬姛鍒濆鍖栧ぇ妯″瀷
2026-05-05 19:30:32,809 - app.core.rag - INFO - 鐭ヨ瘑搴撶洰褰�: C:\Users\freedom\Desktop\澶氳鑹茶亰澶╂満鍣ㄤ汉\app\knowledge\data
2026-05-05 19:56:38,082 - app.core.rag - INFO - 寮�濮嬫瀯寤� BM25 绱㈠紩...
2026-05-05 19:56:40,663 - app.core.rag - INFO - BM25 绱㈠紩鏋勫缓瀹屾垚锛岃鏂欏簱澶у皬: 862
2026-05-05 19:56:40,663 - app.core.rag - INFO - 鐭ヨ瘑搴撳垵濮嬪寲瀹屾垚: {'total': 37, 'processed': 37, 'failed': 0, 'processed_files': ['涓崕浜烘皯鍏卞拰鍥藉浗鍔￠櫌缁勭粐娉�.docx', '涓崕浜烘皯鍏卞拰鍥藉濂虫潈鐩婁繚鎶ゆ硶.docx', '涓崕浜烘皯鍏卞拰鍥藉娉�.docx', '涓崕浜烘皯鍏卞拰鍥藉伐浼氭硶.docx', '涓崕浜烘皯鍏卞拰鍥芥湭鎴愬勾浜轰繚鎶ゆ硶.docx', '涓崕浜烘皯鍏卞拰鍥芥皯娉曞吀_20200528.docx', '涓崕鍏ㄥ浗寰嬪笀鍗忎細寰嬪笀鎵т笟琛屼负瑙勮寖锛�2024 淇锛�.docx', '涔夊姟鏁欒偛鏁板璇剧▼鏍囧噯锛�2022骞寸増锛�.20220428160938.pdf', '涔夊姟鏁欒偛鑻辫璇剧▼鏍囧噯锛�2022骞寸増锛�.20220428160837.pdf', '涔夊姟鏁欒偛璇枃璇剧▼鏍囧噯锛�2022骞寸増锛�.20220428161048.pdf', '涔夊姟鏁欒偛璇剧▼鏂规锛�2022骞寸増锛�.20220428161149.pdf', '涔宠吅鐧�.docx', '鍝枠.docx', '鍟嗕笟閾惰鐞嗚储绠＄悊鍔炴硶2024.docx', '鍥藉鍩哄眰楂樿鍘嬮槻娌荤鐞嗘墜鍐�2025鐗�.pdf', '澶╀綋鐗╃悊瀛�.docx', '澶辨槑涓庤鍔涘彈鎹�.docx', '蹇冪悊鍋ュ悍.docx', '蹇冪悊娌荤枟瑙勮寖 锛�2013骞寸増锛�.pdf', '娴佹劅锛堝鑺傛�э級.docx', '鐙傜姮鐥�.docx', '鐞嗚储瑙勫垝琛屼笟鎶ュ憡2024.docx', '绂佹绔ュ伐鐨勬潯娆�.docx', '绉戞妧浜哄姏璧勬簮鎶ュ憡2023..docx', '绉戞妧鍜ㄨ鏈嶅姟瑙勮寖2023鍥芥爣.docx', '绉戞妧鏈嶅姟涓氬彂灞曟姤鍛�2024.docx', '绯栧翱鐥�.docx', '鑱屽満蹇冪悊鍋ュ悍.docx', '鑵扮棝.docx', '鑷棴鐥�.docx', '鑻辫璇剧▼鏍囧噯.pdf', '铏氭嫙鏈嬪弸.docx', '璇佸埜鍒嗘瀽甯堟墽涓氳涓鸿鑼�.docx', '璇佸埜鎶曡祫椤鹃棶涓氬姟鏆傝瑙勫畾.docx', '璇佸埜琛屼笟鍙戝睍鎶ュ憡2023.docx', '璐㈠瘜绠＄悊鐧界毊涔�2024.docx', '璐.docx'], 'failed_files': [], 'skipped': 0, 'skipped_files': []}
2026-05-05 19:57:34,549 - app.core.rag - INFO - 鎴愬姛鍒濆鍖栧悜閲忓寲妯″瀷
2026-05-05 19:57:36,411 - app.core.rag - INFO - 鎴愬姛鍒濆鍖朇rossEncoder閲嶆帓搴忔ā鍨�
2026-05-05 19:57:36,411 - app.core.rag - INFO - 鎴愬姛鍒濆鍖栧湪绾垮ぇ妯″瀷
2026-05-05 19:57:36,411 - app.core.rag - INFO - 鎴愬姛鍒濆鍖栧ぇ妯″瀷
2026-05-05 19:57:36,411 - app.core.rag - INFO - 鐭ヨ瘑搴撶洰褰�: C:\Users\freedom\Desktop\澶氳鑹茶亰澶╂満鍣ㄤ汉\app\knowledge\data
2026-05-05 19:57:36,904 - app.core.rag - INFO - 寮�濮嬫瀯寤� BM25 绱㈠紩...
2026-05-05 19:57:39,421 - app.core.rag - INFO - BM25 绱㈠紩鏋勫缓瀹屾垚锛岃鏂欏簱澶у皬: 862
2026-05-05 19:57:39,422 - app.core.rag - INFO - 鐭ヨ瘑搴撳垵濮嬪寲瀹屾垚: {'total': 37, 'processed': 0, 'failed': 0, 'from_cache': True, 'role_counts': {'1': 85, '2': 172, '3': 25, '4': 389, '5': 165, '6': 8, '7': 156, '8': 4, '9': 10}, 'processed_files': [], 'failed_files': [], 'skipped': 0, 'skipped_files': []}
2026-05-05 19:59:44,082 - app.core.rag - INFO - 鎴愬姛鍒濆鍖栧悜閲忓寲妯″瀷
2026-05-05 19:59:45,629 - app.core.rag - INFO - 鎴愬姛鍒濆鍖朇rossEncoder閲嶆帓搴忔ā鍨�
2026-05-05 19:59:45,629 - app.core.rag - INFO - 鎴愬姛鍒濆鍖栧湪绾垮ぇ妯″瀷
2026-05-05 19:59:45,629 - app.core.rag - INFO - 鎴愬姛鍒濆鍖栧ぇ妯″瀷
2026-05-05 19:59:45,630 - app.core.rag - INFO - 鐭ヨ瘑搴撶洰褰�: C:\Users\freedom\Desktop\澶氳鑹茶亰澶╂満鍣ㄤ汉\app\knowledge\data
2026-05-05 19:59:46,119 - app.core.rag - INFO - 寮�濮嬫瀯寤� BM25 绱㈠紩...
2026-05-05 19:59:48,674 - app.core.rag - INFO - BM25 绱㈠紩鏋勫缓瀹屾垚锛岃鏂欏簱澶у皬: 862
2026-05-05 19:59:48,674 - app.core.rag - INFO - 鐭ヨ瘑搴撳垵濮嬪寲瀹屾垚: {'total': 37, 'processed': 0, 'failed': 0, 'from_cache': True, 'role_counts': {'1': 85, '2': 172, '3': 25, '4': 389, '5': 165, '6': 8, '7': 156, '8': 4, '9': 10}, 'processed_files': [], 'failed_files': [], 'skipped': 0, 'skipped_files': []}
2026-05-05 20:23:49,753 - app.core.rag - INFO - 鎴愬姛鍒濆鍖栧悜閲忓寲妯″瀷
2026-05-05 20:23:51,665 - app.core.rag - INFO - 鎴愬姛鍒濆鍖朇rossEncoder閲嶆帓搴忔ā鍨�
2026-05-05 20:23:51,666 - app.core.rag - INFO - 鎴愬姛鍒濆鍖栧湪绾垮ぇ妯″瀷
2026-05-05 20:23:51,666 - app.core.rag - INFO - 鎴愬姛鍒濆鍖栧ぇ妯″瀷
2026-05-05 20:23:51,666 - app.core.rag - INFO - 鐭ヨ瘑搴撶洰褰�: C:\Users\freedom\Desktop\澶氳鑹茶亰澶╂満鍣ㄤ汉\app\knowledge\data
2026-05-05 20:23:52,158 - app.core.rag - INFO - 寮�濮嬫瀯寤� BM25 绱㈠紩...
2026-05-05 20:23:54,719 - app.core.rag - INFO - BM25 绱㈠紩鏋勫缓瀹屾垚锛岃鏂欏簱澶у皬: 862
2026-05-05 20:23:54,719 - app.core.rag - INFO - 鐭ヨ瘑搴撳垵濮嬪寲瀹屾垚: {'total': 37, 'processed': 0, 'failed': 0, 'from_cache': True, 'role_counts': {'1': 85, '2': 172, '3': 25, '4': 389, '5': 165, '6': 8, '7': 156, '8': 4, '9': 10}, 'processed_files': [], 'failed_files': [], 'skipped': 0, 'skipped_files': []}
2026-05-05 20:24:08,516 - app.core.rag - INFO - RAG 璺敱: role_id=1, query='楂樿鍘嬭娉ㄦ剰浠�涔堬紵', knowledge_hits=5
2026-05-05 20:24:21,547 - app.core.rag - INFO - RAG 璺敱: role_id=2, query='姘戞硶鍏哥1043鏉℃槸浠�涔堬紵', knowledge_hits=5
2026-05-05 20:24:34,062 - app.core.rag - INFO - RAG 璺敱: role_id=4, query='浠�涔堟槸鍥犳潗鏂芥暀锛�', knowledge_hits=4
2026-05-05 20:24:44,388 - app.core.rag - INFO - RAG 璺敱: role_id=7, query='鐜板湪杩涜鏃舵�庝箞鐢紵', knowledge_hits=0
2026-05-05 20:25:52,512 - app.core.rag - INFO - RAG 璺敱: role_id=1, query='楂樿鍘嬭娉ㄦ剰浠�涔堬紵', knowledge_hits=5
2026-05-05 20:26:03,310 - app.core.rag - INFO - RAG 璺敱: role_id=1, query='琚嫍鍜簡鎬庝箞鍔烇紵', knowledge_hits=4
2026-05-05 20:26:13,809 - app.core.rag - INFO - RAG 璺敱: role_id=1, query='绯栧翱鐥呮�庝箞棰勯槻锛�', knowledge_hits=5
2026-05-05 20:26:22,637 - app.core.rag - INFO - RAG 璺敱: role_id=2, query='姘戞硶鍏哥1043鏉℃槸浠�涔堬紵', knowledge_hits=5
2026-05-05 20:26:33,418 - app.core.rag - INFO - RAG 璺敱: role_id=2, query='浠�涔堟槸鍚堝悓锛�', knowledge_hits=5
2026-05-05 20:26:46,840 - app.core.rag - INFO - RAG 璺敱: role_id=3, query='鐒﹁檻鎬庝箞鍔烇紵', knowledge_hits=5
2026-05-05 20:26:51,947 - app.core.rag - INFO - RAG 璺敱: role_id=4, query='浠�涔堟槸鍥犳潗鏂芥暀锛�', knowledge_hits=4
2026-05-05 20:27:02,711 - app.core.rag - INFO - RAG 璺敱: role_id=5, query='浠�涔堟槸绉戝鏂规硶锛�', knowledge_hits=5
2026-05-05 20:27:16,842 - app.core.rag - INFO - RAG 璺敱: role_id=7, query='鐜板湪杩涜鏃舵�庝箞鐢紵', knowledge_hits=0
2026-05-05 20:27:31,034 - app.core.rag - ERROR - 鍦ㄧ嚎澶фā鍨嬬敓鎴愬け璐ワ紝浣跨敤鏈湴鍏滃簳鍥炵瓟: HTTPSConnectionPool(host='api.deepseek.com', port=443): Read timed out.
2026-05-05 20:28:45,375 - app.core.rag - INFO - RAG 璺敱: role_id=1, query='楂樿鍘嬭娉ㄦ剰浠�涔堬紵', knowledge_hits=5
2026-05-05 20:28:55,866 - app.core.rag - INFO - RAG 璺敱: role_id=1, query='琚嫍鍜簡鎬庝箞鍔烇紵', knowledge_hits=4
2026-05-05 20:29:06,156 - app.core.rag - INFO - RAG 璺敱: role_id=1, query='绯栧翱鐥呮�庝箞棰勯槻锛�', knowledge_hits=5
2026-05-05 20:29:14,400 - app.core.rag - INFO - RAG 璺敱: role_id=2, query='姘戞硶鍏哥1043鏉℃槸浠�涔堬紵', knowledge_hits=5
2026-05-05 20:29:26,295 - app.core.rag - INFO - RAG 璺敱: role_id=4, query='浠�涔堟槸鍥犳潗鏂芥暀锛�', knowledge_hits=4
2026-05-05 20:29:37,209 - app.core.rag - INFO - RAG 璺敱: role_id=5, query='浠�涔堟槸绉戝鏂规硶锛�', knowledge_hits=5
2026-05-05 20:29:49,632 - app.core.rag - INFO - RAG 璺敱: role_id=7, query='鐜板湪杩涜鏃舵�庝箞鐢紵', knowledge_hits=0
2026-05-05 20:35:18,976 - app.core.rag - INFO - RAG 璺敱: role_id=1, query='楂樿鍘嬭娉ㄦ剰浠�涔堬紵', knowledge_hits=5
2026-05-05 20:35:30,955 - app.core.rag - INFO - RAG 璺敱: role_id=1, query='琚嫍鍜簡鎬庝箞鍔烇紵', knowledge_hits=4
2026-05-05 20:35:40,592 - app.core.rag - INFO - RAG 璺敱: role_id=1, query='绯栧翱鐥呮�庝箞棰勯槻锛�', knowledge_hits=5
2026-05-05 20:35:49,425 - app.core.rag - INFO - RAG 璺敱: role_id=2, query='姘戞硶鍏哥1043鏉℃槸浠�涔堬紵', knowledge_hits=5
2026-05-05 20:36:02,850 - app.core.rag - INFO - RAG 璺敱: role_id=4, query='浠�涔堟槸鍥犳潗鏂芥暀锛�', knowledge_hits=4
2026-05-05 20:36:14,092 - app.core.rag - INFO - RAG 璺敱: role_id=5, query='浠�涔堟槸绉戝鏂规硶锛�', knowledge_hits=5
2026-05-05 20:37:03,673 - app.core.rag - INFO - RAG: role_id=1, query=楂樿鍘嬭娉ㄦ剰浠�涔堬紵..., hits=3
2026-05-05 20:37:09,610 - app.core.rag - INFO - RAG: role_id=1, query=琚嫍鍜簡鎬庝箞鍔烇紵..., hits=3
2026-05-05 20:37:15,160 - app.core.rag - INFO - RAG: role_id=1, query=绯栧翱鐥呮�庝箞棰勯槻锛�..., hits=3
2026-05-05 20:37:20,827 - app.core.rag - INFO - RAG: role_id=2, query=姘戞硶鍏哥1043鏉℃槸浠�涔堬紵..., hits=3
2026-05-05 20:37:26,984 - app.core.rag - INFO - RAG: role_id=4, query=浠�涔堟槸鍥犳潗鏂芥暀锛�..., hits=3
2026-05-05 20:37:32,842 - app.core.rag - INFO - RAG: role_id=5, query=浠�涔堟槸绉戝鏂规硶锛�..., hits=3
2026-05-05 20:37:37,614 - app.core.rag - INFO - RAG: role_id=7, query=鐜板湪杩涜鏃舵�庝箞鐢紵..., hits=0
2026-05-06 10:32:36,657 - httpx - INFO - HTTP Request: POST http://testserver/api/user/login "HTTP/1.1 200 OK"
2026-05-06 10:32:36,934 - httpx - INFO - HTTP Request: GET http://testserver/api/admin/statistics "HTTP/1.1 200 OK"
2026-05-06 10:32:37,288 - httpx - INFO - HTTP Request: GET http://testserver/api/admin/users?skip=0&limit=20 "HTTP/1.1 200 OK"
2026-05-06 10:32:37,335 - httpx - INFO - HTTP Request: GET http://testserver/api/admin/conversations?skip=0&limit=20 "HTTP/1.1 200 OK"
2026-05-06 10:32:37,512 - httpx - INFO - HTTP Request: GET http://testserver/api/admin/knowledge/statistics "HTTP/1.1 200 OK"
2026-05-06 10:32:37,719 - httpx - INFO - HTTP Request: GET http://testserver/api/role/list "HTTP/1.1 200 OK"
2026-05-06 15:27:52,697 - httpx - INFO - HTTP Request: POST http://testserver/api/user/register "HTTP/1.1 200 OK"
2026-05-06 15:27:52,894 - httpx - INFO - HTTP Request: POST http://testserver/api/user/register "HTTP/1.1 200 OK"
2026-05-06 15:27:53,043 - httpx - INFO - HTTP Request: POST http://testserver/api/user/login "HTTP/1.1 200 OK"
2026-05-06 15:27:53,116 - httpx - INFO - HTTP Request: GET http://testserver/api/role/list "HTTP/1.1 200 OK"
2026-05-06 15:27:53,120 - httpx - INFO - HTTP Request: POST http://testserver/api/chat "HTTP/1.1 307 Temporary Redirect"
2026-05-06 15:27:53,160 - httpx - INFO - HTTP Request: POST http://testserver/api/chat/ "HTTP/1.1 200 OK"
2026-05-06 15:27:53,175 - app.core.rag - INFO - BM25绱㈠紩鏋勫缓瀹屾垚: 13鏉�
2026-05-06 15:27:53,176 - httpx - INFO - HTTP Request: POST http://testserver/api/knowledge/add "HTTP/1.1 200 OK"
2026-05-06 15:27:53,185 - app.core.rag - INFO - BM25绱㈠紩鏋勫缓瀹屾垚: 14鏉�
2026-05-06 15:27:53,186 - httpx - INFO - HTTP Request: POST http://testserver/api/knowledge/update "HTTP/1.1 200 OK"
2026-05-06 15:32:23,498 - httpx - INFO - HTTP Request: POST http://testserver/api/user/register "HTTP/1.1 200 OK"
2026-05-06 15:32:23,687 - httpx - INFO - HTTP Request: POST http://testserver/api/user/register "HTTP/1.1 200 OK"
2026-05-06 15:32:23,893 - httpx - INFO - HTTP Request: POST http://testserver/api/user/login "HTTP/1.1 200 OK"
2026-05-06 15:32:23,910 - httpx - INFO - HTTP Request: GET http://testserver/api/role/list "HTTP/1.1 200 OK"
2026-05-06 15:32:23,935 - httpx - INFO - HTTP Request: POST http://testserver/api/chat "HTTP/1.1 307 Temporary Redirect"
2026-05-06 15:32:23,972 - httpx - INFO - HTTP Request: POST http://testserver/api/chat/ "HTTP/1.1 200 OK"
2026-05-06 15:32:23,980 - app.core.rag - INFO - BM25绱㈠紩鏋勫缓瀹屾垚: 13鏉�
2026-05-06 15:32:23,981 - httpx - INFO - HTTP Request: POST http://testserver/api/knowledge/add "HTTP/1.1 200 OK"
2026-05-06 15:32:24,039 - app.core.rag - INFO - BM25绱㈠紩鏋勫缓瀹屾垚: 14鏉�
2026-05-06 15:32:24,041 - httpx - INFO - HTTP Request: POST http://testserver/api/knowledge/update "HTTP/1.1 200 OK"
2026-05-06 15:32:24,045 - httpx - INFO - HTTP Request: POST http://testserver/api/chat/stream "HTTP/1.1 200 OK"
2026-05-06 15:32:24,079 - httpx - INFO - HTTP Request: POST http://testserver/api/chat "HTTP/1.1 307 Temporary Redirect"
2026-05-06 15:32:24,085 - httpx - INFO - HTTP Request: POST http://testserver/api/chat/ "HTTP/1.1 200 OK"
2026-05-06 15:38:06,765 - httpx - INFO - HTTP Request: POST http://testserver/api/user/register "HTTP/1.1 200 OK"
2026-05-06 15:38:07,187 - httpx - INFO - HTTP Request: POST http://testserver/api/user/register "HTTP/1.1 200 OK"
2026-05-06 15:38:07,561 - httpx - INFO - HTTP Request: POST http://testserver/api/user/login "HTTP/1.1 200 OK"
2026-05-06 15:38:07,592 - httpx - INFO - HTTP Request: GET http://testserver/api/role/list "HTTP/1.1 200 OK"
2026-05-06 15:38:07,603 - httpx - INFO - HTTP Request: POST http://testserver/api/chat "HTTP/1.1 307 Temporary Redirect"
2026-05-06 15:38:07,648 - httpx - INFO - HTTP Request: POST http://testserver/api/chat/ "HTTP/1.1 200 OK"
2026-05-06 15:38:07,664 - app.core.rag - INFO - BM25绱㈠紩鏋勫缓瀹屾垚: 13鏉�
2026-05-06 15:38:07,667 - httpx - INFO - HTTP Request: POST http://testserver/api/knowledge/add "HTTP/1.1 200 OK"
2026-05-06 15:38:07,800 - app.core.rag - INFO - BM25绱㈠紩鏋勫缓瀹屾垚: 14鏉�
2026-05-06 15:38:07,804 - httpx - INFO - HTTP Request: POST http://testserver/api/knowledge/update "HTTP/1.1 200 OK"
2026-05-06 15:38:07,817 - httpx - INFO - HTTP Request: POST http://testserver/api/chat/stream "HTTP/1.1 200 OK"
2026-05-06 15:38:07,831 - httpx - INFO - HTTP Request: POST http://testserver/api/chat "HTTP/1.1 307 Temporary Redirect"
2026-05-06 15:38:07,839 - httpx - INFO - HTTP Request: POST http://testserver/api/chat/ "HTTP/1.1 200 OK"
2026-05-06 18:56:49,913 - httpx - INFO - HTTP Request: POST http://testserver/api/user/register "HTTP/1.1 200 OK"
2026-05-06 18:56:50,110 - httpx - INFO - HTTP Request: POST http://testserver/api/user/register "HTTP/1.1 200 OK"
2026-05-06 18:56:50,314 - httpx - INFO - HTTP Request: POST http://testserver/api/user/login "HTTP/1.1 200 OK"
2026-05-06 18:56:50,332 - httpx - INFO - HTTP Request: GET http://testserver/api/role/list "HTTP/1.1 200 OK"
2026-05-06 18:56:50,337 - httpx - INFO - HTTP Request: POST http://testserver/api/chat "HTTP/1.1 307 Temporary Redirect"
2026-05-06 20:20:49,807 - app.core.rag - INFO - 鍚戦噺鍖栨ā鍨嬪垵濮嬪寲鎴愬姛
2026-05-06 20:25:15,903 - app.core.rag - INFO - 鍚戦噺鍖栨ā鍨嬪垵濮嬪寲鎴愬姛
2026-05-06 20:31:01,331 - app.core.rag - INFO - 鍚戦噺鍖栨ā鍨嬪垵濮嬪寲鎴愬姛
2026-05-06 20:42:47,381 - app.core.rag - INFO - 鍚戦噺鍖栨ā鍨嬪垵濮嬪寲鎴愬姛
2026-05-06 21:00:16,320 - app.core.rag - INFO - 鍚戦噺鍖栨ā鍨嬪垵濮嬪寲鎴愬姛
2026-05-06 21:15:17,098 - app.core.rag - INFO - 鍚戦噺鍖栨ā鍨嬪垵濮嬪寲鎴愬姛
2026-05-06 21:29:50,937 - app.core.rag - INFO - 鍚戦噺鍖栨ā鍨嬪垵濮嬪寲鎴愬姛
2026-05-06 21:35:26,589 - app.core.rag - INFO - 鍚戦噺鍖栨ā鍨嬪垵濮嬪寲鎴愬姛
2026-05-06 21:52:24,142 - httpx - INFO - HTTP Request: POST http://testserver/api/user/register "HTTP/1.1 200 OK"
2026-05-06 21:52:24,335 - httpx - INFO - HTTP Request: POST http://testserver/api/user/register "HTTP/1.1 200 OK"
2026-05-06 21:52:24,543 - httpx - INFO - HTTP Request: POST http://testserver/api/user/login "HTTP/1.1 200 OK"
2026-05-06 21:52:24,560 - httpx - INFO - HTTP Request: GET http://testserver/api/role/list "HTTP/1.1 200 OK"
2026-05-06 21:52:24,564 - httpx - INFO - HTTP Request: POST http://testserver/api/chat "HTTP/1.1 307 Temporary Redirect"
2026-05-06 21:52:38,901 - httpx - INFO - HTTP Request: POST http://testserver/api/chat/ "HTTP/1.1 200 OK"
2026-05-06 21:52:39,014 - app.core.rag - INFO - BM25绱㈠紩鏋勫缓瀹屾垚: 865鏉�
2026-05-06 21:52:39,015 - httpx - INFO - HTTP Request: POST http://testserver/api/knowledge/add "HTTP/1.1 200 OK"
2026-05-06 21:52:39,117 - app.core.rag - INFO - BM25绱㈠紩鏋勫缓瀹屾垚: 866鏉�
2026-05-06 21:52:39,119 - httpx - INFO - HTTP Request: POST http://testserver/api/knowledge/update "HTTP/1.1 200 OK"
2026-05-06 21:52:44,944 - httpx - INFO - HTTP Request: POST http://testserver/api/chat/stream "HTTP/1.1 200 OK"
2026-05-06 21:52:44,955 - httpx - INFO - HTTP Request: POST http://testserver/api/chat "HTTP/1.1 307 Temporary Redirect"
2026-05-06 21:52:44,979 - httpx - INFO - HTTP Request: POST http://testserver/api/chat/ "HTTP/1.1 200 OK"
2026-05-06 21:55:53,151 - httpx - INFO - HTTP Request: POST http://testserver/api/user/register "HTTP/1.1 200 OK"
2026-05-06 21:55:53,343 - httpx - INFO - HTTP Request: POST http://testserver/api/user/register "HTTP/1.1 200 OK"
2026-05-06 21:55:53,546 - httpx - INFO - HTTP Request: POST http://testserver/api/user/login "HTTP/1.1 200 OK"
2026-05-06 21:55:53,582 - httpx - INFO - HTTP Request: GET http://testserver/api/role/list "HTTP/1.1 200 OK"
2026-05-06 21:55:53,587 - httpx - INFO - HTTP Request: POST http://testserver/api/chat "HTTP/1.1 307 Temporary Redirect"
2026-05-06 21:56:08,684 - httpx - INFO - HTTP Request: POST http://testserver/api/chat/ "HTTP/1.1 200 OK"
2026-05-06 21:56:08,803 - app.core.rag - INFO - BM25绱㈠紩鏋勫缓瀹屾垚: 865鏉�
2026-05-06 21:56:08,805 - httpx - INFO - HTTP Request: POST http://testserver/api/knowledge/add "HTTP/1.1 200 OK"
2026-05-06 21:56:08,908 - app.core.rag - INFO - BM25绱㈠紩鏋勫缓瀹屾垚: 866鏉�
2026-05-06 21:56:08,911 - httpx - INFO - HTTP Request: POST http://testserver/api/knowledge/update "HTTP/1.1 200 OK"
2026-05-06 21:56:08,920 - httpx - INFO - HTTP Request: POST http://testserver/api/chat/stream "HTTP/1.1 200 OK"
2026-05-06 21:56:08,926 - httpx - INFO - HTTP Request: POST http://testserver/api/chat "HTTP/1.1 307 Temporary Redirect"
2026-05-06 21:56:08,932 - httpx - INFO - HTTP Request: POST http://testserver/api/chat/ "HTTP/1.1 200 OK"
2026-05-06 21:56:59,697 - app.core.rag - INFO - 鍚戦噺鍖栨ā鍨嬪垵濮嬪寲鎴愬姛
2026-05-06 22:04:10,748 - app.core.rag - INFO - 鍚戦噺鍖栨ā鍨嬪垵濮嬪寲鎴愬姛
2026-05-07 08:17:20,655 - app.core.rag - INFO - 鍚戦噺鍖栨ā鍨嬪垵濮嬪寲鎴愬姛
2026-05-07 08:17:43,764 - app.core.rag - INFO - 鍚戦噺鍖栨ā鍨嬪垵濮嬪寲鎴愬姛
2026-05-07 08:30:41,094 - app.core.rag - INFO - 鍚戦噺鍖栨ā鍨嬪垵濮嬪寲鎴愬姛
2026-05-07 08:34:30,838 - app.core.rag - INFO - 鍚戦噺鍖栨ā鍨嬪垵濮嬪寲鎴愬姛
2026-05-07 08:41:15 | INFO     | root | logging.py:64 | setup_logging() | 鏃ュ織绯荤粺鍒濆鍖栧畬鎴愶紝鏃ュ織鏂囦欢: logs\app.log, 閿欒鏃ュ織: logs\error.log
2026-05-07 08:41:15 | WARNING  | py.warnings | warnings.py:112 | _showwarnmsg() | C:\Users\freedom\Desktop\澶氳鑹茶亰澶╂満鍣ㄤ汉\main.py:60: DeprecationWarning: 
        on_event is deprecated, use lifespan event handlers instead.

        Read more about it in the
        [FastAPI docs for Lifespan Events](https://fastapi.tiangolo.com/advanced/events/).
        
  @app.on_event("startup")

2026-05-07 08:41:15 | WARNING  | py.warnings | warnings.py:112 | _showwarnmsg() | C:\Users\freedom\Desktop\澶氳鑹茶亰澶╂満鍣ㄤ汉\.venv\Lib\site-packages\fastapi\applications.py:4547: DeprecationWarning: 
        on_event is deprecated, use lifespan event handlers instead.

        Read more about it in the
        [FastAPI docs for Lifespan Events](https://fastapi.tiangolo.com/advanced/events/).
        
  return self.router.on_event(event_type)

2026-05-07 08:41:48 | INFO     | root | logging.py:64 | setup_logging() | 鏃ュ織绯荤粺鍒濆鍖栧畬鎴愶紝鏃ュ織鏂囦欢: logs\app.log, 閿欒鏃ュ織: logs\error.log
2026-05-07 08:41:48 | INFO     | uvicorn.error | server.py:76 | serve() | Started server process [23144]
2026-05-07 08:41:48 | INFO     | uvicorn.error | on.py:46 | startup() | Waiting for application startup.
2026-05-07 08:41:48 | INFO     | main | main.py:63 | startup_event() | 搴旂敤鍚姩鍒濆鍖栧紑濮�
2026-05-07 08:41:52 | INFO     | app.core.rag | rag.py:198 | init_embedding_model() | 鍚戦噺鍖栨ā鍨嬪垵濮嬪寲鎴愬姛
2026-05-07 08:41:54 | INFO     | main | main.py:76 | startup_event() | 鏁版嵁搴撹〃妫�鏌ュ畬鎴�
2026-05-07 08:41:54 | INFO     | main | main.py:79 | startup_event() | 搴旂敤鍚姩鍒濆鍖栧畬鎴�
2026-05-07 08:41:54 | INFO     | uvicorn.error | on.py:60 | startup() | Application startup complete.
2026-05-07 08:41:54 | INFO     | uvicorn.error | server.py:218 | _log_started_message() | Uvicorn running on http://127.0.0.1:8080 (Press CTRL+C to quit)
2026-05-07 08:42:09 | INFO     | uvicorn.access | httptools_impl.py:496 | send() | 127.0.0.1:51727 - "GET /health HTTP/1.1" 200
2026-05-07 08:42:31 | INFO     | uvicorn.access | httptools_impl.py:496 | send() | 127.0.0.1:50493 - "GET /health HTTP/1.1" 200
2026-05-07 08:58:48 | INFO     | root | logging.py:64 | setup_logging() | 鏃ュ織绯荤粺鍒濆鍖栧畬鎴愶紝鏃ュ織鏂囦欢: logs\app.log, 閿欒鏃ュ織: logs\error.log
2026-05-07 08:58:48 | WARNING  | py.warnings | warnings.py:112 | _showwarnmsg() | C:\Users\freedom\Desktop\澶氳鑹茶亰澶╂満鍣ㄤ汉\main.py:60: DeprecationWarning: 
        on_event is deprecated, use lifespan event handlers instead.

        Read more about it in the
        [FastAPI docs for Lifespan Events](https://fastapi.tiangolo.com/advanced/events/).
        
  @app.on_event("startup")

2026-05-07 08:58:48 | INFO     | __main__ | main.py:63 | startup_event() | 搴旂敤鍚姩鍒濆鍖栧紑濮�
2026-05-07 08:58:51 | INFO     | app.core.rag | rag.py:198 | init_embedding_model() | 鍚戦噺鍖栨ā鍨嬪垵濮嬪寲鎴愬姛
2026-05-07 08:58:53 | INFO     | __main__ | main.py:76 | startup_event() | 鏁版嵁搴撹〃妫�鏌ュ畬鎴�
2026-05-07 08:58:53 | INFO     | __main__ | main.py:79 | startup_event() | 搴旂敤鍚姩鍒濆鍖栧畬鎴�
2026-05-07 09:11:49 | INFO     | root | logging.py:64 | setup_logging() | 鏃ュ織绯荤粺鍒濆鍖栧畬鎴愶紝鏃ュ織鏂囦欢: logs\app.log, 閿欒鏃ュ織: logs\error.log
2026-05-07 09:11:49 | WARNING  | py.warnings | warnings.py:112 | _showwarnmsg() | C:\Users\freedom\Desktop\澶氳鑹茶亰澶╂満鍣ㄤ汉\main.py:60: DeprecationWarning: 
        on_event is deprecated, use lifespan event handlers instead.

        Read more about it in the
        [FastAPI docs for Lifespan Events](https://fastapi.tiangolo.com/advanced/events/).
        
  @app.on_event("startup")

2026-05-07 09:11:49 | INFO     | __main__ | main.py:63 | startup_event() | 搴旂敤鍚姩鍒濆鍖栧紑濮�
2026-05-07 09:11:51 | INFO     | app.core.rag | rag.py:198 | init_embedding_model() | 鍚戦噺鍖栨ā鍨嬪垵濮嬪寲鎴愬姛
2026-05-07 09:11:53 | INFO     | __main__ | main.py:76 | startup_event() | 鏁版嵁搴撹〃妫�鏌ュ畬鎴�
2026-05-07 09:11:53 | INFO     | __main__ | main.py:79 | startup_event() | 搴旂敤鍚姩鍒濆鍖栧畬鎴�
2026-05-07 10:18:21 | INFO     | root | logging.py:66 | setup_logging() | 鏃ュ織绯荤粺鍒濆鍖栧畬鎴愶紝鏃ュ織鏂囦欢: logs\app.log, 閿欒鏃ュ織: logs\error.log
2026-05-07 10:18:21 | WARNING  | py.warnings | warnings.py:112 | _showwarnmsg() | C:\Users\freedom\Desktop\澶氳鑹茶亰澶╂満鍣ㄤ汉\main.py:62: DeprecationWarning: 
        on_event is deprecated, use lifespan event handlers instead.

        Read more about it in the
        [FastAPI docs for Lifespan Events](https://fastapi.tiangolo.com/advanced/events/).
        
  @app.on_event("startup")

2026-05-07 10:18:21 | WARNING  | py.warnings | warnings.py:112 | _showwarnmsg() | C:\Users\freedom\Desktop\澶氳鑹茶亰澶╂満鍣ㄤ汉\.venv\Lib\site-packages\fastapi\applications.py:4547: DeprecationWarning: 
        on_event is deprecated, use lifespan event handlers instead.

        Read more about it in the
        [FastAPI docs for Lifespan Events](https://fastapi.tiangolo.com/advanced/events/).
        
  return self.router.on_event(event_type)

2026-05-07 10:19:35 | INFO     | root | logging.py:66 | setup_logging() | 鏃ュ織绯荤粺鍒濆鍖栧畬鎴愶紝鏃ュ織鏂囦欢: logs\app.log, 閿欒鏃ュ織: logs\error.log
2026-05-07 10:19:35 | INFO     | uvicorn.error | server.py:76 | serve() | Started server process [7956]
2026-05-07 10:19:35 | INFO     | uvicorn.error | on.py:46 | startup() | Waiting for application startup.
2026-05-07 10:19:35 | INFO     | main | main.py:65 | startup_event() | 搴旂敤鍚姩鍒濆鍖栧紑濮�
2026-05-07 10:19:39 | INFO     | app.core.rag | rag.py:199 | init_embedding_model() | 鍚戦噺鍖栨ā鍨嬪垵濮嬪寲鎴愬姛
2026-05-07 10:19:43 | INFO     | main | main.py:78 | startup_event() | 鏁版嵁搴撹〃妫�鏌ュ畬鎴�
2026-05-07 10:19:43 | INFO     | main | main.py:81 | startup_event() | 搴旂敤鍚姩鍒濆鍖栧畬鎴�
2026-05-07 10:19:43 | INFO     | uvicorn.error | on.py:60 | startup() | Application startup complete.
2026-05-07 10:19:43 | INFO     | uvicorn.error | server.py:218 | _log_started_message() | Uvicorn running on http://127.0.0.1:8080 (Press CTRL+C to quit)
2026-05-07 10:19:44 | INFO     | uvicorn.access | httptools_impl.py:496 | send() | 127.0.0.1:58059 - "GET /health HTTP/1.1" 200
2026-05-07 10:20:12 | INFO     | uvicorn.access | httptools_impl.py:496 | send() | 127.0.0.1:58077 - "GET /health HTTP/1.1" 200
2026-05-07 10:20:39 | INFO     | root | logging.py:66 | setup_logging() | 鏃ュ織绯荤粺鍒濆鍖栧畬鎴愶紝鏃ュ織鏂囦欢: logs\app.log, 閿欒鏃ュ織: logs\error.log
2026-05-07 10:20:39 | ERROR    | traceback_test | logging.py:79 | log_exception() | traceback鏍煎紡楠岃瘉 | scene='manual_test'
鎶ラ敊鍘熷洜: ZeroDivisionError: division by zero
Traceback:
Traceback (most recent call last):
  File "<string>", line 3, in <module>
ZeroDivisionError: division by zero

2026-05-07 10:28:02 | INFO     | root | logging.py:66 | setup_logging() | 鏃ュ織绯荤粺鍒濆鍖栧畬鎴愶紝鏃ュ織鏂囦欢: logs\app.log, 閿欒鏃ュ織: logs\error.log
2026-05-07 10:28:02 | WARNING  | py.warnings | warnings.py:112 | _showwarnmsg() | C:\Users\freedom\Desktop\澶氳鑹茶亰澶╂満鍣ㄤ汉\main.py:65: DeprecationWarning: 
        on_event is deprecated, use lifespan event handlers instead.

        Read more about it in the
        [FastAPI docs for Lifespan Events](https://fastapi.tiangolo.com/advanced/events/).
        
  @app.on_event("startup")

2026-05-07 10:28:02 | WARNING  | py.warnings | warnings.py:112 | _showwarnmsg() | C:\Users\freedom\Desktop\澶氳鑹茶亰澶╂満鍣ㄤ汉\.venv\Lib\site-packages\fastapi\applications.py:4547: DeprecationWarning: 
        on_event is deprecated, use lifespan event handlers instead.

        Read more about it in the
        [FastAPI docs for Lifespan Events](https://fastapi.tiangolo.com/advanced/events/).
        
  return self.router.on_event(event_type)

2026-05-07 10:28:59 | INFO     | root | logging.py:66 | setup_logging() | 鏃ュ織绯荤粺鍒濆鍖栧畬鎴愶紝鏃ュ織鏂囦欢: logs\app.log, 閿欒鏃ュ織: logs\error.log
2026-05-07 10:28:59 | INFO     | uvicorn.error | server.py:76 | serve() | Started server process [23580]
2026-05-07 10:28:59 | INFO     | uvicorn.error | on.py:46 | startup() | Waiting for application startup.
2026-05-07 10:28:59 | INFO     | main | main.py:68 | startup_event() | 搴旂敤鍚姩鍒濆鍖栧紑濮�
2026-05-07 10:29:02 | INFO     | app.core.rag | rag.py:199 | init_embedding_model() | 鍚戦噺鍖栨ā鍨嬪垵濮嬪寲鎴愬姛
2026-05-07 10:29:04 | INFO     | main | main.py:81 | startup_event() | 鏁版嵁搴撹〃妫�鏌ュ畬鎴�
2026-05-07 10:29:04 | INFO     | main | main.py:84 | startup_event() | 搴旂敤鍚姩鍒濆鍖栧畬鎴�
2026-05-07 10:29:04 | INFO     | uvicorn.error | on.py:60 | startup() | Application startup complete.
2026-05-07 10:29:04 | INFO     | uvicorn.error | server.py:218 | _log_started_message() | Uvicorn running on http://127.0.0.1:8080 (Press CTRL+C to quit)
2026-05-07 10:29:22 | INFO     | uvicorn.access | httptools_impl.py:496 | send() | 127.0.0.1:61398 - "GET /health HTTP/1.1" 200
2026-05-07 10:29:54 | INFO     | uvicorn.access | httptools_impl.py:496 | send() | 127.0.0.1:61420 - "GET / HTTP/1.1" 200
2026-05-07 10:29:54 | INFO     | uvicorn.access | httptools_impl.py:496 | send() | 127.0.0.1:61420 - "GET /login HTTP/1.1" 200
2026-05-07 10:29:54 | INFO     | uvicorn.access | httptools_impl.py:496 | send() | 127.0.0.1:61420 - "GET /admin HTTP/1.1" 200
2026-05-07 10:29:54 | INFO     | uvicorn.access | httptools_impl.py:496 | send() | 127.0.0.1:61420 - "GET /download HTTP/1.1" 200
2026-05-07 10:29:54 | INFO     | uvicorn.access | httptools_impl.py:496 | send() | 127.0.0.1:61420 - "GET /style.css HTTP/1.1" 200
2026-05-07 10:29:54 | INFO     | uvicorn.access | httptools_impl.py:496 | send() | 127.0.0.1:61420 - "GET /style.css HTTP/1.1" 200
2026-05-07 10:29:54 | INFO     | uvicorn.access | httptools_impl.py:496 | send() | 127.0.0.1:61420 - "GET /script.js HTTP/1.1" 200
2026-05-07 11:08:13 | INFO     | root | logging.py:66 | setup_logging() | 鏃ュ織绯荤粺鍒濆鍖栧畬鎴愶紝鏃ュ織鏂囦欢: logs\app.log, 閿欒鏃ュ織: logs\error.log
2026-05-07 11:08:13 | WARNING  | py.warnings | warnings.py:112 | _showwarnmsg() | C:\Users\freedom\Desktop\澶氳鑹茶亰澶╂満鍣ㄤ汉\main.py:65: DeprecationWarning: 
        on_event is deprecated, use lifespan event handlers instead.

        Read more about it in the
        [FastAPI docs for Lifespan Events](https://fastapi.tiangolo.com/advanced/events/).
        
  @app.on_event("startup")

2026-05-07 11:08:13 | WARNING  | py.warnings | warnings.py:112 | _showwarnmsg() | C:\Users\freedom\Desktop\澶氳鑹茶亰澶╂満鍣ㄤ汉\.venv\Lib\site-packages\fastapi\applications.py:4547: DeprecationWarning: 
        on_event is deprecated, use lifespan event handlers instead.

        Read more about it in the
        [FastAPI docs for Lifespan Events](https://fastapi.tiangolo.com/advanced/events/).
        
  return self.router.on_event(event_type)

2026-05-07 13:58:51 | INFO     | root | logging.py:66 | setup_logging() | 鏃ュ織绯荤粺鍒濆鍖栧畬鎴愶紝鏃ュ織鏂囦欢: logs\app.log, 閿欒鏃ュ織: logs\error.log
2026-05-07 13:58:51 | WARNING  | py.warnings | warnings.py:112 | _showwarnmsg() | C:\Users\freedom\Desktop\澶氳鑹茶亰澶╂満鍣ㄤ汉\main.py:65: DeprecationWarning: 
        on_event is deprecated, use lifespan event handlers instead.

        Read more about it in the
        [FastAPI docs for Lifespan Events](https://fastapi.tiangolo.com/advanced/events/).
        
  @app.on_event("startup")

2026-05-07 13:58:51 | INFO     | __main__ | main.py:68 | startup_event() | 搴旂敤鍚姩鍒濆鍖栧紑濮�
2026-05-07 13:58:53 | INFO     | app.core.rag | rag.py:199 | init_embedding_model() | 鍚戦噺鍖栨ā鍨嬪垵濮嬪寲鎴愬姛
2026-05-07 13:58:56 | INFO     | __main__ | main.py:81 | startup_event() | 鏁版嵁搴撹〃妫�鏌ュ畬鎴�
2026-05-07 13:58:56 | INFO     | __main__ | main.py:84 | startup_event() | 搴旂敤鍚姩鍒濆鍖栧畬鎴�
2026-05-07 13:59:23 | INFO     | root | logging.py:66 | setup_logging() | 鏃ュ織绯荤粺鍒濆鍖栧畬鎴愶紝鏃ュ織鏂囦欢: logs\app.log, 閿欒鏃ュ織: logs\error.log
2026-05-07 13:59:23 | WARNING  | py.warnings | warnings.py:112 | _showwarnmsg() | C:\Users\freedom\Desktop\澶氳鑹茶亰澶╂満鍣ㄤ汉\main.py:65: DeprecationWarning: 
        on_event is deprecated, use lifespan event handlers instead.

        Read more about it in the
        [FastAPI docs for Lifespan Events](https://fastapi.tiangolo.com/advanced/events/).
        
  @app.on_event("startup")

2026-05-07 13:59:23 | INFO     | __main__ | main.py:68 | startup_event() | 搴旂敤鍚姩鍒濆鍖栧紑濮�
2026-05-07 13:59:26 | INFO     | app.core.rag | rag.py:199 | init_embedding_model() | 鍚戦噺鍖栨ā鍨嬪垵濮嬪寲鎴愬姛
2026-05-07 13:59:28 | INFO     | __main__ | main.py:81 | startup_event() | 鏁版嵁搴撹〃妫�鏌ュ畬鎴�
2026-05-07 13:59:28 | INFO     | __main__ | main.py:84 | startup_event() | 搴旂敤鍚姩鍒濆鍖栧畬鎴�
2026-05-07 14:08:15 | INFO     | uvicorn.access | httptools_impl.py:496 | send() | 127.0.0.1:53261 - "GET /health HTTP/1.1" 200
2026-05-07 14:09:34 | INFO     | uvicorn.access | httptools_impl.py:496 | send() | 127.0.0.1:53902 - "GET /health HTTP/1.1" 200
2026-05-07 14:09:55 | INFO     | root | logging.py:66 | setup_logging() | 鏃ュ織绯荤粺鍒濆鍖栧畬鎴愶紝鏃ュ織鏂囦欢: logs\app.log, 閿欒鏃ュ織: logs\error.log
2026-05-07 14:09:55 | WARNING  | py.warnings | warnings.py:112 | _showwarnmsg() | C:\Users\freedom\Desktop\澶氳鑹茶亰澶╂満鍣ㄤ汉\main.py:65: DeprecationWarning: 
        on_event is deprecated, use lifespan event handlers instead.

        Read more about it in the
        [FastAPI docs for Lifespan Events](https://fastapi.tiangolo.com/advanced/events/).
        
  @app.on_event("startup")

2026-05-07 14:09:55 | WARNING  | py.warnings | warnings.py:112 | _showwarnmsg() | C:\Users\freedom\Desktop\澶氳鑹茶亰澶╂満鍣ㄤ汉\.venv\Lib\site-packages\fastapi\applications.py:4547: DeprecationWarning: 
        on_event is deprecated, use lifespan event handlers instead.

        Read more about it in the
        [FastAPI docs for Lifespan Events](https://fastapi.tiangolo.com/advanced/events/).
        
  return self.router.on_event(event_type)

2026-05-07 14:46:02 | INFO     | root | logging.py:66 | setup_logging() | 鏃ュ織绯荤粺鍒濆鍖栧畬鎴愶紝鏃ュ織鏂囦欢: logs\app.log, 閿欒鏃ュ織: logs\error.log
2026-05-07 14:46:02 | WARNING  | py.warnings | warnings.py:112 | _showwarnmsg() | C:\Users\freedom\Desktop\澶氳鑹茶亰澶╂満鍣ㄤ汉\main.py:65: DeprecationWarning: 
        on_event is deprecated, use lifespan event handlers instead.

        Read more about it in the
        [FastAPI docs for Lifespan Events](https://fastapi.tiangolo.com/advanced/events/).
        
  @app.on_event("startup")

2026-05-07 14:46:02 | INFO     | __main__ | main.py:68 | startup_event() | 搴旂敤鍚姩鍒濆鍖栧紑濮�
2026-05-07 14:46:05 | INFO     | app.core.rag | rag.py:199 | init_embedding_model() | 鍚戦噺鍖栨ā鍨嬪垵濮嬪寲鎴愬姛
2026-05-07 14:46:08 | INFO     | __main__ | main.py:81 | startup_event() | 鏁版嵁搴撹〃妫�鏌ュ畬鎴�
2026-05-07 14:46:08 | INFO     | __main__ | main.py:84 | startup_event() | 搴旂敤鍚姩鍒濆鍖栧畬鎴�
2026-05-07 14:49:21 | INFO     | root | logging.py:66 | setup_logging() | 鏃ュ織绯荤粺鍒濆鍖栧畬鎴愶紝鏃ュ織鏂囦欢: logs\app.log, 閿欒鏃ュ織: logs\error.log
2026-05-07 14:49:21 | WARNING  | py.warnings | warnings.py:112 | _showwarnmsg() | C:\Users\freedom\Desktop\澶氳鑹茶亰澶╂満鍣ㄤ汉\main.py:65: DeprecationWarning: 
        on_event is deprecated, use lifespan event handlers instead.

        Read more about it in the
        [FastAPI docs for Lifespan Events](https://fastapi.tiangolo.com/advanced/events/).
        
  @app.on_event("startup")

2026-05-07 14:49:21 | INFO     | __main__ | main.py:68 | startup_event() | 搴旂敤鍚姩鍒濆鍖栧紑濮�
2026-05-07 14:49:24 | INFO     | app.core.rag | rag.py:199 | init_embedding_model() | 鍚戦噺鍖栨ā鍨嬪垵濮嬪寲鎴愬姛
2026-05-07 14:49:26 | INFO     | __main__ | main.py:81 | startup_event() | 鏁版嵁搴撹〃妫�鏌ュ畬鎴�
2026-05-07 14:49:26 | INFO     | __main__ | main.py:84 | startup_event() | 搴旂敤鍚姩鍒濆鍖栧畬鎴�
2026-05-07 15:17:09 | INFO     | root | logging.py:66 | setup_logging() | 鏃ュ織绯荤粺鍒濆鍖栧畬鎴愶紝鏃ュ織鏂囦欢: logs\app.log, 閿欒鏃ュ織: logs\error.log
2026-05-07 15:17:09 | WARNING  | py.warnings | warnings.py:112 | _showwarnmsg() | C:\Users\freedom\Desktop\澶氳鑹茶亰澶╂満鍣ㄤ汉\main.py:65: DeprecationWarning: 
        on_event is deprecated, use lifespan event handlers instead.

        Read more about it in the
        [FastAPI docs for Lifespan Events](https://fastapi.tiangolo.com/advanced/events/).
        
  @app.on_event("startup")

2026-05-07 15:17:09 | WARNING  | py.warnings | warnings.py:112 | _showwarnmsg() | C:\Users\freedom\Desktop\澶氳鑹茶亰澶╂満鍣ㄤ汉\.venv\Lib\site-packages\fastapi\applications.py:4547: DeprecationWarning: 
        on_event is deprecated, use lifespan event handlers instead.

        Read more about it in the
        [FastAPI docs for Lifespan Events](https://fastapi.tiangolo.com/advanced/events/).
        
  return self.router.on_event(event_type)

2026-05-07 15:17:09 | INFO     | httpx | _client.py:1013 | _send_single_request() | HTTP Request: POST http://testserver/api/chat/stream "HTTP/1.1 200 OK"
2026-05-07 15:17:09 | INFO     | httpx | _client.py:1013 | _send_single_request() | HTTP Request: POST http://testserver/api/chat "HTTP/1.1 307 Temporary Redirect"
2026-05-07 15:17:09 | INFO     | httpx | _client.py:1013 | _send_single_request() | HTTP Request: POST http://testserver/api/chat/ "HTTP/1.1 200 OK"
2026-05-07 15:18:00 | INFO     | root | logging.py:66 | setup_logging() | 鏃ュ織绯荤粺鍒濆鍖栧畬鎴愶紝鏃ュ織鏂囦欢: logs\app.log, 閿欒鏃ュ織: logs\error.log
2026-05-07 15:18:00 | INFO     | uvicorn.error | server.py:76 | serve() | Started server process [31196]
2026-05-07 15:18:00 | INFO     | uvicorn.error | on.py:46 | startup() | Waiting for application startup.
2026-05-07 15:18:00 | INFO     | main | main.py:68 | startup_event() | 搴旂敤鍚姩鍒濆鍖栧紑濮�
2026-05-07 15:18:04 | INFO     | app.core.rag | rag.py:199 | init_embedding_model() | 鍚戦噺鍖栨ā鍨嬪垵濮嬪寲鎴愬姛
2026-05-07 15:18:06 | INFO     | main | main.py:81 | startup_event() | 鏁版嵁搴撹〃妫�鏌ュ畬鎴�
2026-05-07 15:18:06 | INFO     | main | main.py:84 | startup_event() | 搴旂敤鍚姩鍒濆鍖栧畬鎴�
2026-05-07 15:18:06 | INFO     | uvicorn.error | on.py:60 | startup() | Application startup complete.
2026-05-07 15:18:06 | ERROR    | uvicorn.error | server.py:168 | startup() | [Errno 10048] error while attempting to bind on address ('127.0.0.1', 8080): [winerror 10048] 閫氬父姣忎釜濂楁帴瀛楀湴鍧�(鍗忚/缃戠粶鍦板潃/绔彛)鍙厑璁镐娇鐢ㄤ竴娆°��
2026-05-07 15:18:06 | INFO     | uvicorn.error | on.py:65 | shutdown() | Waiting for application shutdown.
2026-05-07 15:18:06 | INFO     | uvicorn.error | on.py:76 | shutdown() | Application shutdown complete.
2026-05-07 15:18:15 | INFO     | uvicorn.access | httptools_impl.py:496 | send() | 127.0.0.1:57373 - "GET /health HTTP/1.1" 200
2026-05-07 15:18:30 | INFO     | uvicorn.access | httptools_impl.py:496 | send() | 127.0.0.1:57389 - "GET /api/role/list HTTP/1.1" 200
2026-05-07 15:18:30 | INFO     | uvicorn.access | httptools_impl.py:496 | send() | 127.0.0.1:57388 - "GET / HTTP/1.1" 200
2026-05-07 15:18:43 | INFO     | uvicorn.access | httptools_impl.py:496 | send() | 127.0.0.1:57396 - "POST /api/chat/stream HTTP/1.1" 200
2026-05-07 15:18:49 | ERROR    | app.core.rag | logging.py:79 | log_exception() | 鐭ヨ瘑搴撴绱㈠け璐� | query='楂樿鍘嬫�庝箞鍔�' role_id=1 top_k=2
鎶ラ敊鍘熷洜: TimeoutError: 
Traceback:
Traceback (most recent call last):
  File "C:\Users\freedom\Desktop\澶氳鑹茶亰澶╂満鍣ㄤ汉\app\core\rag.py", line 315, in search_knowledge
    milvus_results = future3.result(timeout=5)
                     ^^^^^^^^^^^^^^^^^^^^^^^^^
  File "D:\an1\Lib\concurrent\futures\_base.py", line 458, in result
    raise TimeoutError()
TimeoutError

2026-05-07 15:19:18 | INFO     | uvicorn.access | httptools_impl.py:496 | send() | 127.0.0.1:57419 - "POST /api/chat/stream HTTP/1.1" 200
2026-05-07 15:21:16 | INFO     | root | logging.py:66 | setup_logging() | 鏃ュ織绯荤粺鍒濆鍖栧畬鎴愶紝鏃ュ織鏂囦欢: logs\app.log, 閿欒鏃ュ織: logs\error.log
2026-05-07 15:21:16 | WARNING  | py.warnings | warnings.py:112 | _showwarnmsg() | C:\Users\freedom\Desktop\澶氳鑹茶亰澶╂満鍣ㄤ汉\main.py:65: DeprecationWarning: 
        on_event is deprecated, use lifespan event handlers instead.

        Read more about it in the
        [FastAPI docs for Lifespan Events](https://fastapi.tiangolo.com/advanced/events/).
        
  @app.on_event("startup")

2026-05-07 15:21:16 | WARNING  | py.warnings | warnings.py:112 | _showwarnmsg() | C:\Users\freedom\Desktop\澶氳鑹茶亰澶╂満鍣ㄤ汉\.venv\Lib\site-packages\fastapi\applications.py:4547: DeprecationWarning: 
        on_event is deprecated, use lifespan event handlers instead.

        Read more about it in the
        [FastAPI docs for Lifespan Events](https://fastapi.tiangolo.com/advanced/events/).
        
  return self.router.on_event(event_type)

2026-05-07 15:21:16 | INFO     | httpx | _client.py:1013 | _send_single_request() | HTTP Request: POST http://testserver/api/chat/stream "HTTP/1.1 200 OK"
2026-05-07 15:21:16 | INFO     | httpx | _client.py:1013 | _send_single_request() | HTTP Request: POST http://testserver/api/chat "HTTP/1.1 307 Temporary Redirect"
2026-05-07 15:21:16 | INFO     | httpx | _client.py:1013 | _send_single_request() | HTTP Request: POST http://testserver/api/chat/ "HTTP/1.1 200 OK"
2026-05-07 15:22:23 | INFO     | uvicorn.access | httptools_impl.py:496 | send() | 127.0.0.1:56885 - "GET / HTTP/1.1" 200
2026-05-07 15:22:23 | INFO     | uvicorn.access | httptools_impl.py:496 | send() | 127.0.0.1:56885 - "GET /api/role/list HTTP/1.1" 200
2026-05-07 15:22:23 | INFO     | uvicorn.access | httptools_impl.py:496 | send() | 127.0.0.1:60777 - "GET /favicon.ico HTTP/1.1" 200
2026-05-07 15:22:23 | INFO     | uvicorn.access | httptools_impl.py:496 | send() | 127.0.0.1:56885 - "GET /api/chat/conversations?user_id=8&role_id=1 HTTP/1.1" 200
2026-05-07 15:22:23 | INFO     | uvicorn.access | httptools_impl.py:496 | send() | 127.0.0.1:56885 - "GET /api/chat/conversations/2768/messages?user_id=8 HTTP/1.1" 200
2026-05-07 15:22:24 | INFO     | uvicorn.access | httptools_impl.py:496 | send() | 127.0.0.1:56885 - "GET /api/role/list HTTP/1.1" 200
2026-05-07 15:22:24 | INFO     | uvicorn.access | httptools_impl.py:496 | send() | 127.0.0.1:60777 - "GET /favicon.ico HTTP/1.1" 200
2026-05-07 15:22:24 | INFO     | uvicorn.access | httptools_impl.py:496 | send() | 127.0.0.1:56885 - "GET /api/chat/conversations?user_id=8&role_id=1 HTTP/1.1" 200
2026-05-07 15:22:24 | INFO     | uvicorn.access | httptools_impl.py:496 | send() | 127.0.0.1:56885 - "GET /api/chat/conversations/2768/messages?user_id=8 HTTP/1.1" 200
2026-05-07 15:22:31 | INFO     | uvicorn.access | httptools_impl.py:496 | send() | 127.0.0.1:63599 - "POST /api/chat/stream HTTP/1.1" 200
2026-05-07 15:22:37 | INFO     | uvicorn.access | httptools_impl.py:496 | send() | 127.0.0.1:63599 - "GET /api/chat/conversations?user_id=8&role_id=1 HTTP/1.1" 200
2026-05-07 15:22:43 | INFO     | uvicorn.access | httptools_impl.py:496 | send() | 127.0.0.1:55461 - "POST /api/chat/stream HTTP/1.1" 200
2026-05-07 20:07:35 | INFO     | root | logging.py:63 | setup_logging() | 鏃ュ織绯荤粺鍒濆鍖栧畬鎴愶紝鏃ュ織鏂囦欢: logs\app.log, 閿欒鏃ュ織: logs\error.log
2026-05-07 20:07:35 | WARNING  | py.warnings | warnings.py:112 | _showwarnmsg() | C:\Users\freedom\Desktop\澶氳鑹茶亰澶╂満鍣ㄤ汉\main.py:65: DeprecationWarning: 
        on_event is deprecated, use lifespan event handlers instead.

        Read more about it in the
        [FastAPI docs for Lifespan Events](https://fastapi.tiangolo.com/advanced/events/).
        
  @app.on_event("startup")

2026-05-07 20:07:35 | INFO     | __main__ | main.py:68 | startup_event() | 搴旂敤鍚姩鍒濆鍖栧紑濮�
2026-05-07 20:07:38 | INFO     | app.core.rag | rag.py:197 | init_embedding_model() | 鍚戦噺鍖栨ā鍨嬪垵濮嬪寲鎴愬姛
2026-05-07 20:07:41 | INFO     | __main__ | main.py:81 | startup_event() | 鏁版嵁搴撹〃妫�鏌ュ畬鎴�
2026-05-07 20:07:41 | INFO     | __main__ | main.py:84 | startup_event() | 搴旂敤鍚姩鍒濆鍖栧畬鎴�
2026-05-09 08:07:24 | INFO     | root | logging.py:63 | setup_logging() | 鏃ュ織绯荤粺鍒濆鍖栧畬鎴愶紝鏃ュ織鏂囦欢: logs\app.log, 閿欒鏃ュ織: logs\error.log
2026-05-09 08:07:24 | WARNING  | py.warnings | warnings.py:112 | _showwarnmsg() | C:\Users\freedom\Desktop\澶氳鑹茶亰澶╂満鍣ㄤ汉\main.py:65: DeprecationWarning: 
        on_event is deprecated, use lifespan event handlers instead.

        Read more about it in the
        [FastAPI docs for Lifespan Events](https://fastapi.tiangolo.com/advanced/events/).
        
  @app.on_event("startup")

2026-05-09 08:07:24 | INFO     | __main__ | main.py:68 | startup_event() | 搴旂敤鍚姩鍒濆鍖栧紑濮�
2026-05-09 08:07:42 | INFO     | app.core.rag | rag.py:197 | init_embedding_model() | 鍚戦噺鍖栨ā鍨嬪垵濮嬪寲鎴愬姛
2026-05-09 08:07:42 | INFO     | __main__ | main.py:81 | startup_event() | 鏁版嵁搴撹〃妫�鏌ュ畬鎴�
2026-05-09 08:07:42 | INFO     | __main__ | main.py:84 | startup_event() | 搴旂敤鍚姩鍒濆鍖栧畬鎴�
2026-05-09 08:19:38 | INFO     | root | logging.py:63 | setup_logging() | 鏃ュ織绯荤粺鍒濆鍖栧畬鎴愶紝鏃ュ織鏂囦欢: logs\app.log, 閿欒鏃ュ織: logs\error.log
2026-05-09 08:19:38 | WARNING  | py.warnings | warnings.py:112 | _showwarnmsg() | C:\Users\freedom\Desktop\澶氳鑹茶亰澶╂満鍣ㄤ汉\main.py:65: DeprecationWarning: 
        on_event is deprecated, use lifespan event handlers instead.

        Read more about it in the
        [FastAPI docs for Lifespan Events](https://fastapi.tiangolo.com/advanced/events/).
        
  @app.on_event("startup")

2026-05-09 08:19:38 | INFO     | __main__ | main.py:68 | startup_event() | 搴旂敤鍚姩鍒濆鍖栧紑濮�
2026-05-09 08:19:41 | INFO     | app.core.rag | rag.py:197 | init_embedding_model() | 鍚戦噺鍖栨ā鍨嬪垵濮嬪寲鎴愬姛
2026-05-09 08:19:43 | INFO     | __main__ | main.py:81 | startup_event() | 鏁版嵁搴撹〃妫�鏌ュ畬鎴�
2026-05-09 08:19:43 | INFO     | __main__ | main.py:84 | startup_event() | 搴旂敤鍚姩鍒濆鍖栧畬鎴�
2026-05-12 11:04:21 | INFO     | root | logging.py:63 | setup_logging() | 鏃ュ織绯荤粺鍒濆鍖栧畬鎴愶紝鏃ュ織鏂囦欢: logs\app.log, 閿欒鏃ュ織: logs\error.log
2026-05-12 11:04:21 | WARNING  | py.warnings | warnings.py:112 | _showwarnmsg() | C:\Users\freedom\Desktop\澶氳鑹茶亰澶╂満鍣ㄤ汉\main.py:65: DeprecationWarning: 
        on_event is deprecated, use lifespan event handlers instead.

        Read more about it in the
        [FastAPI docs for Lifespan Events](https://fastapi.tiangolo.com/advanced/events/).
        
  @app.on_event("startup")

2026-05-12 11:04:21 | INFO     | __main__ | main.py:68 | startup_event() | 搴旂敤鍚姩鍒濆鍖栧紑濮�
2026-05-12 11:04:39 | INFO     | app.core.rag | rag.py:197 | init_embedding_model() | 鍚戦噺鍖栨ā鍨嬪垵濮嬪寲鎴愬姛
2026-05-12 11:04:40 | INFO     | app.core.rag | rag.py:235 | init_knowledge_base() | 鐭ヨ瘑搴撳姞杞藉畬鎴愶紝鍏� 0 鏉�
2026-05-12 11:04:41 | INFO     | __main__ | main.py:81 | startup_event() | 鏁版嵁搴撹〃妫�鏌ュ畬鎴�
2026-05-12 11:04:41 | INFO     | __main__ | main.py:84 | startup_event() | 搴旂敤鍚姩鍒濆鍖栧畬鎴�
2026-05-12 11:05:10 | INFO     | root | logging.py:63 | setup_logging() | 鏃ュ織绯荤粺鍒濆鍖栧畬鎴愶紝鏃ュ織鏂囦欢: logs\app.log, 閿欒鏃ュ織: logs\error.log
2026-05-12 11:05:10 | WARNING  | py.warnings | warnings.py:112 | _showwarnmsg() | C:\Users\freedom\Desktop\澶氳鑹茶亰澶╂満鍣ㄤ汉\main.py:65: DeprecationWarning: 
        on_event is deprecated, use lifespan event handlers instead.

        Read more about it in the
        [FastAPI docs for Lifespan Events](https://fastapi.tiangolo.com/advanced/events/).
        
  @app.on_event("startup")

2026-05-12 11:05:10 | INFO     | __main__ | main.py:68 | startup_event() | 搴旂敤鍚姩鍒濆鍖栧紑濮�
2026-05-12 11:05:34 | INFO     | app.core.rag | rag.py:197 | init_embedding_model() | 鍚戦噺鍖栨ā鍨嬪垵濮嬪寲鎴愬姛
2026-05-12 11:05:35 | INFO     | app.core.rag | rag.py:235 | init_knowledge_base() | 鐭ヨ瘑搴撳姞杞藉畬鎴愶紝鍏� 0 鏉�
2026-05-12 11:05:35 | INFO     | __main__ | main.py:81 | startup_event() | 鏁版嵁搴撹〃妫�鏌ュ畬鎴�
2026-05-12 11:05:35 | INFO     | __main__ | main.py:84 | startup_event() | 搴旂敤鍚姩鍒濆鍖栧畬鎴�
2026-05-12 11:21:56 | INFO     | root | logging.py:63 | setup_logging() | 鏃ュ織绯荤粺鍒濆鍖栧畬鎴愶紝鏃ュ織鏂囦欢: logs\app.log, 閿欒鏃ュ織: logs\error.log
2026-05-12 11:21:56 | INFO     | root | logging.py:63 | setup_logging() | 鏃ュ織绯荤粺鍒濆鍖栧畬鎴愶紝鏃ュ織鏂囦欢: logs\app.log, 閿欒鏃ュ織: logs\error.log
2026-05-12 11:21:56 | INFO     | httpx | _client.py:1013 | _send_single_request() | HTTP Request: POST http://testserver/api/chat/stream "HTTP/1.1 200 OK"
2026-05-12 11:21:56 | INFO     | httpx | _client.py:1013 | _send_single_request() | HTTP Request: POST http://testserver/api/chat "HTTP/1.1 307 Temporary Redirect"
2026-05-12 11:21:56 | INFO     | httpx | _client.py:1013 | _send_single_request() | HTTP Request: POST http://testserver/api/chat/ "HTTP/1.1 404 Not Found"
2026-05-12 11:22:03 | INFO     | httpx | _client.py:1013 | _send_single_request() | HTTP Request: GET http://testserver/api/chat/conversations?user_id=1 "HTTP/1.1 200 OK"
2026-05-12 11:22:15 | INFO     | root | logging.py:63 | setup_logging() | 鏃ュ織绯荤粺鍒濆鍖栧畬鎴愶紝鏃ュ織鏂囦欢: logs\app.log, 閿欒鏃ュ織: logs\error.log
2026-05-12 11:22:15 | WARNING  | py.warnings | warnings.py:112 | _showwarnmsg() | C:\Users\freedom\Desktop\澶氳鑹茶亰澶╂満鍣ㄤ汉\main.py:65: DeprecationWarning: 
        on_event is deprecated, use lifespan event handlers instead.

        Read more about it in the
        [FastAPI docs for Lifespan Events](https://fastapi.tiangolo.com/advanced/events/).
        
  @app.on_event("startup")

2026-05-12 11:22:15 | INFO     | __main__ | main.py:68 | startup_event() | 搴旂敤鍚姩鍒濆鍖栧紑濮�
2026-05-12 11:22:17 | INFO     | app.core.rag | rag.py:197 | init_embedding_model() | 鍚戦噺鍖栨ā鍨嬪垵濮嬪寲鎴愬姛
2026-05-12 11:22:18 | INFO     | app.core.rag | rag.py:235 | init_knowledge_base() | 鐭ヨ瘑搴撳姞杞藉畬鎴愶紝鍏� 0 鏉�
2026-05-12 11:22:18 | INFO     | __main__ | main.py:81 | startup_event() | 鏁版嵁搴撹〃妫�鏌ュ畬鎴�
2026-05-12 11:22:18 | INFO     | __main__ | main.py:84 | startup_event() | 搴旂敤鍚姩鍒濆鍖栧畬鎴�
2026-05-12 11:22:46 | WARNING  | app.core.chat_context | chat_context.py:150 | _build_response_context() | 鐭ヨ瘑搴撴绱㈡棤缁撴灉 | user_id=8 | role_id=1 | query=鎴戣倸瀛愪笉鑸掓湇搴旇鎬庝箞鍔�
2026-05-12 11:22:51 | ERROR    | app.core.rag | logging.py:75 | log_exception() | 闈炴祦寮� LLM 璋冪敤澶辫触 | model='deepseek-chat' prompt_preview='浣犳槸鍖荤敓銆俓n\n琛ㄨ揪椋庢牸锛歕n鍍忔噦鍖诲鐨勬湅鍙嬩竴鏍疯璇濄�傚厛鎺ヤ綇鐢ㄦ埛鐨勪笉鑸掓湇锛屽啀鎶婄煡璇嗗簱閲屾渶閲嶈鐨勬敞鎰忕偣璁叉垚鍙墽琛岀殑灏忓缓璁紝鏈�鍚庤交杞绘彁閱掑嵄闄╀俊鍙枫�備笉瑕佸悡浜猴紝涓嶈鐩存帴涓嬭瘖鏂�俓n\n褰撳墠闂鏄敮涓�涓荤嚎锛氬繀椤诲厛鍥炵瓟鈥滃綋鍓嶉棶棰樷�濓紝涓嶈琚巻鍙插璇濇垨涓嶇浉鍏宠祫鏂欏甫'
鎶ラ敊鍘熷洜: ConnectionError: HTTPSConnectionPool(host='api.deepseek.com', port=443): Read timed out.
Traceback:
Traceback (most recent call last):
  File "D:\an1\Lib\site-packages\urllib3\response.py", line 903, in _error_catcher
    yield
  File "D:\an1\Lib\site-packages\urllib3\response.py", line 1418, in read_chunked
    self._update_chunk_length()
  File "D:\an1\Lib\site-packages\urllib3\response.py", line 1333, in _update_chunk_length
    line = self._fp.fp.readline()  # type: ignore[union-attr]
           ^^^^^^^^^^^^^^^^^^^^^^
  File "D:\an1\Lib\socket.py", line 720, in readinto
    return self._sock.recv_into(b)
           ^^^^^^^^^^^^^^^^^^^^^^^
  File "D:\an1\Lib\ssl.py", line 1251, in recv_into
    return self.read(nbytes, buffer)
           ^^^^^^^^^^^^^^^^^^^^^^^^^
  File "D:\an1\Lib\ssl.py", line 1103, in read
    return self._sslobj.read(len, buffer)
           ^^^^^^^^^^^^^^^^^^^^^^^^^^^^^^
TimeoutError: The read operation timed out

The above exception was the direct cause of the following exception:

Traceback (most recent call last):
  File "D:\an1\Lib\site-packages\requests\models.py", line 822, in generate
    yield from self.raw.stream(chunk_size, decode_content=True)
  File "D:\an1\Lib\site-packages\urllib3\response.py", line 1250, in stream
    yield from self.read_chunked(amt, decode_content=decode_content)
  File "D:\an1\Lib\site-packages\urllib3\response.py", line 1397, in read_chunked
    with self._error_catcher():
         ^^^^^^^^^^^^^^^^^^^^^
  File "D:\an1\Lib\contextlib.py", line 158, in __exit__
    self.gen.throw(value)
  File "D:\an1\Lib\site-packages\urllib3\response.py", line 908, in _error_catcher
    raise ReadTimeoutError(self._pool, None, "Read timed out.") from e  # type: ignore[arg-type]
    ^^^^^^^^^^^^^^^^^^^^^^^^^^^^^^^^^^^^^^^^^^^^^^^^^^^^^^^^^^^^^^^^^^
urllib3.exceptions.ReadTimeoutError: HTTPSConnectionPool(host='api.deepseek.com', port=443): Read timed out.

During handling of the above exception, another exception occurred:

Traceback (most recent call last):
  File "C:\Users\freedom\Desktop\澶氳鑹茶亰澶╂満鍣ㄤ汉\app\core\rag.py", line 553, in _quick_llm
    response = requests.post(
               ^^^^^^^^^^^^^^
  File "D:\an1\Lib\site-packages\requests\api.py", line 115, in post
    return request("post", url, data=data, json=json, **kwargs)
           ^^^^^^^^^^^^^^^^^^^^^^^^^^^^^^^^^^^^^^^^^^^^^^^^^^^^
  File "D:\an1\Lib\site-packages\requests\api.py", line 59, in request
    return session.request(method=method, url=url, **kwargs)
           ^^^^^^^^^^^^^^^^^^^^^^^^^^^^^^^^^^^^^^^^^^^^^^^^^
  File "D:\an1\Lib\site-packages\requests\sessions.py", line 592, in request
    resp = self.send(prep, **send_kwargs)
           ^^^^^^^^^^^^^^^^^^^^^^^^^^^^^^
  File "D:\an1\Lib\site-packages\requests\sessions.py", line 749, in send
    r.content
  File "D:\an1\Lib\site-packages\requests\models.py", line 904, in content
    self._content = b"".join(self.iter_content(CONTENT_CHUNK_SIZE)) or b""
                    ^^^^^^^^^^^^^^^^^^^^^^^^^^^^^^^^^^^^^^^^^^^^^^^
  File "D:\an1\Lib\site-packages\requests\models.py", line 828, in generate
    raise ConnectionError(e)
requests.exceptions.ConnectionError: HTTPSConnectionPool(host='api.deepseek.com', port=443): Read timed out.

2026-05-12 11:23:14 | INFO     | root | logging.py:63 | setup_logging() | 鏃ュ織绯荤粺鍒濆鍖栧畬鎴愶紝鏃ュ織鏂囦欢: logs\app.log, 閿欒鏃ュ織: logs\error.log
2026-05-12 11:23:14 | WARNING  | py.warnings | warnings.py:112 | _showwarnmsg() | C:\Users\freedom\Desktop\澶氳鑹茶亰澶╂満鍣ㄤ汉\main.py:65: DeprecationWarning: 
        on_event is deprecated, use lifespan event handlers instead.

        Read more about it in the
        [FastAPI docs for Lifespan Events](https://fastapi.tiangolo.com/advanced/events/).
        
  @app.on_event("startup")

2026-05-12 11:23:14 | INFO     | root | logging.py:63 | setup_logging() | 鏃ュ織绯荤粺鍒濆鍖栧畬鎴愶紝鏃ュ織鏂囦欢: logs\app.log, 閿欒鏃ュ織: logs\error.log
2026-05-12 11:23:14 | WARNING  | py.warnings | warnings.py:112 | _showwarnmsg() | C:\Users\freedom\Desktop\澶氳鑹茶亰澶╂満鍣ㄤ汉\.venv\Lib\site-packages\fastapi\applications.py:4547: DeprecationWarning: 
        on_event is deprecated, use lifespan event handlers instead.

        Read more about it in the
        [FastAPI docs for Lifespan Events](https://fastapi.tiangolo.com/advanced/events/).
        
  return self.router.on_event(event_type)

2026-05-12 11:23:14 | INFO     | httpx | _client.py:1013 | _send_single_request() | HTTP Request: POST http://testserver/api/chat/stream "HTTP/1.1 200 OK"
2026-05-12 11:23:14 | INFO     | httpx | _client.py:1013 | _send_single_request() | HTTP Request: POST http://testserver/api/chat "HTTP/1.1 307 Temporary Redirect"
2026-05-12 11:23:14 | ERROR    | main | logging.py:75 | log_exception() | 鏈崟鑾疯姹傚紓甯�: method=POST path=/api/chat/ client=testclient
鎶ラ敊鍘熷洜: AttributeError: module 'app.api.chat' has no attribute 'ChatResult'
Traceback:
Traceback (most recent call last):
  File "C:\Users\freedom\Desktop\澶氳鑹茶亰澶╂満鍣ㄤ汉\.venv\Lib\site-packages\anyio\streams\memory.py", line 98, in receive
    return self.receive_nowait()
           ^^^^^^^^^^^^^^^^^^^^^
  File "C:\Users\freedom\Desktop\澶氳鑹茶亰澶╂満鍣ㄤ汉\.venv\Lib\site-packages\anyio\streams\memory.py", line 93, in receive_nowait
    raise WouldBlock
anyio.WouldBlock

During handling of the above exception, another exception occurred:

Traceback (most recent call last):
  File "C:\Users\freedom\Desktop\澶氳鑹茶亰澶╂満鍣ㄤ汉\.venv\Lib\site-packages\starlette\middleware\base.py", line 78, in call_next
    message = await recv_stream.receive()
              ^^^^^^^^^^^^^^^^^^^^^^^^^^^
  File "C:\Users\freedom\Desktop\澶氳鑹茶亰澶╂満鍣ㄤ汉\.venv\Lib\site-packages\anyio\streams\memory.py", line 118, in receive
    raise EndOfStream
anyio.EndOfStream

During handling of the above exception, another exception occurred:

Traceback (most recent call last):
  File "C:\Users\freedom\Desktop\澶氳鑹茶亰澶╂満鍣ㄤ汉\main.py", line 52, in log_unhandled_exceptions
    return await call_next(request)
           ^^^^^^^^^^^^^^^^^^^^^^^^
  File "C:\Users\freedom\Desktop\澶氳鑹茶亰澶╂満鍣ㄤ汉\.venv\Lib\site-packages\starlette\middleware\base.py", line 84, in call_next
    raise app_exc
  File "C:\Users\freedom\Desktop\澶氳鑹茶亰澶╂満鍣ㄤ汉\.venv\Lib\site-packages\starlette\middleware\base.py", line 70, in coro
    await self.app(scope, receive_or_disconnect, send_no_error)
  File "C:\Users\freedom\Desktop\澶氳鑹茶亰澶╂満鍣ㄤ汉\.venv\Lib\site-packages\starlette\middleware\cors.py", line 83, in __call__
    await self.app(scope, receive, send)
  File "C:\Users\freedom\Desktop\澶氳鑹茶亰澶╂満鍣ㄤ汉\.venv\Lib\site-packages\starlette\middleware\exceptions.py", line 79, in __call__
    raise exc
  File "C:\Users\freedom\Desktop\澶氳鑹茶亰澶╂満鍣ㄤ汉\.venv\Lib\site-packages\starlette\middleware\exceptions.py", line 68, in __call__
    await self.app(scope, receive, sender)
  File "C:\Users\freedom\Desktop\澶氳鑹茶亰澶╂満鍣ㄤ汉\.venv\Lib\site-packages\fastapi\middleware\asyncexitstack.py", line 20, in __call__
    raise e
  File "C:\Users\freedom\Desktop\澶氳鑹茶亰澶╂満鍣ㄤ汉\.venv\Lib\site-packages\fastapi\middleware\asyncexitstack.py", line 17, in __call__
    await self.app(scope, receive, send)
  File "C:\Users\freedom\Desktop\澶氳鑹茶亰澶╂満鍣ㄤ汉\.venv\Lib\site-packages\starlette\routing.py", line 718, in __call__
    await route.handle(scope, receive, send)
  File "C:\Users\freedom\Desktop\澶氳鑹茶亰澶╂満鍣ㄤ汉\.venv\Lib\site-packages\starlette\routing.py", line 276, in handle
    await self.app(scope, receive, send)
  File "C:\Users\freedom\Desktop\澶氳鑹茶亰澶╂満鍣ㄤ汉\.venv\Lib\site-packages\starlette\routing.py", line 66, in app
    response = await func(request)
               ^^^^^^^^^^^^^^^^^^^
  File "C:\Users\freedom\Desktop\澶氳鑹茶亰澶╂満鍣ㄤ汉\.venv\Lib\site-packages\fastapi\routing.py", line 274, in app
    raw_response = await run_endpoint_function(
                   ^^^^^^^^^^^^^^^^^^^^^^^^^^^^
  File "C:\Users\freedom\Desktop\澶氳鑹茶亰澶╂満鍣ㄤ汉\.venv\Lib\site-packages\fastapi\routing.py", line 191, in run_endpoint_function
    return await dependant.call(**values)
           ^^^^^^^^^^^^^^^^^^^^^^^^^^^^^^
  File "C:\Users\freedom\Desktop\澶氳鑹茶亰澶╂満鍣ㄤ汉\app\api\chat.py", line 209, in chat
    result = await run_in_threadpool(_run_chat_sync, request)
             ^^^^^^^^^^^^^^^^^^^^^^^^^^^^^^^^^^^^^^^^^^^^^^^^
  File "C:\Users\freedom\Desktop\澶氳鑹茶亰澶╂満鍣ㄤ汉\.venv\Lib\site-packages\starlette\concurrency.py", line 41, in run_in_threadpool
    return await anyio.to_thread.run_sync(func, *args)
           ^^^^^^^^^^^^^^^^^^^^^^^^^^^^^^^^^^^^^^^^^^^
  File "C:\Users\freedom\Desktop\澶氳鑹茶亰澶╂満鍣ㄤ汉\.venv\Lib\site-packages\anyio\to_thread.py", line 33, in run_sync
    return await get_asynclib().run_sync_in_worker_thread(
           ^^^^^^^^^^^^^^^^^^^^^^^^^^^^^^^^^^^^^^^^^^^^^^^
  File "C:\Users\freedom\Desktop\澶氳鑹茶亰澶╂満鍣ㄤ汉\.venv\Lib\site-packages\anyio\_backends\_asyncio.py", line 877, in run_sync_in_worker_thread
    return await future
           ^^^^^^^^^^^^
  File "C:\Users\freedom\Desktop\澶氳鑹茶亰澶╂満鍣ㄤ汉\.venv\Lib\site-packages\anyio\_backends\_asyncio.py", line 807, in run
    result = context.run(func, *args)
             ^^^^^^^^^^^^^^^^^^^^^^^^
  File "<string>", line 1, in <lambda>
AttributeError: module 'app.api.chat' has no attribute 'ChatResult'. Did you mean: 'ChatRequest'?

2026-05-12 11:23:14 | INFO     | httpx | _client.py:1013 | _send_single_request() | HTTP Request: POST http://testserver/api/chat/stream "HTTP/1.1 200 OK"
2026-05-12 11:23:14 | INFO     | httpx | _client.py:1013 | _send_single_request() | HTTP Request: POST http://testserver/api/chat "HTTP/1.1 307 Temporary Redirect"
2026-05-12 11:23:14 | ERROR    | main | logging.py:75 | log_exception() | 鏈崟鑾疯姹傚紓甯�: method=POST path=/api/chat/ client=testclient
鎶ラ敊鍘熷洜: AttributeError: module 'app.api.chat' has no attribute 'ChatResult'
Traceback:
Traceback (most recent call last):
  File "C:\Users\freedom\Desktop\澶氳鑹茶亰澶╂満鍣ㄤ汉\.venv\Lib\site-packages\anyio\streams\memory.py", line 98, in receive
    return self.receive_nowait()
           ^^^^^^^^^^^^^^^^^^^^^
  File "C:\Users\freedom\Desktop\澶氳鑹茶亰澶╂満鍣ㄤ汉\.venv\Lib\site-packages\anyio\streams\memory.py", line 93, in receive_nowait
    raise WouldBlock
anyio.WouldBlock

During handling of the above exception, another exception occurred:

Traceback (most recent call last):
  File "C:\Users\freedom\Desktop\澶氳鑹茶亰澶╂満鍣ㄤ汉\.venv\Lib\site-packages\starlette\middleware\base.py", line 78, in call_next
    message = await recv_stream.receive()
              ^^^^^^^^^^^^^^^^^^^^^^^^^^^
  File "C:\Users\freedom\Desktop\澶氳鑹茶亰澶╂満鍣ㄤ汉\.venv\Lib\site-packages\anyio\streams\memory.py", line 118, in receive
    raise EndOfStream
anyio.EndOfStream

During handling of the above exception, another exception occurred:

Traceback (most recent call last):
  File "C:\Users\freedom\Desktop\澶氳鑹茶亰澶╂満鍣ㄤ汉\main.py", line 52, in log_unhandled_exceptions
    return await call_next(request)
           ^^^^^^^^^^^^^^^^^^^^^^^^
  File "C:\Users\freedom\Desktop\澶氳鑹茶亰澶╂満鍣ㄤ汉\.venv\Lib\site-packages\starlette\middleware\base.py", line 84, in call_next
    raise app_exc
  File "C:\Users\freedom\Desktop\澶氳鑹茶亰澶╂満鍣ㄤ汉\.venv\Lib\site-packages\starlette\middleware\base.py", line 70, in coro
    await self.app(scope, receive_or_disconnect, send_no_error)
  File "C:\Users\freedom\Desktop\澶氳鑹茶亰澶╂満鍣ㄤ汉\.venv\Lib\site-packages\starlette\middleware\cors.py", line 83, in __call__
    await self.app(scope, receive, send)
  File "C:\Users\freedom\Desktop\澶氳鑹茶亰澶╂満鍣ㄤ汉\.venv\Lib\site-packages\starlette\middleware\exceptions.py", line 79, in __call__
    raise exc
  File "C:\Users\freedom\Desktop\澶氳鑹茶亰澶╂満鍣ㄤ汉\.venv\Lib\site-packages\starlette\middleware\exceptions.py", line 68, in __call__
    await self.app(scope, receive, sender)
  File "C:\Users\freedom\Desktop\澶氳鑹茶亰澶╂満鍣ㄤ汉\.venv\Lib\site-packages\fastapi\middleware\asyncexitstack.py", line 20, in __call__
    raise e
  File "C:\Users\freedom\Desktop\澶氳鑹茶亰澶╂満鍣ㄤ汉\.venv\Lib\site-packages\fastapi\middleware\asyncexitstack.py", line 17, in __call__
    await self.app(scope, receive, send)
  File "C:\Users\freedom\Desktop\澶氳鑹茶亰澶╂満鍣ㄤ汉\.venv\Lib\site-packages\starlette\routing.py", line 718, in __call__
    await route.handle(scope, receive, send)
  File "C:\Users\freedom\Desktop\澶氳鑹茶亰澶╂満鍣ㄤ汉\.venv\Lib\site-packages\starlette\routing.py", line 276, in handle
    await self.app(scope, receive, send)
  File "C:\Users\freedom\Desktop\澶氳鑹茶亰澶╂満鍣ㄤ汉\.venv\Lib\site-packages\starlette\routing.py", line 66, in app
    response = await func(request)
               ^^^^^^^^^^^^^^^^^^^
  File "C:\Users\freedom\Desktop\澶氳鑹茶亰澶╂満鍣ㄤ汉\.venv\Lib\site-packages\fastapi\routing.py", line 274, in app
    raw_response = await run_endpoint_function(
                   ^^^^^^^^^^^^^^^^^^^^^^^^^^^^
  File "C:\Users\freedom\Desktop\澶氳鑹茶亰澶╂満鍣ㄤ汉\.venv\Lib\site-packages\fastapi\routing.py", line 191, in run_endpoint_function
    return await dependant.call(**values)
           ^^^^^^^^^^^^^^^^^^^^^^^^^^^^^^
  File "C:\Users\freedom\Desktop\澶氳鑹茶亰澶╂満鍣ㄤ汉\app\api\chat.py", line 209, in chat
    result = await run_in_threadpool(_run_chat_sync, request)
             ^^^^^^^^^^^^^^^^^^^^^^^^^^^^^^^^^^^^^^^^^^^^^^^^
  File "C:\Users\freedom\Desktop\澶氳鑹茶亰澶╂満鍣ㄤ汉\.venv\Lib\site-packages\starlette\concurrency.py", line 41, in run_in_threadpool
    return await anyio.to_thread.run_sync(func, *args)
           ^^^^^^^^^^^^^^^^^^^^^^^^^^^^^^^^^^^^^^^^^^^
  File "C:\Users\freedom\Desktop\澶氳鑹茶亰澶╂満鍣ㄤ汉\.venv\Lib\site-packages\anyio\to_thread.py", line 33, in run_sync
    return await get_asynclib().run_sync_in_worker_thread(
           ^^^^^^^^^^^^^^^^^^^^^^^^^^^^^^^^^^^^^^^^^^^^^^^
  File "C:\Users\freedom\Desktop\澶氳鑹茶亰澶╂満鍣ㄤ汉\.venv\Lib\site-packages\anyio\_backends\_asyncio.py", line 877, in run_sync_in_worker_thread
    return await future
           ^^^^^^^^^^^^
  File "C:\Users\freedom\Desktop\澶氳鑹茶亰澶╂満鍣ㄤ汉\.venv\Lib\site-packages\anyio\_backends\_asyncio.py", line 807, in run
    result = context.run(func, *args)
             ^^^^^^^^^^^^^^^^^^^^^^^^
  File "C:\Users\freedom\Desktop\澶氳鑹茶亰澶╂満鍣ㄤ汉\tests\test_api.py", line 277, in fake_run_chat_sync
    return chat_api.ChatResult(response="鎺у埗鍙傛暟宸茬敓鏁�", conversation_id=456)
           ^^^^^^^^^^^^^^^^^^^
AttributeError: module 'app.api.chat' has no attribute 'ChatResult'. Did you mean: 'ChatRequest'?

2026-05-12 11:23:52 | INFO     | root | logging.py:63 | setup_logging() | 鏃ュ織绯荤粺鍒濆鍖栧畬鎴愶紝鏃ュ織鏂囦欢: logs\app.log, 閿欒鏃ュ織: logs\error.log
2026-05-12 11:23:52 | INFO     | root | logging.py:63 | setup_logging() | 鏃ュ織绯荤粺鍒濆鍖栧畬鎴愶紝鏃ュ織鏂囦欢: logs\app.log, 閿欒鏃ュ織: logs\error.log
2026-05-12 11:23:52 | WARNING  | py.warnings | warnings.py:112 | _showwarnmsg() | C:\Users\freedom\Desktop\澶氳鑹茶亰澶╂満鍣ㄤ汉\main.py:65: DeprecationWarning: 
        on_event is deprecated, use lifespan event handlers instead.

        Read more about it in the
        [FastAPI docs for Lifespan Events](https://fastapi.tiangolo.com/advanced/events/).
        
  @app.on_event("startup")

2026-05-12 11:23:52 | WARNING  | py.warnings | warnings.py:112 | _showwarnmsg() | C:\Users\freedom\Desktop\澶氳鑹茶亰澶╂満鍣ㄤ汉\.venv\Lib\site-packages\fastapi\applications.py:4547: DeprecationWarning: 
        on_event is deprecated, use lifespan event handlers instead.

        Read more about it in the
        [FastAPI docs for Lifespan Events](https://fastapi.tiangolo.com/advanced/events/).
        
  return self.router.on_event(event_type)

2026-05-12 11:23:52 | INFO     | httpx | _client.py:1013 | _send_single_request() | HTTP Request: POST http://testserver/api/chat/stream "HTTP/1.1 200 OK"
2026-05-12 11:23:52 | INFO     | httpx | _client.py:1013 | _send_single_request() | HTTP Request: POST http://testserver/api/chat "HTTP/1.1 307 Temporary Redirect"
2026-05-12 11:23:52 | INFO     | httpx | _client.py:1013 | _send_single_request() | HTTP Request: POST http://testserver/api/chat/ "HTTP/1.1 200 OK"
2026-05-12 11:24:33 | INFO     | root | logging.py:63 | setup_logging() | 鏃ュ織绯荤粺鍒濆鍖栧畬鎴愶紝鏃ュ織鏂囦欢: logs\app.log, 閿欒鏃ュ織: logs\error.log
2026-05-12 11:24:33 | INFO     | uvicorn.error | server.py:76 | serve() | Started server process [35984]
2026-05-12 11:24:33 | INFO     | uvicorn.error | on.py:46 | startup() | Waiting for application startup.
2026-05-12 11:24:33 | INFO     | main | main.py:68 | startup_event() | 搴旂敤鍚姩鍒濆鍖栧紑濮�
2026-05-12 11:24:36 | INFO     | app.core.rag | rag.py:197 | init_embedding_model() | 鍚戦噺鍖栨ā鍨嬪垵濮嬪寲鎴愬姛
2026-05-12 11:24:36 | INFO     | app.core.rag | rag.py:235 | init_knowledge_base() | 鐭ヨ瘑搴撳姞杞藉畬鎴愶紝鍏� 0 鏉�
2026-05-12 11:24:36 | INFO     | main | main.py:81 | startup_event() | 鏁版嵁搴撹〃妫�鏌ュ畬鎴�
2026-05-12 11:24:36 | INFO     | main | main.py:84 | startup_event() | 搴旂敤鍚姩鍒濆鍖栧畬鎴�
2026-05-12 11:24:36 | INFO     | uvicorn.error | on.py:60 | startup() | Application startup complete.
2026-05-12 11:24:36 | INFO     | uvicorn.error | server.py:218 | _log_started_message() | Uvicorn running on http://127.0.0.1:8080 (Press CTRL+C to quit)
2026-05-12 11:24:56 | INFO     | uvicorn.access | httptools_impl.py:496 | send() | 127.0.0.1:52620 - "GET /health HTTP/1.1" 200
2026-05-12 11:25:56 | INFO     | root | logging.py:63 | setup_logging() | 鏃ュ織绯荤粺鍒濆鍖栧畬鎴愶紝鏃ュ織鏂囦欢: logs\app.log, 閿欒鏃ュ織: logs\error.log
2026-05-12 11:25:56 | WARNING  | py.warnings | warnings.py:112 | _showwarnmsg() | C:\Users\freedom\Desktop\澶氳鑹茶亰澶╂満鍣ㄤ汉\main.py:65: DeprecationWarning: 
        on_event is deprecated, use lifespan event handlers instead.

        Read more about it in the
        [FastAPI docs for Lifespan Events](https://fastapi.tiangolo.com/advanced/events/).
        
  @app.on_event("startup")

2026-05-12 11:25:56 | INFO     | __main__ | main.py:68 | startup_event() | 搴旂敤鍚姩鍒濆鍖栧紑濮�
2026-05-12 11:25:59 | INFO     | app.core.rag | rag.py:197 | init_embedding_model() | 鍚戦噺鍖栨ā鍨嬪垵濮嬪寲鎴愬姛
2026-05-12 11:25:59 | INFO     | app.core.rag | rag.py:235 | init_knowledge_base() | 鐭ヨ瘑搴撳姞杞藉畬鎴愶紝鍏� 0 鏉�
2026-05-12 11:25:59 | INFO     | __main__ | main.py:81 | startup_event() | 鏁版嵁搴撹〃妫�鏌ュ畬鎴�
2026-05-12 11:25:59 | INFO     | __main__ | main.py:84 | startup_event() | 搴旂敤鍚姩鍒濆鍖栧畬鎴�
2026-05-12 11:26:19 | WARNING  | app.core.chat_context | chat_context.py:150 | _build_response_context() | 鐭ヨ瘑搴撴绱㈡棤缁撴灉 | user_id=8 | role_id=1 | query=鎴戣倸瀛愪笉鑸掓湇搴旇鎬庝箞鍔�
2026-05-12 11:26:53 | INFO     | uvicorn.access | httptools_impl.py:496 | send() | 127.0.0.1:50367 - "GET /health HTTP/1.1" 200
2026-05-12 13:48:35 | INFO     | root | logging.py:63 | setup_logging() | 鏃ュ織绯荤粺鍒濆鍖栧畬鎴愶紝鏃ュ織鏂囦欢: logs\app.log, 閿欒鏃ュ織: logs\error.log
2026-05-12 13:48:35 | WARNING  | py.warnings | warnings.py:112 | _showwarnmsg() | C:\Users\freedom\Desktop\澶氳鑹茶亰澶╂満鍣ㄤ汉\main.py:65: DeprecationWarning: 
        on_event is deprecated, use lifespan event handlers instead.

        Read more about it in the
        [FastAPI docs for Lifespan Events](https://fastapi.tiangolo.com/advanced/events/).
        
  @app.on_event("startup")

2026-05-12 13:48:35 | INFO     | __main__ | main.py:68 | startup_event() | 搴旂敤鍚姩鍒濆鍖栧紑濮�
2026-05-12 13:48:40 | INFO     | app.core.rag | rag.py:197 | init_embedding_model() | 鍚戦噺鍖栨ā鍨嬪垵濮嬪寲鎴愬姛
2026-05-12 13:48:40 | INFO     | app.core.rag | rag.py:235 | init_knowledge_base() | 鐭ヨ瘑搴撳姞杞藉畬鎴愶紝鍏� 0 鏉�
2026-05-12 13:48:40 | INFO     | __main__ | main.py:81 | startup_event() | 鏁版嵁搴撹〃妫�鏌ュ畬鎴�
2026-05-12 13:48:40 | INFO     | __main__ | main.py:84 | startup_event() | 搴旂敤鍚姩鍒濆鍖栧畬鎴�
2026-05-12 14:25:20 | INFO     | root | logging.py:63 | setup_logging() | 鏃ュ織绯荤粺鍒濆鍖栧畬鎴愶紝鏃ュ織鏂囦欢: logs\app.log, 閿欒鏃ュ織: logs\error.log
2026-05-12 14:25:20 | INFO     | uvicorn.error | server.py:76 | serve() | Started server process [17876]
2026-05-12 14:25:20 | INFO     | uvicorn.error | on.py:46 | startup() | Waiting for application startup.
2026-05-12 14:25:20 | INFO     | main | main.py:68 | startup_event() | 搴旂敤鍚姩鍒濆鍖栧紑濮�
2026-05-12 14:25:25 | INFO     | app.core.rag | rag.py:197 | init_embedding_model() | 鍚戦噺鍖栨ā鍨嬪垵濮嬪寲鎴愬姛
2026-05-12 14:25:26 | INFO     | app.core.rag | rag.py:235 | init_knowledge_base() | 鐭ヨ瘑搴撳姞杞藉畬鎴愶紝鍏� 0 鏉�
2026-05-12 14:25:26 | INFO     | mysql.connector | __init__.py:151 | get_auth_plugin() | package: mysql.connector.plugins
2026-05-12 14:25:26 | INFO     | mysql.connector | __init__.py:152 | get_auth_plugin() | plugin_name: caching_sha2_password
2026-05-12 14:25:26 | INFO     | mysql.connector | __init__.py:156 | get_auth_plugin() | AUTHENTICATION_PLUGIN_CLASS: MySQLCachingSHA2PasswordAuthPlugin
2026-05-12 14:25:26 | INFO     | mysql.connector | __init__.py:151 | get_auth_plugin() | package: mysql.connector.plugins
2026-05-12 14:25:26 | INFO     | mysql.connector | __init__.py:152 | get_auth_plugin() | plugin_name: mysql_native_password
2026-05-12 14:25:26 | INFO     | mysql.connector | __init__.py:156 | get_auth_plugin() | AUTHENTICATION_PLUGIN_CLASS: MySQLNativePasswordAuthPlugin
2026-05-12 14:26:35 | INFO     | root | logging.py:63 | setup_logging() | 鏃ュ織绯荤粺鍒濆鍖栧畬鎴愶紝鏃ュ織鏂囦欢: logs\app.log, 閿欒鏃ュ織: logs\error.log
2026-05-12 14:26:36 | INFO     | root | logging.py:63 | setup_logging() | 鏃ュ織绯荤粺鍒濆鍖栧畬鎴愶紝鏃ュ織鏂囦欢: logs\app.log, 閿欒鏃ュ織: logs\error.log
2026-05-12 14:26:36 | INFO     | uvicorn.error | server.py:76 | serve() | Started server process [6920]
2026-05-12 14:26:36 | INFO     | uvicorn.error | on.py:46 | startup() | Waiting for application startup.
2026-05-12 14:26:36 | INFO     | main | main.py:68 | startup_event() | 搴旂敤鍚姩鍒濆鍖栧紑濮�
2026-05-12 14:26:41 | INFO     | app.core.rag | rag.py:235 | init_knowledge_base() | 鐭ヨ瘑搴撳姞杞藉畬鎴愶紝鍏� 0 鏉�
2026-05-12 14:26:41 | INFO     | mysql.connector | __init__.py:151 | get_auth_plugin() | package: mysql.connector.plugins
2026-05-12 14:26:41 | INFO     | mysql.connector | __init__.py:152 | get_auth_plugin() | plugin_name: caching_sha2_password
2026-05-12 14:26:41 | INFO     | mysql.connector | __init__.py:156 | get_auth_plugin() | AUTHENTICATION_PLUGIN_CLASS: MySQLCachingSHA2PasswordAuthPlugin
2026-05-12 14:26:41 | INFO     | mysql.connector | __init__.py:151 | get_auth_plugin() | package: mysql.connector.plugins
2026-05-12 14:26:41 | INFO     | mysql.connector | __init__.py:152 | get_auth_plugin() | plugin_name: mysql_native_password
2026-05-12 14:26:41 | INFO     | mysql.connector | __init__.py:156 | get_auth_plugin() | AUTHENTICATION_PLUGIN_CLASS: MySQLNativePasswordAuthPlugin
2026-05-12 14:29:39 | INFO     | root | logging.py:63 | setup_logging() | 鏃ュ織绯荤粺鍒濆鍖栧畬鎴愶紝鏃ュ織鏂囦欢: logs\app.log, 閿欒鏃ュ織: logs\error.log
2026-05-12 14:35:27 | INFO     | root | logging.py:63 | setup_logging() | 鏃ュ織绯荤粺鍒濆鍖栧畬鎴愶紝鏃ュ織鏂囦欢: logs\app.log, 閿欒鏃ュ織: logs\error.log
2026-05-12 14:35:27 | WARNING  | py.warnings | warnings.py:112 | _showwarnmsg() | C:\Users\freedom\Desktop\澶氳鑹茶亰澶╂満鍣ㄤ汉\main.py:65: DeprecationWarning: 
        on_event is deprecated, use lifespan event handlers instead.

        Read more about it in the
        [FastAPI docs for Lifespan Events](https://fastapi.tiangolo.com/advanced/events/).
        
  @app.on_event("startup")

2026-05-12 14:35:27 | INFO     | __main__ | main.py:68 | startup_event() | 搴旂敤鍚姩鍒濆鍖栧紑濮�
2026-05-12 14:35:30 | INFO     | root | logging.py:63 | setup_logging() | 鏃ュ織绯荤粺鍒濆鍖栧畬鎴愶紝鏃ュ織鏂囦欢: logs\app.log, 閿欒鏃ュ織: logs\error.log
2026-05-12 14:35:30 | INFO     | uvicorn.error | server.py:76 | serve() | Started server process [7580]
2026-05-12 14:35:30 | INFO     | uvicorn.error | on.py:46 | startup() | Waiting for application startup.
2026-05-12 14:35:30 | INFO     | main | main.py:68 | startup_event() | 搴旂敤鍚姩鍒濆鍖栧紑濮�
2026-05-12 14:35:33 | INFO     | app.core.rag | rag.py:197 | init_embedding_model() | 鍚戦噺鍖栨ā鍨嬪垵濮嬪寲鎴愬姛
2026-05-12 14:35:34 | INFO     | app.core.rag | rag.py:235 | init_knowledge_base() | 鐭ヨ瘑搴撳姞杞藉畬鎴愶紝鍏� 0 鏉�
2026-05-12 14:35:34 | INFO     | __main__ | main.py:80 | startup_event() | 鏁版嵁搴撳垵濮嬪寲寮�濮�
2026-05-12 14:35:34 | INFO     | mysql.connector | __init__.py:149 | get_auth_plugin() | package: mysql.connector.plugins
2026-05-12 14:35:34 | INFO     | mysql.connector | __init__.py:150 | get_auth_plugin() | plugin_name: caching_sha2_password
2026-05-12 14:35:34 | INFO     | mysql.connector | __init__.py:154 | get_auth_plugin() | AUTHENTICATION_PLUGIN_CLASS: MySQLCachingSHA2PasswordAuthPlugin
2026-05-12 14:35:34 | INFO     | mysql.connector | __init__.py:149 | get_auth_plugin() | package: mysql.connector.plugins
2026-05-12 14:35:34 | INFO     | mysql.connector | __init__.py:150 | get_auth_plugin() | plugin_name: mysql_native_password
2026-05-12 14:35:34 | INFO     | mysql.connector | __init__.py:154 | get_auth_plugin() | AUTHENTICATION_PLUGIN_CLASS: MySQLNativePasswordAuthPlugin
2026-05-12 14:35:34 | INFO     | __main__ | main.py:82 | startup_event() | 鏁版嵁搴撹〃妫�鏌ュ畬鎴�
2026-05-12 14:35:34 | INFO     | __main__ | main.py:85 | startup_event() | 搴旂敤鍚姩鍒濆鍖栧畬鎴�
2026-05-12 14:35:37 | INFO     | app.core.rag | rag.py:197 | init_embedding_model() | 鍚戦噺鍖栨ā鍨嬪垵濮嬪寲鎴愬姛
2026-05-12 14:35:37 | INFO     | app.core.rag | rag.py:235 | init_knowledge_base() | 鐭ヨ瘑搴撳姞杞藉畬鎴愶紝鍏� 0 鏉�
2026-05-12 14:35:38 | INFO     | main | main.py:81 | startup_event() | 鏁版嵁搴撹〃妫�鏌ュ畬鎴�
2026-05-12 14:35:38 | INFO     | main | main.py:84 | startup_event() | 搴旂敤鍚姩鍒濆鍖栧畬鎴�
2026-05-12 14:35:38 | INFO     | uvicorn.error | on.py:60 | startup() | Application startup complete.
2026-05-12 14:35:38 | INFO     | uvicorn.error | server.py:218 | _log_started_message() | Uvicorn running on http://127.0.0.1:8080 (Press CTRL+C to quit)
2026-05-12 14:36:44 | WARNING  | app.core.chat_context | chat_context.py:150 | _build_response_context() | 鐭ヨ瘑搴撴绱㈡棤缁撴灉 | user_id=8 | role_id=8 | query=浣犲ソ鍛�
2026-05-15 09:09:19 | INFO     | root | logging.py:63 | setup_logging() | 鏃ュ織绯荤粺鍒濆鍖栧畬鎴愶紝鏃ュ織鏂囦欢: logs\app.log, 閿欒鏃ュ織: logs\error.log
2026-05-15 09:09:20 | INFO     | uvicorn.error | server.py:92 | _serve() | Started server process [26592]
2026-05-15 09:09:20 | INFO     | uvicorn.error | on.py:48 | startup() | Waiting for application startup.
2026-05-15 09:09:20 | INFO     | main | main.py:110 | startup_event() | 搴旂敤鍚姩鍒濆鍖栧紑濮�
2026-05-15 09:09:26 | INFO     | app.core.rag | rag.py:197 | init_embedding_model() | 鍚戦噺鍖栨ā鍨嬪垵濮嬪寲鎴愬姛
2026-05-15 09:09:31 | INFO     | main | main.py:128 | startup_event() | 鏁版嵁搴撳垵濮嬪寲寮�濮�
2026-05-15 09:09:31 | INFO     | mysql.connector | __init__.py:149 | get_auth_plugin() | package: mysql.connector.plugins
2026-05-15 09:09:31 | INFO     | mysql.connector | __init__.py:150 | get_auth_plugin() | plugin_name: caching_sha2_password
2026-05-15 09:09:31 | INFO     | mysql.connector | __init__.py:154 | get_auth_plugin() | AUTHENTICATION_PLUGIN_CLASS: MySQLCachingSHA2PasswordAuthPlugin
2026-05-15 09:09:31 | INFO     | mysql.connector | __init__.py:149 | get_auth_plugin() | package: mysql.connector.plugins
2026-05-15 09:09:31 | INFO     | mysql.connector | __init__.py:150 | get_auth_plugin() | plugin_name: mysql_native_password
2026-05-15 09:09:31 | INFO     | mysql.connector | __init__.py:154 | get_auth_plugin() | AUTHENTICATION_PLUGIN_CLASS: MySQLNativePasswordAuthPlugin
2026-05-15 09:09:31 | INFO     | main | main.py:130 | startup_event() | 鏁版嵁搴撹〃妫�鏌ュ畬鎴�
2026-05-15 09:09:31 | INFO     | main | main.py:135 | startup_event() | 搴旂敤鍚姩鍒濆鍖栧畬鎴�
2026-05-15 09:09:31 | INFO     | uvicorn.error | on.py:62 | startup() | Application startup complete.
2026-05-15 09:09:31 | INFO     | uvicorn.error | server.py:272 | shutdown() | Shutting down
2026-05-15 09:09:32 | INFO     | uvicorn.error | server.py:102 | _serve() | Finished server process [26592]
2026-05-15 09:09:32 | ERROR    | uvicorn.error | on.py:134 | send() | Traceback (most recent call last):
  File "D:\an1\Lib\asyncio\runners.py", line 194, in run
    return runner.run(main)
           ^^^^^^^^^^^^^^^^
  File "D:\an1\Lib\asyncio\runners.py", line 118, in run
    return self._loop.run_until_complete(task)
           ^^^^^^^^^^^^^^^^^^^^^^^^^^^^^^^^^^^
  File "D:\an1\Lib\asyncio\base_events.py", line 674, in run_until_complete
    self.run_forever()
  File "D:\an1\Lib\asyncio\base_events.py", line 641, in run_forever
    self._run_once()
  File "D:\an1\Lib\asyncio\base_events.py", line 1986, in _run_once
    handle._run()
  File "D:\an1\Lib\asyncio\events.py", line 88, in _run
    self._context.run(self._callback, *self._args)
  File "D:\an1\Lib\site-packages\uvicorn\server.py", line 78, in serve
    with self.capture_signals():
         ^^^^^^^^^^^^^^^^^^^^^^
  File "D:\an1\Lib\contextlib.py", line 144, in __exit__
    next(self.gen)
  File "D:\an1\Lib\site-packages\uvicorn\server.py", line 339, in capture_signals
    signal.raise_signal(captured_signal)
  File "D:\an1\Lib\asyncio\runners.py", line 157, in _on_sigint
    raise KeyboardInterrupt()
KeyboardInterrupt

During handling of the above exception, another exception occurred:

Traceback (most recent call last):
  File "D:\an1\Lib\site-packages\starlette\routing.py", line 645, in lifespan
    await receive()
  File "D:\an1\Lib\site-packages\uvicorn\lifespan\on.py", line 137, in receive
    return await self.receive_queue.get()
           ^^^^^^^^^^^^^^^^^^^^^^^^^^^^^^
  File "D:\an1\Lib\asyncio\queues.py", line 158, in get
    await getter
asyncio.exceptions.CancelledError

2026-05-15 09:10:03 | INFO     | root | logging.py:63 | setup_logging() | 鏃ュ織绯荤粺鍒濆鍖栧畬鎴愶紝鏃ュ織鏂囦欢: logs\app.log, 閿欒鏃ュ織: logs\error.log
2026-05-15 09:10:03 | INFO     | uvicorn.error | server.py:92 | _serve() | Started server process [20856]
2026-05-15 09:10:03 | INFO     | uvicorn.error | on.py:48 | startup() | Waiting for application startup.
2026-05-15 09:10:03 | INFO     | main | main.py:110 | startup_event() | 搴旂敤鍚姩鍒濆鍖栧紑濮�
2026-05-15 09:10:09 | INFO     | app.core.rag | rag.py:197 | init_embedding_model() | 鍚戦噺鍖栨ā鍨嬪垵濮嬪寲鎴愬姛
2026-05-15 09:10:10 | INFO     | main | main.py:128 | startup_event() | 鏁版嵁搴撳垵濮嬪寲寮�濮�
2026-05-15 09:10:10 | INFO     | mysql.connector | __init__.py:149 | get_auth_plugin() | package: mysql.connector.plugins
2026-05-15 09:10:10 | INFO     | mysql.connector | __init__.py:150 | get_auth_plugin() | plugin_name: caching_sha2_password
2026-05-15 09:10:10 | INFO     | mysql.connector | __init__.py:154 | get_auth_plugin() | AUTHENTICATION_PLUGIN_CLASS: MySQLCachingSHA2PasswordAuthPlugin
2026-05-15 09:10:10 | INFO     | mysql.connector | __init__.py:149 | get_auth_plugin() | package: mysql.connector.plugins
2026-05-15 09:10:10 | INFO     | mysql.connector | __init__.py:150 | get_auth_plugin() | plugin_name: mysql_native_password
2026-05-15 09:10:10 | INFO     | mysql.connector | __init__.py:154 | get_auth_plugin() | AUTHENTICATION_PLUGIN_CLASS: MySQLNativePasswordAuthPlugin
2026-05-15 09:10:10 | INFO     | main | main.py:130 | startup_event() | 鏁版嵁搴撹〃妫�鏌ュ畬鎴�
2026-05-15 09:10:10 | INFO     | main | main.py:135 | startup_event() | 搴旂敤鍚姩鍒濆鍖栧畬鎴�
2026-05-15 09:10:10 | INFO     | uvicorn.error | on.py:62 | startup() | Application startup complete.
2026-05-15 09:27:10 | INFO     | uvicorn.error | server.py:272 | shutdown() | Shutting down
2026-05-15 09:27:10 | INFO     | uvicorn.error | on.py:67 | shutdown() | Waiting for application shutdown.
2026-05-15 09:27:10 | INFO     | uvicorn.error | on.py:76 | shutdown() | Application shutdown complete.
2026-05-15 09:27:10 | INFO     | uvicorn.error | server.py:102 | _serve() | Finished server process [20856]
2026-05-15 09:28:04 | INFO     | root | logging.py:63 | setup_logging() | 鏃ュ織绯荤粺鍒濆鍖栧畬鎴愶紝鏃ュ織鏂囦欢: logs\app.log, 閿欒鏃ュ織: logs\error.log
2026-05-15 09:28:04 | INFO     | uvicorn.error | server.py:92 | _serve() | Started server process [34196]
2026-05-15 09:28:04 | INFO     | uvicorn.error | on.py:48 | startup() | Waiting for application startup.
2026-05-15 09:28:04 | INFO     | main | main.py:110 | startup_event() | 搴旂敤鍚姩鍒濆鍖栧紑濮�
2026-05-15 09:28:09 | INFO     | app.core.rag | rag.py:197 | init_embedding_model() | 鍚戦噺鍖栨ā鍨嬪垵濮嬪寲鎴愬姛
2026-05-15 09:28:10 | INFO     | main | main.py:128 | startup_event() | 鏁版嵁搴撳垵濮嬪寲寮�濮�
2026-05-15 09:28:10 | INFO     | mysql.connector | __init__.py:149 | get_auth_plugin() | package: mysql.connector.plugins
2026-05-15 09:28:10 | INFO     | mysql.connector | __init__.py:150 | get_auth_plugin() | plugin_name: caching_sha2_password
2026-05-15 09:28:10 | INFO     | mysql.connector | __init__.py:154 | get_auth_plugin() | AUTHENTICATION_PLUGIN_CLASS: MySQLCachingSHA2PasswordAuthPlugin
2026-05-15 09:28:10 | INFO     | mysql.connector | __init__.py:149 | get_auth_plugin() | package: mysql.connector.plugins
2026-05-15 09:28:10 | INFO     | mysql.connector | __init__.py:150 | get_auth_plugin() | plugin_name: mysql_native_password
2026-05-15 09:28:10 | INFO     | mysql.connector | __init__.py:154 | get_auth_plugin() | AUTHENTICATION_PLUGIN_CLASS: MySQLNativePasswordAuthPlugin
2026-05-15 09:28:10 | INFO     | main | main.py:130 | startup_event() | 鏁版嵁搴撹〃妫�鏌ュ畬鎴�
2026-05-15 09:28:10 | INFO     | main | main.py:135 | startup_event() | 搴旂敤鍚姩鍒濆鍖栧畬鎴�
2026-05-15 09:28:10 | INFO     | uvicorn.error | on.py:62 | startup() | Application startup complete.
2026-05-15 09:32:59 | INFO     | uvicorn.access | httptools_impl.py:484 | send() | 127.0.0.1:57374 - "GET / HTTP/1.1" 200
2026-05-15 09:32:59 | INFO     | uvicorn.access | httptools_impl.py:484 | send() | 127.0.0.1:57374 - "GET /api/role/list HTTP/1.1" 200
2026-05-15 09:32:59 | INFO     | uvicorn.access | httptools_impl.py:484 | send() | 127.0.0.1:50334 - "GET /favicon.ico HTTP/1.1" 200
2026-05-15 09:33:00 | INFO     | uvicorn.access | httptools_impl.py:484 | send() | 127.0.0.1:50334 - "GET /api/chat/conversations?user_id=8&role_id=1 HTTP/1.1" 200
2026-05-15 09:33:00 | INFO     | uvicorn.access | httptools_impl.py:484 | send() | 127.0.0.1:50334 - "GET /api/chat/conversations/3660/messages?user_id=8 HTTP/1.1" 200
2026-05-15 09:33:02 | INFO     | uvicorn.access | httptools_impl.py:484 | send() | 127.0.0.1:50334 - "GET /api/chat/conversations?user_id=8&role_id=4 HTTP/1.1" 200
2026-05-15 09:33:02 | INFO     | uvicorn.access | httptools_impl.py:484 | send() | 127.0.0.1:50334 - "GET /api/chat/conversations/3661/messages?user_id=8 HTTP/1.1" 200
2026-05-15 09:33:03 | INFO     | uvicorn.access | httptools_impl.py:484 | send() | 127.0.0.1:50334 - "GET /api/chat/conversations?user_id=8&role_id=6 HTTP/1.1" 200
2026-05-15 09:33:03 | INFO     | uvicorn.access | httptools_impl.py:484 | send() | 127.0.0.1:50334 - "GET /api/chat/conversations/45/messages?user_id=8 HTTP/1.1" 200
2026-05-15 09:33:03 | INFO     | uvicorn.access | httptools_impl.py:484 | send() | 127.0.0.1:50334 - "GET /api/chat/conversations?user_id=8&role_id=7 HTTP/1.1" 200
2026-05-15 09:33:03 | INFO     | uvicorn.access | httptools_impl.py:484 | send() | 127.0.0.1:50334 - "GET /api/chat/conversations?user_id=8&role_id=8 HTTP/1.1" 200
2026-05-15 09:33:03 | INFO     | uvicorn.access | httptools_impl.py:484 | send() | 127.0.0.1:50334 - "GET /api/chat/conversations/51/messages?user_id=8 HTTP/1.1" 200
2026-05-15 09:33:04 | INFO     | uvicorn.access | httptools_impl.py:484 | send() | 127.0.0.1:50334 - "GET /api/chat/conversations?user_id=8&role_id=9 HTTP/1.1" 200
2026-05-15 09:33:04 | INFO     | uvicorn.access | httptools_impl.py:484 | send() | 127.0.0.1:50334 - "GET /api/chat/conversations/3662/messages?user_id=8 HTTP/1.1" 200
2026-05-15 09:33:05 | INFO     | uvicorn.access | httptools_impl.py:484 | send() | 127.0.0.1:50334 - "GET /api/chat/conversations?user_id=8&role_id=6 HTTP/1.1" 200
2026-05-15 09:33:05 | INFO     | uvicorn.access | httptools_impl.py:484 | send() | 127.0.0.1:50334 - "GET /api/chat/conversations/45/messages?user_id=8 HTTP/1.1" 200
2026-05-15 09:33:05 | INFO     | uvicorn.access | httptools_impl.py:484 | send() | 127.0.0.1:50334 - "GET /api/chat/conversations?user_id=8&role_id=5 HTTP/1.1" 200
2026-05-15 09:33:06 | INFO     | uvicorn.access | httptools_impl.py:484 | send() | 127.0.0.1:50334 - "GET /api/chat/conversations?user_id=8&role_id=3 HTTP/1.1" 200
2026-05-29 10:46:11 | INFO     | root | logging.py:63 | setup_logging() | 鏃ュ織绯荤粺鍒濆鍖栧畬鎴愶紝鏃ュ織鏂囦欢: logs\app.log, 閿欒鏃ュ織: logs\error.log
2026-05-29 10:46:11 | WARNING  | py.warnings | warnings.py:112 | _showwarnmsg() | C:\Users\freedom\Desktop\澶氳鑹茶亰澶╂満鍣ㄤ汉\main.py:99: DeprecationWarning: 
        on_event is deprecated, use lifespan event handlers instead.

        Read more about it in the
        [FastAPI docs for Lifespan Events](https://fastapi.tiangolo.com/advanced/events/).
        
  @app.on_event("startup")  # 瑁呴グ鍣紝澹版槑鍦ㄥ簲鐢ㄥ惎鍔ㄦ椂鎵ц

2026-05-29 10:46:11 | INFO     | __main__ | main.py:110 | startup_event() | 搴旂敤鍚姩鍒濆鍖栧紑濮�
2026-05-29 10:46:20 | ERROR    | pymilvus.milvus_client.milvus_client | milvus_client.py:655 | _create_connection() | Failed to create new connection using: ab9138205039406bae2d6850a7b61311
2026-05-29 10:46:25 | ERROR    | pymilvus.milvus_client.milvus_client | milvus_client.py:655 | _create_connection() | Failed to create new connection using: 9aa56cdc9af9454db0002c13a4eba77e
2026-05-29 10:46:30 | ERROR    | pymilvus.milvus_client.milvus_client | milvus_client.py:655 | _create_connection() | Failed to create new connection using: 7e6396e24aad4c0a8164fe5541251cb4
2026-05-29 10:46:35 | ERROR    | pymilvus.milvus_client.milvus_client | milvus_client.py:655 | _create_connection() | Failed to create new connection using: 0bdc8201f3f4476daa0d749fa928a819
2026-05-29 10:46:37 | INFO     | app.core.rag | rag.py:197 | init_embedding_model() | 鍚戦噺鍖栨ā鍨嬪垵濮嬪寲鎴愬姛
2026-05-29 10:46:37 | INFO     | __main__ | main.py:128 | startup_event() | 鏁版嵁搴撳垵濮嬪寲寮�濮�
2026-05-29 10:46:37 | INFO     | mysql.connector | __init__.py:149 | get_auth_plugin() | package: mysql.connector.plugins
2026-05-29 10:46:37 | INFO     | mysql.connector | __init__.py:150 | get_auth_plugin() | plugin_name: caching_sha2_password
2026-05-29 10:46:37 | INFO     | mysql.connector | __init__.py:154 | get_auth_plugin() | AUTHENTICATION_PLUGIN_CLASS: MySQLCachingSHA2PasswordAuthPlugin
2026-05-29 10:46:37 | INFO     | mysql.connector | __init__.py:149 | get_auth_plugin() | package: mysql.connector.plugins
2026-05-29 10:46:37 | INFO     | mysql.connector | __init__.py:150 | get_auth_plugin() | plugin_name: mysql_native_password
2026-05-29 10:46:37 | INFO     | mysql.connector | __init__.py:154 | get_auth_plugin() | AUTHENTICATION_PLUGIN_CLASS: MySQLNativePasswordAuthPlugin
2026-05-29 10:46:37 | INFO     | __main__ | main.py:130 | startup_event() | 鏁版嵁搴撹〃妫�鏌ュ畬鎴�
2026-05-29 10:46:37 | INFO     | __main__ | main.py:135 | startup_event() | 搴旂敤鍚姩鍒濆鍖栧畬鎴�
2026-05-29 10:49:02 | INFO     | root | logging.py:63 | setup_logging() | 鏃ュ織绯荤粺鍒濆鍖栧畬鎴愶紝鏃ュ織鏂囦欢: logs\app.log, 閿欒鏃ュ織: logs\error.log
2026-05-29 10:49:02 | WARNING  | py.warnings | warnings.py:112 | _showwarnmsg() | C:\Users\freedom\Desktop\澶氳鑹茶亰澶╂満鍣ㄤ汉\main.py:99: DeprecationWarning: 
        on_event is deprecated, use lifespan event handlers instead.

        Read more about it in the
        [FastAPI docs for Lifespan Events](https://fastapi.tiangolo.com/advanced/events/).
        
  @app.on_event("startup")  # 瑁呴グ鍣紝澹版槑鍦ㄥ簲鐢ㄥ惎鍔ㄦ椂鎵ц

2026-05-29 10:49:02 | INFO     | __main__ | main.py:110 | startup_event() | 搴旂敤鍚姩鍒濆鍖栧紑濮�
2026-05-29 10:49:07 | INFO     | app.core.rag | rag.py:197 | init_embedding_model() | 鍚戦噺鍖栨ā鍨嬪垵濮嬪寲鎴愬姛
2026-05-29 10:49:08 | INFO     | __main__ | main.py:128 | startup_event() | 鏁版嵁搴撳垵濮嬪寲寮�濮�
2026-05-29 10:49:08 | INFO     | mysql.connector | __init__.py:149 | get_auth_plugin() | package: mysql.connector.plugins
2026-05-29 10:49:08 | INFO     | mysql.connector | __init__.py:150 | get_auth_plugin() | plugin_name: caching_sha2_password
2026-05-29 10:49:08 | INFO     | mysql.connector | __init__.py:154 | get_auth_plugin() | AUTHENTICATION_PLUGIN_CLASS: MySQLCachingSHA2PasswordAuthPlugin
2026-05-29 10:49:08 | INFO     | mysql.connector | __init__.py:149 | get_auth_plugin() | package: mysql.connector.plugins
2026-05-29 10:49:08 | INFO     | mysql.connector | __init__.py:150 | get_auth_plugin() | plugin_name: mysql_native_password
2026-05-29 10:49:08 | INFO     | mysql.connector | __init__.py:154 | get_auth_plugin() | AUTHENTICATION_PLUGIN_CLASS: MySQLNativePasswordAuthPlugin
2026-05-29 10:49:08 | INFO     | __main__ | main.py:130 | startup_event() | 鏁版嵁搴撹〃妫�鏌ュ畬鎴�
2026-05-29 10:49:08 | INFO     | __main__ | main.py:135 | startup_event() | 搴旂敤鍚姩鍒濆鍖栧畬鎴�
